0.3050667345523834,0.649124026298523,-1.607328385944129e-07,0.3862408697605133,0.5892038941383362,-0.006306961178779602,0.4229508340358734,0.5335537195205688,-0.022818999364972115,0.4483025074005127,0.4959813356399536,-0.04214682802557945,0.4585169553756714,0.47634270787239075,-0.055556848645210266,0.34180212020874023,0.4020305275917053,-0.017202166840434074,0.4244302213191986,0.3977930545806885,-0.0456119142472744,0.43377792835235596,0.4550354778766632,-0.05862622708082199,0.4226378798484802,0.4816698431968689,-0.06645230203866959,0.3253558874130249,0.41909629106521606,-0.031065408140420914,0.43037107586860657,0.4386137127876282,-0.061725031584501266,0.42918336391448975,0.5022308230400085,-0.06603100150823593,0.4114023447036743,0.5147554278373718,-0.06565973162651062,0.3223083019256592,0.45458510518074036,-0.04727628082036972,0.42228394746780396,0.4992971420288086,-0.06981075555086136,0.41283899545669556,0.5469695925712585,-0.0626351609826088,0.3879653513431549,0.548256516456604,-0.056402310729026794,0.32953861355781555,0.4983864426612854,-0.06554009020328522,0.4086560904979706,0.5418168306350708,-0.07681003957986832,0.40069907903671265,0.574791669845581,-0.07320848107337952,0.3788530230522156,0.5719375014305115,-0.07021041959524155,rock
0.30845698714256287,0.6306366920471191,-1.0633541336346752e-07,0.32004496455192566,0.5474460124969482,0.006385859567672014,0.35215088725090027,0.478463739156723,-0.006284337490797043,0.3947265148162842,0.4471893012523651,-0.021818827837705612,0.4258245527744293,0.44602474570274353,-0.034813299775123596,0.3393670320510864,0.4070735573768616,-0.030516693368554115,0.4376720190048218,0.42002585530281067,-0.050103120505809784,0.433807373046875,0.46024221181869507,-0.05462180823087692,0.4128122627735138,0.4709245562553406,-0.05802202969789505,0.3422415554523468,0.434237539768219,-0.046985115855932236,0.452197402715683,0.4646541178226471,-0.061921626329422,0.4394908547401428,0.5007252097129822,-0.055644165724515915,0.4170440137386322,0.5057126879692078,-0.053126998245716095,0.3517129719257355,0.4765152931213379,-0.06249698996543884,0.4533067047595978,0.5121610760688782,-0.07015196979045868,0.4358445107936859,0.5430759191513062,-0.057535067200660706,0.41223764419555664,0.542383074760437,-0.05210958421230316,0.36665529012680054,0.5258004665374756,-0.07851725816726685,0.4431889057159424,0.5566745400428772,-0.080030158162117,0.43044695258140564,0.5792309045791626,-0.07291412353515625,0.41087454557418823,0.574729859828949,-0.06977351754903793,rock
0.3166634142398834,0.6323484182357788,-3.342881882417714e-07,0.3035464584827423,0.5462540984153748,0.003915663808584213,0.314688116312027,0.4751124083995819,0.0010736571857705712,0.3439902365207672,0.43170928955078125,-0.0009996661683544517,0.3729040026664734,0.43529653549194336,-0.0009025402832776308,0.35821545124053955,0.4500899016857147,-0.019665919244289398,0.39553287625312805,0.4058457612991333,-0.019372155889868736,0.38558921217918396,0.42859768867492676,-0.013281799852848053,0.37029963731765747,0.44941577315330505,-0.008875949308276176,0.3920483887195587,0.48739132285118103,-0.02368239313364029,0.42221054434776306,0.4474612772464752,-0.015288637951016426,0.4102858901023865,0.4639119803905487,-0.005017200484871864,0.3956355154514313,0.4808066487312317,-0.0008853867766447365,0.4177077114582062,0.5283598303794861,-0.025194978341460228,0.4398348927497864,0.49168071150779724,-0.01686057262122631,0.4276273250579834,0.5021127462387085,-0.005613069515675306,0.4121086895465851,0.5178157687187195,-0.0017781485803425312,0.43367230892181396,0.5690836310386658,-0.025972560048103333,0.4438633620738983,0.5340178608894348,-0.018764179199934006,0.43077269196510315,0.5452320575714111,-0.0068418849259614944,0.4190352261066437,0.5614579916000366,0.0009067110368050635,rock
0.3202643096446991,0.5968611836433411,-3.01428570992357e-07,0.3385901153087616,0.5134184956550598,0.014171757735311985,0.37298357486724854,0.4747016131877899,0.013766320422291756,0.40826892852783203,0.4698309898376465,0.01143497135490179,0.4312366545200348,0.4890402555465698,0.010018227621912956,0.4210847020149231,0.44524988532066345,-0.006736341863870621,0.45564019680023193,0.4452058672904968,-0.0013296239776536822,0.445319801568985,0.47037273645401,0.006930230185389519,0.42802804708480835,0.47840675711631775,0.01234443299472332,0.44076642394065857,0.49208682775497437,-0.016350284218788147,0.47157442569732666,0.4943491220474243,-0.0037860949523746967,0.45680534839630127,0.5120477676391602,0.005236899945884943,0.4354867935180664,0.5197213292121887,0.008356794714927673,0.4507964253425598,0.5440603494644165,-0.02250741608440876,0.46721526980400085,0.5440042018890381,-0.006890235003083944,0.45202577114105225,0.5546692609786987,0.0030380613170564175,0.4321792721748352,0.5597089529037476,0.004420946817845106,0.45113879442214966,0.5922906994819641,-0.0278145931661129,0.4597473740577698,0.58748859167099,-0.01208406314253807,0.4441660940647125,0.5942057967185974,0.0011426133569329977,0.42675650119781494,0.5984629988670349,0.00844926293939352,rock
0.40029460191726685,0.6729291081428528,-2.4209930415963754e-07,0.4331096112728119,0.6025657653808594,0.01078095007687807,0.4757002592086792,0.5800006985664368,0.009092914871871471,0.510187566280365,0.5964241027832031,0.004475806839764118,0.5297903418540955,0.6294359564781189,0.0011801071232184768,0.5339596271514893,0.5693817138671875,-0.001484238775447011,0.5685622096061707,0.5891305208206177,-0.003545832820236683,0.5598633885383606,0.6124260425567627,-0.0019212465267628431,0.5429924726486206,0.6176004409790039,-0.0008882657857611775,0.5461848378181458,0.6224128007888794,-0.012458073906600475,0.5645170211791992,0.6512166261672974,-0.009583565406501293,0.546040952205658,0.666882336139679,-0.006972090341150761,0.5247038006782532,0.6638321876525879,-0.006619314197450876,0.5458691120147705,0.6770139932632446,-0.021906370297074318,0.5472893714904785,0.7050325274467468,-0.01702631451189518,0.5259864330291748,0.7102054953575134,-0.012035267427563667,0.5058623552322388,0.7006130814552307,-0.011930236592888832,0.5360561609268188,0.7272812724113464,-0.031282950192689896,0.521470308303833,0.7518507838249207,-0.02654942311346531,0.500657320022583,0.751274824142456,-0.021382054314017296,0.48429572582244873,0.7398973703384399,-0.018276818096637726,rock
0.469335675239563,0.7919385433197021,-2.0472306516694516e-07,0.5150732398033142,0.7285740375518799,0.005565029568970203,0.5700439214706421,0.7091243863105774,-0.003957744222134352,0.6142885088920593,0.72829270362854,-0.014693012461066246,0.6390875577926636,0.7629059553146362,-0.022502930834889412,0.6104526519775391,0.676996111869812,-0.02520192600786686,0.6599883437156677,0.7349651455879211,-0.0358830988407135,0.6412190198898315,0.7551940679550171,-0.035502247512340546,0.617469847202301,0.7474555969238281,-0.034377507865428925,0.6044471263885498,0.7272693514823914,-0.03825503960251808,0.6581938862800598,0.7896144390106201,-0.04505082964897156,0.6359132528305054,0.8013067245483398,-0.0402056947350502,0.6119129657745361,0.7895432114601135,-0.03794540464878082,0.5936573147773743,0.7841981053352356,-0.04923417046666145,0.6402842998504639,0.8393334150314331,-0.05165262520313263,0.615587592124939,0.8418295383453369,-0.03881753608584404,0.5934469699859619,0.8255019783973694,-0.03234068304300308,0.577100396156311,0.8393445014953613,-0.059863630682229996,0.6143344044685364,0.8780950903892517,-0.057029467076063156,0.5902646780014038,0.8740008473396301,-0.043416570872068405,0.5707752108573914,0.8559016585350037,-0.03462468460202217,rock
0.5034699440002441,0.8512014746665955,2.156038192424603e-07,0.5705291032791138,0.8113654255867004,-0.01698119193315506,0.6225331425666809,0.7824721932411194,-0.04048888012766838,0.6656031608581543,0.7882118821144104,-0.06399160623550415,0.6856725215911865,0.8085506558418274,-0.08337891101837158,0.6006276607513428,0.6426013708114624,-0.0393967442214489,0.6774278879165649,0.7133505344390869,-0.06992227584123611,0.6852261424064636,0.753093957901001,-0.08327270299196243,0.6750597953796387,0.7659124732017517,-0.09074840694665909,0.5788092613220215,0.6711951494216919,-0.04812879487872124,0.6705140471458435,0.7673032879829407,-0.07697710394859314,0.6666167974472046,0.8031814694404602,-0.07890928536653519,0.6542426943778992,0.8038508892059326,-0.07901313900947571,0.5606396198272705,0.7191512584686279,-0.05920608714222908,0.6447243094444275,0.8188389539718628,-0.08089297264814377,0.637516975402832,0.8382628560066223,-0.07412884384393692,0.6242512464523315,0.82587730884552,-0.06811127066612244,0.547029972076416,0.7779175639152527,-0.07293736934661865,0.6150435209274292,0.8540294170379639,-0.08371768146753311,0.6069188117980957,0.8601977825164795,-0.07993015646934509,0.5917946696281433,0.8430445790290833,-0.07635127753019333,rock
0.4247370958328247,0.7973310351371765,-2.7508414746080234e-07,0.4983993470668793,0.7751674056053162,-0.02262827381491661,0.5614205598831177,0.6997198462486267,-0.03422120213508606,0.5705498456954956,0.6286330223083496,-0.04430396854877472,0.5183752179145813,0.6258245706558228,-0.04844116047024727,0.504871129989624,0.5583010911941528,-0.004640207625925541,0.5564662218093872,0.567973792552948,-0.03158334642648697,0.5390213131904602,0.638902485370636,-0.049619726836681366,0.5140823125839233,0.640285313129425,-0.06269378215074539,0.4678419530391693,0.5508926510810852,-0.008463413454592228,0.5229507684707642,0.5689951777458191,-0.035673681646585464,0.5127023458480835,0.6417894959449768,-0.043662089854478836,0.49204424023628235,0.6374403238296509,-0.04587327316403389,0.4364171028137207,0.5663306713104248,-0.017238982021808624,0.4908416271209717,0.5926380753517151,-0.04222323000431061,0.4861176609992981,0.6558547616004944,-0.036729395389556885,0.4621022343635559,0.6514855623245239,-0.029948994517326355,0.41190338134765625,0.5926805734634399,-0.02900444157421589,0.4655988812446594,0.6203159093856812,-0.04244827479124069,0.46115830540657043,0.6638031005859375,-0.03796597197651863,0.4372609257698059,0.6636824011802673,-0.03287721052765846,rock
0.39461779594421387,0.642156720161438,-3.2328233601219836e-07,0.4648594558238983,0.6424560546875,-0.026905719190835953,0.544043242931366,0.5690547823905945,-0.033368926495313644,0.5259740352630615,0.4730526804924011,-0.03903455287218094,0.4583723545074463,0.45717835426330566,-0.03631579875946045,0.5568764209747314,0.4982281029224396,0.003119325963780284,0.5871183276176453,0.43273860216140747,-0.022872358560562134,0.5490303635597229,0.4922367334365845,-0.03583301231265068,0.5341379046440125,0.515703022480011,-0.042468391358852386,0.514141857624054,0.46421509981155396,0.00046943649067543447,0.5294626355171204,0.403917133808136,-0.028223173692822456,0.5002675652503967,0.473533034324646,-0.033182017505168915,0.4965493381023407,0.48888537287712097,-0.02884824201464653,0.4686765670776367,0.44907912611961365,-0.009066667407751083,0.4800679683685303,0.39054685831069946,-0.037026546895504,0.4646183252334595,0.4606729745864868,-0.02723137103021145,0.46482768654823303,0.4794214963912964,-0.013197025284171104,0.42168912291526794,0.442551851272583,-0.02181828022003174,0.435975581407547,0.4134020507335663,-0.03240353241562843,0.4280405640602112,0.46354949474334717,-0.018314359709620476,0.42409294843673706,0.482003778219223,-0.004859854467213154,rock
0.40517154335975647,0.6295328140258789,6.764344817611345e-08,0.4426051676273346,0.6311483383178711,-0.09277788549661636,0.45920538902282715,0.5756454467773438,-0.14387927949428558,0.4110049307346344,0.5095470547676086,-0.18140214681625366,0.3595103323459625,0.45407572388648987,-0.20960396528244019,0.5067826509475708,0.42680758237838745,-0.08522156625986099,0.48199209570884705,0.3958614468574524,-0.1591518074274063,0.4760722517967224,0.4473831355571747,-0.20066425204277039,0.47171059250831604,0.48701268434524536,-0.21909214556217194,0.4491354823112488,0.40743711590766907,-0.06345314532518387,0.41231831908226013,0.39228370785713196,-0.1502915769815445,0.4133600890636444,0.47161513566970825,-0.18728916347026825,0.420474112033844,0.502996027469635,-0.19550591707229614,0.3963218927383423,0.41182640194892883,-0.053130730986595154,0.3613857924938202,0.4065898656845093,-0.13220804929733276,0.3683012127876282,0.46809661388397217,-0.1491030603647232,0.37660354375839233,0.48990222811698914,-0.1432698667049408,0.3495996296405792,0.42499321699142456,-0.04933562129735947,0.3268391191959381,0.43545007705688477,-0.1057780310511589,0.33070966601371765,0.47377657890319824,-0.12226803600788116,0.34045225381851196,0.4815106987953186,-0.12206169962882996,rock
0.3917778730392456,0.7098362445831299,-3.518680387060158e-07,0.4635019898414612,0.6911578178405762,-0.022923544049263,0.5354552268981934,0.6014946699142456,-0.027548592537641525,0.5231550931930542,0.5111613869667053,-0.031009357422590256,0.4624824821949005,0.5128876566886902,-0.027252910658717155,0.5254661440849304,0.5161149501800537,-0.0009861369617283344,0.5501483678817749,0.45714622735977173,-0.02344455011188984,0.5229113101959229,0.5280073881149292,-0.03511219099164009,0.5107124447822571,0.540812075138092,-0.04370757192373276,0.4806124269962311,0.5003204345703125,-0.005244933534413576,0.5021112561225891,0.4399571120738983,-0.030650988221168518,0.48371049761772156,0.5227457284927368,-0.034064166247844696,0.4746166169643402,0.5288184881210327,-0.030790025368332863,0.43369540572166443,0.5009208917617798,-0.014805168844759464,0.4507612884044647,0.4510504901409149,-0.04061209782958031,0.4476456642150879,0.5301031470298767,-0.02861008048057556,0.44032788276672363,0.5391810536384583,-0.015247559174895287,0.38454973697662354,0.5088433027267456,-0.026880845427513123,0.4076789319515228,0.47810474038124084,-0.037750713527202606,0.41100606322288513,0.531359851360321,-0.022925695404410362,0.40366867184638977,0.5414955615997314,-0.010471723042428493,rock
0.3328181803226471,0.5429109930992126,1.4136298887024168e-07,0.3589296340942383,0.5213685631752014,-0.010127625428140163,0.38094815611839294,0.5078199505805969,-0.027371101081371307,0.391013503074646,0.5156242251396179,-0.04578974097967148,0.3919532597064972,0.531476616859436,-0.0649576336145401,0.3743922710418701,0.4393806755542755,-0.03728582710027695,0.3882133662700653,0.44246160984039307,-0.06077217310667038,0.3943117558956146,0.4283369183540344,-0.07531249523162842,0.4013848900794983,0.4110754728317261,-0.08686549216508865,0.3410201966762543,0.4393552839756012,-0.045471105724573135,0.37456420063972473,0.5331891775131226,-0.07186072319746017,0.37818747758865356,0.5655154585838318,-0.07689516246318817,0.3774028420448303,0.5577455163002014,-0.07943923771381378,0.31400367617607117,0.46645596623420715,-0.05390605702996254,0.3475092351436615,0.5596486926078796,-0.0784577950835228,0.3556860387325287,0.5822397470474243,-0.07054655998945236,0.35579168796539307,0.5716703534126282,-0.06336424499750137,0.2917494475841522,0.5000929832458496,-0.06390393525362015,0.31586316227912903,0.5703856348991394,-0.08449601382017136,0.3246863782405853,0.5882037281990051,-0.08143161237239838,0.3272688686847687,0.5813830494880676,-0.07615751028060913,rock
0.368862122297287,0.6313232183456421,1.1358275031625453e-07,0.4319174289703369,0.6400124430656433,-0.057833440601825714,0.4787573218345642,0.6436857581138611,-0.10660488903522491,0.46190327405929565,0.6522616147994995,-0.14781758189201355,0.4136865735054016,0.6663023233413696,-0.18481090664863586,0.46491947770118713,0.44394540786743164,-0.09299896657466888,0.478946715593338,0.5590479373931885,-0.14333279430866241,0.4733346700668335,0.6045901775360107,-0.16979534924030304,0.46556633710861206,0.5857600569725037,-0.18663747608661652,0.40657341480255127,0.44106847047805786,-0.08757942914962769,0.43162932991981506,0.5892165303230286,-0.12879271805286407,0.42626094818115234,0.6314497590065002,-0.1338895708322525,0.4217875301837921,0.5852641463279724,-0.13680028915405273,0.3578625023365021,0.47218209505081177,-0.08666769415140152,0.38665881752967834,0.6186040639877319,-0.11763633787631989,0.38913246989250183,0.637049674987793,-0.10371298342943192,0.38182029128074646,0.5898019671440125,-0.09370756149291992,0.3138635456562042,0.5138472318649292,-0.09252721816301346,0.34203922748565674,0.6284894943237305,-0.11580203473567963,0.35498860478401184,0.6395928263664246,-0.11243146657943726,0.35505619645118713,0.6029483675956726,-0.10725458711385727,rock
0.3442564010620117,0.5849297046661377,1.3881583527108887e-07,0.402055025100708,0.6103377938270569,-0.04321436583995819,0.4453011751174927,0.6414214968681335,-0.08047283440828323,0.41943997144699097,0.6853727698326111,-0.11262241005897522,0.3672858774662018,0.7075035572052002,-0.14278444647789001,0.430128812789917,0.4795472025871277,-0.08260604739189148,0.4430071711540222,0.6140034198760986,-0.13178566098213196,0.44031599164009094,0.6318848133087158,-0.16095392405986786,0.43481871485710144,0.5991707444190979,-0.1797717660665512,0.36936599016189575,0.46972304582595825,-0.08073605597019196,0.38669806718826294,0.6485894918441772,-0.11663924157619476,0.3876601457595825,0.6462869048118591,-0.12092968076467514,0.3828984498977661,0.5875562429428101,-0.12529268860816956,0.31773677468299866,0.49334773421287537,-0.08246913552284241,0.33705615997314453,0.6579312682151794,-0.11072400957345963,0.3431742489337921,0.6487725377082825,-0.09361018985509872,0.3416609764099121,0.5910124778747559,-0.08068539947271347,0.27306675910949707,0.5274266004562378,-0.09020096808671951,0.2940869629383087,0.6568921804428101,-0.11875955760478973,0.30547651648521423,0.6454441547393799,-0.11739012598991394,0.3075801134109497,0.5967217683792114,-0.11145388334989548,rock
0.6111773252487183,0.7012238502502441,-5.216518275119597e-07,0.5383559465408325,0.6760024428367615,-0.02844897471368313,0.47808563709259033,0.6038699150085449,-0.04582526162266731,0.4520319104194641,0.539543092250824,-0.06296215951442719,0.48214560747146606,0.49702101945877075,-0.07179708778858185,0.5338602066040039,0.4583643674850464,-0.004809943493455648,0.4736156463623047,0.4538549780845642,-0.046441707760095596,0.4847552478313446,0.5258951187133789,-0.06810604780912399,0.5048317909240723,0.5415585041046143,-0.07919353246688843,0.5745335817337036,0.4500252306461334,-0.00945280585438013,0.5069543719291687,0.4718787670135498,-0.04958084598183632,0.5219504237174988,0.5599685311317444,-0.05152818560600281,0.5489288568496704,0.5579845905303955,-0.04352270066738129,0.6126889586448669,0.46915292739868164,-0.02312893606722355,0.547799825668335,0.5069499611854553,-0.058990076184272766,0.5569701790809631,0.5866878628730774,-0.04144476354122162,0.5824465155601501,0.5777744650840759,-0.021610096096992493,0.6477563381195068,0.5058786869049072,-0.04146460071206093,0.5905250906944275,0.5459972620010376,-0.062339574098587036,0.5920895934104919,0.5961501002311707,-0.05378345027565956,0.6123152375221252,0.5896213054656982,-0.04160730540752411,rock
0.5407506227493286,0.6902031898498535,-4.809614893019898e-07,0.4618147611618042,0.6522282361984253,-0.02476978674530983,0.39578643441200256,0.5847738981246948,-0.043772563338279724,0.3599398136138916,0.524509847164154,-0.06495113670825958,0.3985932469367981,0.4866310656070709,-0.07751250267028809,0.4389471411705017,0.44152721762657166,0.0038570421747863293,0.37594783306121826,0.44323620200157166,-0.03833574056625366,0.39638179540634155,0.5157174468040466,-0.0577874481678009,0.420177161693573,0.5149776935577393,-0.06692194193601608,0.4792596995830536,0.4318777322769165,-0.003630021819844842,0.4108991324901581,0.44999539852142334,-0.04895637929439545,0.4350849986076355,0.5345369577407837,-0.050297681242227554,0.4619815945625305,0.5269185304641724,-0.03877447545528412,0.5172519087791443,0.4457535147666931,-0.020523803308606148,0.4512704014778137,0.4839855432510376,-0.06128913536667824,0.4700971245765686,0.563339352607727,-0.04702305793762207,0.49603599309921265,0.5515214800834656,-0.02600678987801075,0.5507694482803345,0.4750490188598633,-0.04140426591038704,0.49272507429122925,0.5227189660072327,-0.059514209628105164,0.5010586977005005,0.5707838535308838,-0.0514989010989666,0.5223649740219116,0.5602587461471558,-0.039286669343709946,rock
0.5395100116729736,0.49073559045791626,-2.1469665512086067e-07,0.4792574942111969,0.4618929326534271,-0.01804826781153679,0.43089163303375244,0.4464574158191681,-0.046271681785583496,0.39323413372039795,0.4549071788787842,-0.07057777792215347,0.3651065230369568,0.46800968050956726,-0.09892912954092026,0.44022539258003235,0.34207531809806824,-0.08883581310510635,0.3861815929412842,0.40027618408203125,-0.12827101349830627,0.3545088768005371,0.44487443566322327,-0.1507292240858078,0.33067724108695984,0.4787518382072449,-0.1641664057970047,0.4813670217990875,0.3684762716293335,-0.09733235090970993,0.42088937759399414,0.45022401213645935,-0.1298339068889618,0.3861028254032135,0.5001946687698364,-0.13731169700622559,0.36277785897254944,0.5312541723251343,-0.14301544427871704,0.514234721660614,0.42315030097961426,-0.10334312170743942,0.45307788252830505,0.5173863172531128,-0.13140851259231567,0.42516523599624634,0.560073971748352,-0.12614375352859497,0.4142979085445404,0.575526237487793,-0.12225710600614548,0.5333899855613708,0.48538216948509216,-0.10959155857563019,0.48433440923690796,0.5666193962097168,-0.1351115107536316,0.4651796817779541,0.5917922258377075,-0.1309027373790741,0.4634372293949127,0.5973554849624634,-0.1250639408826828,rock
0.6100709438323975,0.598023533821106,-3.5083223792753415e-07,0.5376622676849365,0.5430036783218384,-0.015594372525811195,0.4563009738922119,0.5271301865577698,-0.04403360188007355,0.38637274503707886,0.5564932227134705,-0.06968777626752853,0.3516986072063446,0.5747467875480652,-0.09122397005558014,0.4534072279930115,0.38963186740875244,-0.0655919685959816,0.35898441076278687,0.5111755132675171,-0.09646134078502655,0.38845810294151306,0.5561286211013794,-0.10257286578416824,0.4178408682346344,0.5352139472961426,-0.10608500242233276,0.48793721199035645,0.42531245946884155,-0.07550682127475739,0.38965991139411926,0.5762233734130859,-0.10713963955640793,0.42031747102737427,0.5997554063796997,-0.10271144658327103,0.44610166549682617,0.5717103481292725,-0.10080327093601227,0.5167971253395081,0.4876425564289093,-0.08529534190893173,0.4306088089942932,0.6306994557380676,-0.1095351055264473,0.457405686378479,0.6470699310302734,-0.09449268132448196,0.47940924763679504,0.6168422698974609,-0.08648981153964996,0.5401256084442139,0.5575090050697327,-0.0962664932012558,0.47606244683265686,0.6684062480926514,-0.11821021139621735,0.49564436078071594,0.6779496669769287,-0.11566952615976334,0.5161941647529602,0.6507635116577148,-0.11243371665477753,rock
0.562103271484375,0.7257186770439148,-5.998166443532682e-07,0.5322466492652893,0.6238440871238708,0.005775642115622759,0.47875750064849854,0.5412474870681763,-0.018019238486886024,0.4112609624862671,0.5039780139923096,-0.04194515943527222,0.379615843296051,0.5115980505943298,-0.06401754915714264,0.4984496831893921,0.44938093423843384,-0.07541262358427048,0.3580182194709778,0.4793676733970642,-0.09637031704187393,0.3621402382850647,0.5477898716926575,-0.08193359524011612,0.38898420333862305,0.5568433403968811,-0.0720546543598175,0.5079146027565002,0.4860689043998718,-0.09847657382488251,0.3466198444366455,0.5421074628829956,-0.12358087301254272,0.3665199279785156,0.6085589528083801,-0.10121888667345047,0.4014020264148712,0.620072603225708,-0.08718375116586685,0.5046353340148926,0.550707995891571,-0.11783206462860107,0.35950204730033875,0.6337429285049438,-0.13259755074977875,0.3936048150062561,0.6887332201004028,-0.1051492914557457,0.43502554297447205,0.6872864961624146,-0.09336405247449875,0.4952295422554016,0.6249041557312012,-0.13670317828655243,0.39138031005859375,0.7074199318885803,-0.15665528178215027,0.4163670837879181,0.7477448582649231,-0.1514202207326889,0.45087340474128723,0.7421207427978516,-0.14926007390022278,rock
0.5198475122451782,0.7224709987640381,-1.1460429050202947e-07,0.5690370202064514,0.6017687320709229,0.007038980256766081,0.5804693698883057,0.48009422421455383,0.008371186442673206,0.5289275050163269,0.3941696584224701,0.012322197668254375,0.47656551003456116,0.3878002166748047,0.018476147204637527,0.506123423576355,0.4441368281841278,-0.02211841568350792,0.4537855386734009,0.3456486165523529,-0.016511108726263046,0.4571080803871155,0.38324207067489624,-0.004854948725551367,0.471094012260437,0.4238646924495697,0.004366732202470303,0.44242528080940247,0.4784892797470093,-0.02291601337492466,0.4077453017234802,0.38779932260513306,-0.006222959607839584,0.4192507266998291,0.41862753033638,0.008724706247448921,0.434139609336853,0.45576179027557373,0.015222395770251751,0.39456266164779663,0.520780622959137,-0.019437579438090324,0.3819018006324768,0.45600542426109314,0.002287624403834343,0.3976196348667145,0.47940200567245483,0.01796349138021469,0.4115644097328186,0.5135955810546875,0.021594587713479996,0.35899242758750916,0.5666306018829346,-0.015088406391441822,0.36412498354911804,0.5091701745986938,0.006613772362470627,0.38043686747550964,0.5279709696769714,0.02428196743130684,0.3909109830856323,0.5518194437026978,0.034138958901166916,rock
0.5333018898963928,0.6577180624008179,-2.5901314870679926e-07,0.5723862648010254,0.5432808995246887,0.02002898044884205,0.5811290144920349,0.4430254101753235,0.024794237688183784,0.5392246842384338,0.378013551235199,0.027646522969007492,0.4946366548538208,0.37091922760009766,0.029727835208177567,0.5087456703186035,0.3696401119232178,-0.00033972522942349315,0.4596739411354065,0.31477031111717224,0.008660562336444855,0.4642389118671417,0.3544018864631653,0.014143198728561401,0.48005571961402893,0.3882322907447815,0.017367057502269745,0.4530524015426636,0.3993145227432251,-0.008070975542068481,0.4248794615268707,0.3626682758331299,0.01554690208286047,0.4345393478870392,0.3999197483062744,0.0258474238216877,0.44924646615982056,0.43144890666007996,0.02649715356528759,0.41096827387809753,0.4457456171512604,-0.011017624288797379,0.40114691853523254,0.4194240868091583,0.013238700106739998,0.41429561376571655,0.4488585293292999,0.023620927706360817,0.42900267243385315,0.480343222618103,0.022320102900266647,0.3779022991657257,0.4971895217895508,-0.012117811478674412,0.3809248208999634,0.4679039418697357,0.00838481169193983,0.39733168482780457,0.4948525130748749,0.024327967315912247,0.4106473922729492,0.5212379097938538,0.03336590155959129,rock
0.5521442890167236,0.6095641851425171,-2.0636734632262232e-07,0.5748570561408997,0.4891430735588074,0.02207491174340248,0.5613133907318115,0.4056514501571655,0.026251960545778275,0.5136365294456482,0.3637523651123047,0.027602018788456917,0.4703671932220459,0.36830905079841614,0.027829773724079132,0.5199621915817261,0.3311433494091034,0.004284481052309275,0.46802669763565063,0.29158809781074524,0.013233562000095844,0.4677465558052063,0.3319767713546753,0.017341813072562218,0.4809962213039398,0.3610057830810547,0.018584879115223885,0.46704745292663574,0.36536306142807007,-0.006074353586882353,0.4283026456832886,0.3400665819644928,0.014884407632052898,0.4352935552597046,0.3782707154750824,0.023044263944029808,0.45215508341789246,0.406982421875,0.02322043664753437,0.4265502989292145,0.41733554005622864,-0.011714454740285873,0.4086958169937134,0.4065290689468384,0.010721717029809952,0.4208647906780243,0.43573227524757385,0.018809901550412178,0.4381612241268158,0.46143728494644165,0.01664050482213497,0.39618980884552,0.47354984283447266,-0.015463520772755146,0.3944987952709198,0.46217989921569824,0.0023291753605008125,0.41090118885040283,0.48906275629997253,0.01588796079158783,0.42744478583335876,0.5106751322746277,0.023767270147800446,rock
0.5401642918586731,0.653792679309845,-4.2469508798603783e-07,0.540740430355072,0.53926020860672,0.01568559929728508,0.5123608708381653,0.4581352770328522,0.006667380686849356,0.4532422423362732,0.42864492535591125,-0.006190673913806677,0.407514363527298,0.44802650809288025,-0.018978998064994812,0.51295006275177,0.37474697828292847,-0.02067166566848755,0.41098281741142273,0.3648661673069,-0.03229326754808426,0.4140685796737671,0.4131394624710083,-0.03466039523482323,0.43448904156684875,0.4288128912448883,-0.03676839917898178,0.48467591404914856,0.40889447927474976,-0.038035422563552856,0.38303789496421814,0.4178066849708557,-0.04389645904302597,0.3920830488204956,0.4653584957122803,-0.03644615411758423,0.4175404906272888,0.4788656234741211,-0.03478521481156349,0.45534947514533997,0.4574650526046753,-0.05246919021010399,0.3680384159088135,0.479338675737381,-0.04860152676701546,0.3817458152770996,0.5210409164428711,-0.034264497458934784,0.40938684344291687,0.5274532437324524,-0.03156159445643425,0.4266566038131714,0.5124855637550354,-0.06665334850549698,0.3662383556365967,0.5377334952354431,-0.06464177370071411,0.38137248158454895,0.5700279474258423,-0.05600157752633095,0.4047868549823761,0.5729995369911194,-0.051908787339925766,rock
0.5515660047531128,0.5956334471702576,-4.882037956122076e-07,0.5498765110969543,0.5163254141807556,0.006665899883955717,0.5190421938896179,0.4540850818157196,-0.006506683304905891,0.46636879444122314,0.41918134689331055,-0.021114032715559006,0.4279477298259735,0.42713719606399536,-0.03474268689751625,0.5170348882675171,0.3865964114665985,-0.03664163500070572,0.4131554663181305,0.40029582381248474,-0.04913821443915367,0.39269134402275085,0.4431580603122711,-0.040731146931648254,0.3979138135910034,0.4676786959171295,-0.03404261916875839,0.5075671076774597,0.40501973032951355,-0.05040939152240753,0.3958449065685272,0.4669932425022125,-0.06060810759663582,0.4136897325515747,0.5138116478919983,-0.043085262179374695,0.43986064195632935,0.5195038914680481,-0.032634224742650986,0.49270695447921753,0.4430680274963379,-0.0627363920211792,0.3921773433685303,0.5105037689208984,-0.06832387298345566,0.4161950647830963,0.551171064376831,-0.048289649188518524,0.4437845051288605,0.5524470806121826,-0.03990883007645607,0.47660204768180847,0.49224287271499634,-0.07502875477075577,0.3958929777145386,0.5442725419998169,-0.0878845751285553,0.41111138463020325,0.5764153003692627,-0.0843639001250267,0.43262606859207153,0.5776995420455933,-0.08184945583343506,rock
0.5379493832588196,0.7414201498031616,-5.789429451397154e-07,0.4507649540901184,0.6920740604400635,-0.00443037087097764,0.3927304446697235,0.623110830783844,-0.02509782277047634,0.3548315167427063,0.5688877701759338,-0.05279858782887459,0.36627787351608276,0.5166060924530029,-0.073338583111763,0.45239123702049255,0.45554307103157043,0.011490867473185062,0.3627035617828369,0.4627310633659363,-0.029620330780744553,0.3777119219303131,0.5376433730125427,-0.052396923303604126,0.40859583020210266,0.5424086451530457,-0.06529254466295242,0.48250651359558105,0.4465245008468628,-0.0067319078370928764,0.3736065626144409,0.48075196146965027,-0.04703347384929657,0.39679789543151855,0.5614171624183655,-0.04759244620800018,0.4356718063354492,0.5490898489952087,-0.04066821187734604,0.5034642815589905,0.46722280979156494,-0.03191228583455086,0.40001776814460754,0.5087752342224121,-0.06215997412800789,0.42017000913619995,0.5867822766304016,-0.04449828341603279,0.45881420373916626,0.5758024454116821,-0.028845416381955147,0.5120891332626343,0.5044488310813904,-0.060071371495723724,0.4304831326007843,0.5568289160728455,-0.07842802256345749,0.4430031478404999,0.606719970703125,-0.07289425283670425,0.4777001738548279,0.5974472165107727,-0.06511329859495163,rock
0.5786098837852478,0.6496630311012268,-2.7062674234912265e-07,0.4896077513694763,0.6364228129386902,-0.043377019464969635,0.41664406657218933,0.6017647981643677,-0.08467838913202286,0.3753315508365631,0.564320981502533,-0.12466691434383392,0.41021087765693665,0.5315051674842834,-0.15545429289340973,0.43193116784095764,0.4023926258087158,-0.03631611913442612,0.38111385703086853,0.46880969405174255,-0.08701031655073166,0.4073593318462372,0.5285014510154724,-0.10594086349010468,0.4299851655960083,0.5103407502174377,-0.11509562283754349,0.47818440198898315,0.3872442841529846,-0.041121091693639755,0.4262543320655823,0.46988964080810547,-0.09178940951824188,0.45401066541671753,0.5456021428108215,-0.08727600425481796,0.4722856879234314,0.5141840577125549,-0.07285472750663757,0.5239185094833374,0.40660446882247925,-0.055787522345781326,0.480683296918869,0.5011529922485352,-0.09667874872684479,0.4991830289363861,0.5647315382957458,-0.07513071596622467,0.5170240998268127,0.5329873561859131,-0.05249151214957237,0.5641599893569946,0.43983808159828186,-0.0768919438123703,0.5340404510498047,0.5297563076019287,-0.09532281756401062,0.5414296388626099,0.5708910822868347,-0.08647414296865463,0.5548474788665771,0.5483318567276001,-0.07506581395864487,rock
0.5604448914527893,0.6240317225456238,-3.746466177290131e-07,0.49924543499946594,0.6341131925582886,-0.06335332989692688,0.4277738034725189,0.6165383458137512,-0.10202979296445847,0.40261003375053406,0.5917193293571472,-0.13154366612434387,0.45398056507110596,0.5545994639396667,-0.1508653163909912,0.4108867347240448,0.40814125537872314,-0.05501985922455788,0.4063047766685486,0.4861060082912445,-0.10122908651828766,0.4312969744205475,0.5441149473190308,-0.12274326384067535,0.44315269589424133,0.5273158550262451,-0.13533887267112732,0.46607398986816406,0.38242393732070923,-0.04539452865719795,0.4702570140361786,0.4836288094520569,-0.09092854708433151,0.4789693057537079,0.5470100045204163,-0.09575893729925156,0.4752594530582428,0.5176798105239868,-0.09162789583206177,0.5210253000259399,0.3916362524032593,-0.04545909911394119,0.5293874144554138,0.49759405851364136,-0.08840359002351761,0.5288966298103333,0.5537504553794861,-0.07976452261209488,0.526426374912262,0.5331015586853027,-0.0661688819527626,0.5717892646789551,0.4153556823730469,-0.05297321826219559,0.5832699537277222,0.5050484538078308,-0.08262615650892258,0.5767865180969238,0.5564085841178894,-0.08342257142066956,0.5686992406845093,0.5555428266525269,-0.07738548517227173,rock
0.5495905876159668,0.608072817325592,-2.614999630168313e-07,0.4920007586479187,0.6303152441978455,-0.06616175174713135,0.4393594264984131,0.6273991465568542,-0.11271227151155472,0.45949500799179077,0.6184451580047607,-0.14888979494571686,0.5210323333740234,0.5881532430648804,-0.17640812695026398,0.42306506633758545,0.42914825677871704,-0.08547768741846085,0.46140751242637634,0.5258398056030273,-0.13991546630859375,0.4687293767929077,0.5807374119758606,-0.16872848570346832,0.4633190929889679,0.5694026947021484,-0.1878797858953476,0.4799649715423584,0.398651123046875,-0.07806876301765442,0.5250570774078369,0.5138865113258362,-0.13165155053138733,0.5200565457344055,0.5707999467849731,-0.14170829951763153,0.5081383585929871,0.5493271350860596,-0.14389173686504364,0.5341364145278931,0.40413960814476013,-0.07824525982141495,0.5825177431106567,0.5366950035095215,-0.1246681734919548,0.5675565004348755,0.5940866470336914,-0.11406601220369339,0.5481229424476624,0.577677309513092,-0.10145727545022964,0.5827558040618896,0.4313587546348572,-0.08635684102773666,0.614605724811554,0.5401778817176819,-0.12214060872793198,0.6004130244255066,0.5892717838287354,-0.1227775514125824,0.5830471515655518,0.5857594013214111,-0.11739963293075562,rock
0.5068761706352234,0.6246908903121948,-4.092191545623791e-07,0.45374953746795654,0.653610110282898,-0.08785583823919296,0.4269595742225647,0.6501047611236572,-0.14471733570098877,0.485867440700531,0.6517882347106934,-0.18239712715148926,0.549933671951294,0.6302138566970825,-0.20770937204360962,0.4355824887752533,0.444583535194397,-0.13941781222820282,0.5088722109794617,0.5635358095169067,-0.18956783413887024,0.48744529485702515,0.6175769567489624,-0.2048150599002838,0.4616584777832031,0.5973844528198242,-0.2194783091545105,0.4977552890777588,0.4158377945423126,-0.1197570338845253,0.5612470507621765,0.5520050525665283,-0.17530617117881775,0.5316401720046997,0.6057435870170593,-0.17815811932086945,0.5057514309883118,0.5663958191871643,-0.1810040920972824,0.5506502985954285,0.42452704906463623,-0.10538573563098907,0.6072269678115845,0.5628666281700134,-0.15257231891155243,0.5763470530509949,0.6068109273910522,-0.13797986507415771,0.5476818084716797,0.5730502009391785,-0.12965333461761475,0.5928135514259338,0.45852458477020264,-0.09994076937437057,0.6282471418380737,0.5682052373886108,-0.1496320515871048,0.6053122282028198,0.60532146692276,-0.16142013669013977,0.5814746022224426,0.5914545655250549,-0.16705551743507385,rock
0.5151264071464539,0.6421972513198853,-3.0934967298890115e-07,0.5062283873558044,0.6954803466796875,-0.1342550665140152,0.5468271374702454,0.703920841217041,-0.19778130948543549,0.6279799938201904,0.6931728720664978,-0.22388826310634613,0.697468638420105,0.6560702323913574,-0.23233643174171448,0.523038387298584,0.48851972818374634,-0.21920950710773468,0.6411165595054626,0.5882194638252258,-0.26739078760147095,0.6102098822593689,0.6406276822090149,-0.2606891393661499,0.5722557902336121,0.623136579990387,-0.2569287419319153,0.5692399144172668,0.4609346389770508,-0.16717778146266937,0.6658877730369568,0.5843032598495483,-0.22246937453746796,0.6161189079284668,0.6535344123840332,-0.20462408661842346,0.5752888321876526,0.6299228668212891,-0.19221316277980804,0.608572781085968,0.4626603424549103,-0.12085764110088348,0.6890571713447571,0.5893386602401733,-0.17145833373069763,0.6416353583335876,0.6482366919517517,-0.15132182836532593,0.5983858704566956,0.6212201118469238,-0.13832946121692657,0.6409268379211426,0.483381450176239,-0.08420190960168839,0.6909545063972473,0.585828423500061,-0.13602957129478455,0.6608209609985352,0.6299490928649902,-0.14858189225196838,0.6235277652740479,0.6096976399421692,-0.1542259007692337,rock
0.5347402691841125,0.6571042537689209,-3.7706465150222357e-07,0.5211178064346313,0.7057494521141052,-0.14660434424877167,0.5623956322669983,0.7085299491882324,-0.2133142054080963,0.6480315923690796,0.697944700717926,-0.23862239718437195,0.7198227643966675,0.6550449728965759,-0.2446463704109192,0.543135404586792,0.4871085286140442,-0.2399718463420868,0.6785513758659363,0.5903670191764832,-0.2946961522102356,0.6426186561584473,0.6503055095672607,-0.28830960392951965,0.5998035073280334,0.6328297853469849,-0.2834872007369995,0.5896552801132202,0.4606839418411255,-0.18317076563835144,0.6985377669334412,0.5881617069244385,-0.2416844367980957,0.6393983364105225,0.6603538393974304,-0.21959690749645233,0.5924137830734253,0.631458044052124,-0.20402738451957703,0.6276237368583679,0.46287378668785095,-0.13351956009864807,0.7186803817749023,0.5908321738243103,-0.18590188026428223,0.664878249168396,0.6544336676597595,-0.16360753774642944,0.6187620759010315,0.622383177280426,-0.14981620013713837,0.6590530872344971,0.4858013391494751,-0.09485859423875809,0.7132238745689392,0.594947099685669,-0.1497461497783661,0.680167555809021,0.6396127939224243,-0.16431652009487152,0.6393681168556213,0.6171020269393921,-0.17147475481033325,rock
0.5132344961166382,0.7067171335220337,-3.3813023492257344e-07,0.49256032705307007,0.7121514081954956,-0.10060366988182068,0.5274006128311157,0.6750736832618713,-0.14669442176818848,0.6154771447181702,0.6458877325057983,-0.16628432273864746,0.6810792684555054,0.6095676422119141,-0.17074206471443176,0.49757733941078186,0.4580404460430145,-0.13776399195194244,0.6193864941596985,0.5332472920417786,-0.17338834702968597,0.604038655757904,0.5937805771827698,-0.17463256418704987,0.57068932056427,0.6027076840400696,-0.17784684896469116,0.5397464632987976,0.4340231716632843,-0.10049089789390564,0.6405486464500427,0.5462408661842346,-0.14398810267448425,0.6029251217842102,0.6192970275878906,-0.14086446166038513,0.559276282787323,0.6162524223327637,-0.13802888989448547,0.5783973336219788,0.4468078017234802,-0.06858479231595993,0.673388659954071,0.5506144762039185,-0.11249258369207382,0.647556483745575,0.6160102486610413,-0.10361676663160324,0.6110548377037048,0.6132842302322388,-0.09506826847791672,0.6115517616271973,0.48383861780166626,-0.044020116329193115,0.6801439523696899,0.5658289790153503,-0.08878113329410553,0.6657150387763977,0.6121309399604797,-0.09970032423734665,0.6352812647819519,0.604296088218689,-0.10132450610399246,rock
0.5202192664146423,0.7550815939903259,-6.262126248657296e-07,0.4375517666339874,0.75704425573349,-0.04531867429614067,0.33926358819007874,0.6632302403450012,-0.06015278771519661,0.3173545002937317,0.5544097423553467,-0.0727912113070488,0.3814820647239685,0.5088516473770142,-0.07485893368721008,0.35664302110671997,0.5091500878334045,-0.00447216397151351,0.3281068801879883,0.47343191504478455,-0.047499749809503555,0.3556913137435913,0.5668097734451294,-0.06413687765598297,0.36893194913864136,0.5674830079078674,-0.0736389309167862,0.4121905565261841,0.4801524877548218,-0.003590203123167157,0.38890910148620605,0.4506831467151642,-0.05296194925904274,0.40810421109199524,0.5649547576904297,-0.05155624449253082,0.4166949689388275,0.5591162443161011,-0.03722704201936722,0.46755555272102356,0.48205122351646423,-0.015222991816699505,0.4506831467151642,0.47116461396217346,-0.059358593076467514,0.4599083364009857,0.5801405310630798,-0.038428135216236115,0.46588990092277527,0.5698977112770081,-0.013409261591732502,0.5268065333366394,0.4932877719402313,-0.033259328454732895,0.5032712817192078,0.5201568603515625,-0.05436237156391144,0.5060828328132629,0.5894090533256531,-0.04436283931136131,0.5130153298377991,0.5774425268173218,-0.031974632292985916,rock
0.5539093017578125,0.7393646240234375,-6.367446871990978e-07,0.4618142247200012,0.740385115146637,-0.029571741819381714,0.3684338629245758,0.6535515785217285,-0.038793664425611496,0.33535754680633545,0.5391916632652283,-0.050740182399749756,0.39184290170669556,0.4941270351409912,-0.05312367156147957,0.38689088821411133,0.5367076396942139,0.01888769492506981,0.34618136286735535,0.4664767384529114,-0.018261557444930077,0.37641441822052,0.5549536943435669,-0.031015200540423393,0.39503905177116394,0.5676130652427673,-0.034978415817022324,0.4357255697250366,0.5093820095062256,0.015912706032395363,0.39602571725845337,0.449232816696167,-0.02649669349193573,0.421896368265152,0.5534493327140808,-0.024938372895121574,0.4399735629558563,0.5540533065795898,-0.009564072825014591,0.4862231910228729,0.502643346786499,0.0017170775681734085,0.4488320052623749,0.45528697967529297,-0.03651152551174164,0.46822884678840637,0.5580363273620605,-0.014726430177688599,0.4872733950614929,0.5577352643013,0.013102130964398384,0.5413923263549805,0.4981166124343872,-0.016970092430710793,0.49993178248405457,0.47952520847320557,-0.027086785063147545,0.5067154169082642,0.5467180013656616,-0.008457175455987453,0.5255837440490723,0.5506210923194885,0.01050551887601614,rock
0.3195306658744812,0.629063069820404,6.915705057508603e-07,0.37872087955474854,0.6162155866622925,-0.033084627240896225,0.4230459928512573,0.5752749443054199,-0.05635443329811096,0.4382750689983368,0.5295734405517578,-0.0818665400147438,0.4154970645904541,0.4905005991458893,-0.10427780449390411,0.42912912368774414,0.4129289388656616,-0.031259410083293915,0.4724797010421753,0.33310654759407043,-0.063616544008255,0.4947347640991211,0.2800474762916565,-0.084238201379776,0.5123568773269653,0.229683518409729,-0.09686014801263809,0.38465991616249084,0.397174596786499,-0.040126580744981766,0.39271971583366394,0.27838677167892456,-0.08624257892370224,0.3976972997188568,0.19931142032146454,-0.11476446688175201,0.4025809168815613,0.13107866048812866,-0.1279289275407791,0.3414002060890198,0.4156841039657593,-0.051701635122299194,0.37203070521354675,0.38747072219848633,-0.11013531684875488,0.39010074734687805,0.46533042192459106,-0.11930178105831146,0.3983759582042694,0.5216671228408813,-0.10778018832206726,0.30582162737846375,0.4538523554801941,-0.06527750194072723,0.3375348746776581,0.43540820479393005,-0.10454379767179489,0.3622795343399048,0.48721012473106384,-0.10263051837682724,0.37656503915786743,0.5295363068580627,-0.09037753194570541,Sissors
0.30536162853240967,0.6733827590942383,9.88476131169591e-07,0.3514794707298279,0.6746690273284912,-0.03823055699467659,0.3998754322528839,0.6408752202987671,-0.06408562511205673,0.418646901845932,0.604360818862915,-0.09085886180400848,0.39453598856925964,0.5858687162399292,-0.11474528908729553,0.3891211152076721,0.4924956262111664,-0.0366634726524353,0.420483261346817,0.420031875371933,-0.07216496765613556,0.4430771470069885,0.3636728525161743,-0.09459459036588669,0.4574821889400482,0.3125797510147095,-0.10828118026256561,0.3449876606464386,0.47743189334869385,-0.042568039149045944,0.3508108854293823,0.3968796133995056,-0.08716664463281631,0.35677778720855713,0.3338715434074402,-0.11202298849821091,0.3601052761077881,0.2774171829223633,-0.12169548124074936,0.3030104339122772,0.4886728525161743,-0.05258771777153015,0.34066274762153625,0.4928441345691681,-0.1095258966088295,0.3637603521347046,0.5666504502296448,-0.11650635302066803,0.37422770261764526,0.616604745388031,-0.10398519039154053,0.2700481414794922,0.5222920179367065,-0.06609208881855011,0.3123249411582947,0.5475930571556091,-0.10969920456409454,0.34180328249931335,0.6019587516784668,-0.11324696242809296,0.358045756816864,0.6408105492591858,-0.10393441468477249,Sissors
0.2268419861793518,0.7021437287330627,7.420309202643693e-07,0.3069964349269867,0.6724305152893066,0.009978339076042175,0.351725310087204,0.6571213006973267,-0.01867618039250374,0.3901505470275879,0.6410695314407349,-0.06018929183483124,0.41320130228996277,0.6299233436584473,-0.09920526295900345,0.3534379005432129,0.5213232636451721,-0.034552231431007385,0.39264917373657227,0.4324202537536621,-0.07305512577295303,0.4142792224884033,0.36624544858932495,-0.09724261611700058,0.4270230531692505,0.3093200623989105,-0.11571852117776871,0.32125988602638245,0.5168807506561279,-0.06950332969427109,0.37974414229393005,0.4707731604576111,-0.12992340326309204,0.41029900312423706,0.4081334173679352,-0.16267414391040802,0.43184995651245117,0.3544885516166687,-0.1817052662372589,0.2891966700553894,0.5362676978111267,-0.10139450430870056,0.37270456552505493,0.581584632396698,-0.1411350965499878,0.396477609872818,0.6439650058746338,-0.1298084706068039,0.40681689977645874,0.6884829998016357,-0.11556059867143631,0.270942747592926,0.5739008188247681,-0.13490885496139526,0.3363620340824127,0.6225324869155884,-0.1517462283372879,0.36588844656944275,0.6664671897888184,-0.14028990268707275,0.3837212920188904,0.6955033540725708,-0.12840695679187775,Sissors
0.21231609582901,0.7060805559158325,6.071715574762493e-07,0.28751176595687866,0.670456051826477,0.02014385350048542,0.34590014815330505,0.6412919759750366,0.009714622981846333,0.39465460181236267,0.6365967988967896,-0.010125287808477879,0.4255881905555725,0.6356294751167297,-0.025765826925635338,0.3504806160926819,0.5142052173614502,-0.015283271670341492,0.37927258014678955,0.42894816398620605,-0.045948367565870285,0.39026036858558655,0.3620995879173279,-0.0702020525932312,0.3955938518047333,0.30121752619743347,-0.08864152431488037,0.32944080233573914,0.5346201658248901,-0.044742852449417114,0.41649898886680603,0.5249072313308716,-0.08568061143159866,0.4765012860298157,0.505882740020752,-0.1120208352804184,0.5215631723403931,0.4953635334968567,-0.13025684654712677,0.3082279562950134,0.5750181078910828,-0.0707269087433815,0.406771183013916,0.6329627633094788,-0.09314927458763123,0.41202688217163086,0.678734302520752,-0.0757339596748352,0.4012600779533386,0.7005408406257629,-0.060595449060201645,0.2977534830570221,0.6274179220199585,-0.0976242944598198,0.3752900958061218,0.6706869006156921,-0.10186316072940826,0.3879861533641815,0.7012811899185181,-0.08090082556009293,0.38629859685897827,0.7145942449569702,-0.06379980593919754,Sissors
0.20574669539928436,0.7679071426391602,5.945157113274036e-07,0.2533701956272125,0.685187816619873,0.03065088391304016,0.31010714173316956,0.6309683322906494,0.024154864251613617,0.35964250564575195,0.6039929389953613,0.008415129035711288,0.3967648148536682,0.5916270017623901,-0.005069352686405182,0.31702280044555664,0.5448836088180542,-0.01715666614472866,0.3424699008464813,0.4586711525917053,-0.046492140740156174,0.3446909785270691,0.39062124490737915,-0.0690925121307373,0.3431340157985687,0.32915055751800537,-0.08476468920707703,0.30902644991874695,0.5751519203186035,-0.04715997725725174,0.40770643949508667,0.5526182651519775,-0.0758507251739502,0.4747784733772278,0.5368139147758484,-0.09184218943119049,0.5246473550796509,0.5281765460968018,-0.10393333435058594,0.30119773745536804,0.6255069375038147,-0.07209870219230652,0.405500590801239,0.6534333229064941,-0.08149101585149765,0.4072589874267578,0.6901410222053528,-0.05790385603904724,0.39134830236434937,0.7082827091217041,-0.041340697556734085,0.3027172088623047,0.6845754384994507,-0.09692627191543579,0.38841426372528076,0.7014003992080688,-0.09195131808519363,0.39196646213531494,0.7245799899101257,-0.06499787420034409,0.38059714436531067,0.7345373034477234,-0.04447842389345169,Sissors
0.22233140468597412,0.7804582715034485,5.872656743122207e-07,0.25246474146842957,0.6870638132095337,0.029348505660891533,0.3010041415691376,0.6263909935951233,0.023595623672008514,0.34786224365234375,0.5960603356361389,0.008847638964653015,0.3893548250198364,0.5904749631881714,-0.004727857653051615,0.32082653045654297,0.5575330853462219,-0.015223671682178974,0.3493708074092865,0.4688184857368469,-0.0404028557240963,0.35439571738243103,0.40217286348342896,-0.058495767414569855,0.35407063364982605,0.34288325905799866,-0.07064143568277359,0.3272802233695984,0.5889645218849182,-0.04332809895277023,0.42393216490745544,0.553430438041687,-0.06402526795864105,0.4878500699996948,0.5339679718017578,-0.07406440377235413,0.5349971055984497,0.5202279090881348,-0.08200419694185257,0.3291475176811218,0.6406564712524414,-0.06669639050960541,0.4170433580875397,0.6517164707183838,-0.07176510244607925,0.4055410623550415,0.6831376552581787,-0.04737819731235504,0.382851243019104,0.6978926658630371,-0.03027448058128357,0.3350665867328644,0.702098548412323,-0.08983010053634644,0.40992072224617004,0.7043116688728333,-0.08249605447053909,0.40296247601509094,0.7247602939605713,-0.05445897579193115,0.3852077126502991,0.7346264719963074,-0.03303714841604233,Sissors
0.35893362760543823,0.8530603647232056,5.588628937402973e-07,0.35018104314804077,0.7556134462356567,0.013658210635185242,0.3745305836200714,0.6851480007171631,0.006781438831239939,0.416310578584671,0.6563176512718201,-0.004934445023536682,0.4545956552028656,0.653374433517456,-0.01631941646337509,0.37939053773880005,0.6256359219551086,-0.01792462356388569,0.392890065908432,0.5356355905532837,-0.03461200371384621,0.3955649733543396,0.47292423248291016,-0.044528018683195114,0.3966076970100403,0.4217813313007355,-0.051048681139945984,0.41237667202949524,0.6524340510368347,-0.036247383803129196,0.4710386097431183,0.5696724057197571,-0.052064843475818634,0.5077745318412781,0.5142702460289001,-0.06060747429728508,0.5371127724647522,0.47210967540740967,-0.0662112608551979,0.4396672546863556,0.6960288286209106,-0.0508955642580986,0.4929792582988739,0.650810956954956,-0.059170953929424286,0.4783790111541748,0.6733540892601013,-0.04538936913013458,0.459757536649704,0.6948491334915161,-0.033141449093818665,0.4623869061470032,0.7471092939376831,-0.06516940891742706,0.49433737993240356,0.7077673673629761,-0.06138228625059128,0.48236986994743347,0.7234750986099243,-0.04048707336187363,0.46994152665138245,0.7411132454872131,-0.023243581876158714,Sissors
0.36874839663505554,0.8872265815734863,3.6662092384176503e-07,0.3485242426395416,0.7980692982673645,0.01919640228152275,0.3631862699985504,0.7251237034797668,0.01627601869404316,0.4027712941169739,0.6923064589500427,0.00887636560946703,0.4423607289791107,0.6852990388870239,0.0019625588320195675,0.36839690804481506,0.6672093868255615,-0.011005000211298466,0.38690462708473206,0.596145749092102,-0.01634979620575905,0.3889099061489105,0.5887975096702576,-0.01650281995534897,0.3891209363937378,0.5783731341362,-0.015450443141162395,0.408062607049942,0.6844379901885986,-0.027705850079655647,0.4549495577812195,0.5834019780158997,-0.03472943603992462,0.48081570863723755,0.5175408124923706,-0.0371122844517231,0.5047453045845032,0.4666316509246826,-0.038462452590465546,0.4423443675041199,0.7158694863319397,-0.03944271057844162,0.4739013910293579,0.6552217602729797,-0.038844700902700424,0.4581589698791504,0.6739659905433655,-0.025303227826952934,0.4440138339996338,0.6973447799682617,-0.01455153338611126,0.4704500138759613,0.7566742897033691,-0.049844563007354736,0.4793975353240967,0.7068785429000854,-0.03690904378890991,0.4655970335006714,0.7229170799255371,-0.012931966222822666,0.45908015966415405,0.7438962459564209,0.005084643606096506,Sissors
0.391848087310791,0.9273446798324585,-1.945529248814637e-07,0.34905529022216797,0.8535874485969543,0.006704156752675772,0.3302021920681,0.7659947276115417,0.010352665558457375,0.33681049942970276,0.6909967064857483,0.015272987075150013,0.34242984652519226,0.647101879119873,0.01990148425102234,0.3891981542110443,0.6962707042694092,-0.01380180474370718,0.37530502676963806,0.5874363780021667,-0.014133374206721783,0.36818766593933105,0.5301357507705688,-0.010113502852618694,0.36317259073257446,0.48603636026382446,-0.006870277225971222,0.43245431780815125,0.7055245637893677,-0.01336565613746643,0.43362072110176086,0.6146498322486877,-0.009944557212293148,0.42172953486442566,0.631202757358551,0.002189932158216834,0.41457220911979675,0.6603807806968689,0.012410569936037064,0.4629009962081909,0.7338061928749084,-0.010149499401450157,0.45962807536125183,0.6641077399253845,-0.007961348630487919,0.44128188490867615,0.6773020029067993,0.0012474601389840245,0.430023193359375,0.702515184879303,0.00832507386803627,0.481828510761261,0.7667931318283081,-0.005172545090317726,0.47433188557624817,0.7222438454627991,0.0009280674275942147,0.4572303295135498,0.7350375056266785,0.011573291383683681,0.44936034083366394,0.7583832144737244,0.020367423072457314,Sissors
0.49417147040367126,0.45154905319213867,-5.4532215187919064e-08,0.5123546123504639,0.48336806893348694,-0.040259554982185364,0.5174552202224731,0.5236167907714844,-0.07871706783771515,0.5121802091598511,0.5589869022369385,-0.10742256790399551,0.49940162897109985,0.5946893095970154,-0.13657072186470032,0.5072293877601624,0.4582456946372986,-0.1270092874765396,0.4793398380279541,0.5203344821929932,-0.16815833747386932,0.4638037383556366,0.5683165192604065,-0.1838427186012268,0.4585988521575928,0.6020829081535339,-0.19144509732723236,0.4843878448009491,0.4379591643810272,-0.12097706645727158,0.43909406661987305,0.5022671818733215,-0.1660154014825821,0.431709885597229,0.5610060691833496,-0.17528000473976135,0.4351639747619629,0.5999398827552795,-0.180598184466362,0.4625571668148041,0.43299734592437744,-0.11283577978610992,0.42161861062049866,0.48886439204216003,-0.1509712189435959,0.4147811532020569,0.5495074987411499,-0.15579700469970703,0.4185810685157776,0.5877913236618042,-0.15682494640350342,0.4442459046840668,0.43878111243247986,-0.10540401190519333,0.4138628840446472,0.48799628019332886,-0.133737713098526,0.4059044420719147,0.5340633392333984,-0.14083033800125122,0.40798282623291016,0.5655734539031982,-0.1452893316745758,Sissors
0.44558489322662354,0.9611692428588867,-1.946849153000585e-07,0.3890264630317688,0.8984525203704834,-0.04089302569627762,0.37089213728904724,0.7948379516601562,-0.04307594522833824,0.3917454481124878,0.7176550626754761,-0.03217450901865959,0.42710134387016296,0.7042793035507202,-0.01747668720781803,0.4581112563610077,0.728679895401001,-0.04065364971756935,0.4631189703941345,0.611558198928833,-0.03750552609562874,0.46837371587753296,0.5496958494186401,-0.032124534249305725,0.478150337934494,0.500224232673645,-0.029643476009368896,0.4995005130767822,0.7471147179603577,-0.014670285396277905,0.4747852087020874,0.6724662184715271,-0.012084920890629292,0.44441527128219604,0.6976141333580017,-0.0031302333809435368,0.433631956577301,0.7341729998588562,0.004904956091195345,0.5174210667610168,0.7682548761367798,0.00940767489373684,0.4907918870449066,0.7061405777931213,0.0059858583845198154,0.462696373462677,0.729109525680542,0.005528370384126902,0.4528198838233948,0.7574706077575684,0.00743460189551115,0.5238583087921143,0.7866101861000061,0.031222913414239883,0.49871477484703064,0.7398821711540222,0.027541032060980797,0.47878676652908325,0.7541784644126892,0.025732936337590218,0.4701308012008667,0.7806816101074219,0.0267836581915617,Sissors
0.32086285948753357,0.8759847283363342,6.11875009326468e-07,0.313026487827301,0.7758427858352661,0.014603436924517155,0.34192657470703125,0.7019742727279663,0.00962008349597454,0.3860093355178833,0.6745638847351074,-0.00021049749921076,0.4256139099597931,0.6740761399269104,-0.009926965460181236,0.3510974943637848,0.6442747712135315,-0.014854145236313343,0.3767662048339844,0.5513315200805664,-0.026677750051021576,0.38736873865127563,0.4911128282546997,-0.032249465584754944,0.3946312367916107,0.44340598583221436,-0.03550448268651962,0.3852965533733368,0.6729250550270081,-0.032364364713430405,0.4494674503803253,0.5826669335365295,-0.044166676700115204,0.4848678410053253,0.5238165855407715,-0.04950667917728424,0.5142766237258911,0.4808867275714874,-0.052844081073999405,0.4123329818248749,0.7152807712554932,-0.04612253978848457,0.46526017785072327,0.6565434336662292,-0.05266799405217171,0.4444420635700226,0.6768848896026611,-0.03938274830579758,0.4252104163169861,0.7003107070922852,-0.027143217623233795,0.4333946108818054,0.7636089324951172,-0.059218455106019974,0.46478477120399475,0.7092059850692749,-0.05385325476527214,0.44794797897338867,0.7215656638145447,-0.03290857747197151,0.43446123600006104,0.7412903904914856,-0.015777412801980972,Sissors
0.20799845457077026,0.7393227219581604,6.592609906874713e-07,0.2423015534877777,0.647001326084137,0.020656270906329155,0.29591307044029236,0.5917422771453857,0.014884352684020996,0.34917646646499634,0.5830362439155579,0.0013752607628703117,0.3881102204322815,0.5968883633613586,-0.010985558852553368,0.3213554918766022,0.5291877388954163,-0.00899389386177063,0.386597216129303,0.46261757612228394,-0.023910924792289734,0.4184730052947998,0.4143863320350647,-0.030827084556221962,0.440356969833374,0.3691554069519043,-0.03513218089938164,0.33136993646621704,0.5648108720779419,-0.03443308174610138,0.42882007360458374,0.5284028053283691,-0.05375352129340172,0.48419928550720215,0.5027936697006226,-0.06105988845229149,0.5257551670074463,0.4820444583892822,-0.06448908150196075,0.33432498574256897,0.6160880923271179,-0.05635366216301918,0.40905240178108215,0.6404404044151306,-0.06713616847991943,0.3843870162963867,0.6605517268180847,-0.05081283673644066,0.35678571462631226,0.6646287441253662,-0.035924024879932404,0.33437326550483704,0.6760953068733215,-0.07801707834005356,0.3989126980304718,0.6901214122772217,-0.07405093312263489,0.37879478931427,0.702752947807312,-0.051250357180833817,0.35379111766815186,0.7048748135566711,-0.03286226466298103,Sissors
0.20456092059612274,0.6374887824058533,7.032428470665764e-07,0.26564058661460876,0.568263590335846,0.02644658461213112,0.33689016103744507,0.5462583899497986,0.02028237283229828,0.39283257722854614,0.5642302632331848,0.005456916056573391,0.4336734712123871,0.5851026773452759,-0.007505824789404869,0.3708398640155792,0.47967541217803955,-0.010533640161156654,0.4391385614871979,0.4300243556499481,-0.0261948574334383,0.47355589270591736,0.38825249671936035,-0.03377852961421013,0.502132773399353,0.346478134393692,-0.039824310690164566,0.36754220724105835,0.5129771828651428,-0.04039663076400757,0.4688163995742798,0.5255898833274841,-0.06404783576726913,0.5281926393508911,0.5284944176673889,-0.07396998256444931,0.5743906497955322,0.5327119827270508,-0.07995057106018066,0.3540142774581909,0.5609288811683655,-0.06564775854349136,0.4229237139225006,0.6336827278137207,-0.077608622610569,0.3896906077861786,0.6446734666824341,-0.058562587946653366,0.36152786016464233,0.635263979434967,-0.042942918837070465,0.33804354071617126,0.6179932355880737,-0.09030579775571823,0.3979882299900055,0.6703057885169983,-0.08705327659845352,0.373566210269928,0.6777284145355225,-0.0626676008105278,0.3495263159275055,0.6682229042053223,-0.04381794109940529,Sissors
0.21777567267417908,0.6465396285057068,4.8660353968443815e-08,0.27149003744125366,0.5710521936416626,0.008431440219283104,0.3428453505039215,0.5057324767112732,-0.006149123888462782,0.3907921612262726,0.440551221370697,-0.024391470476984978,0.4101620614528656,0.3723123073577881,-0.04477348178625107,0.3984338343143463,0.5155755281448364,-0.04313904792070389,0.5005353093147278,0.5490387082099915,-0.06982254236936569,0.562738299369812,0.5694310665130615,-0.08475706726312637,0.6120059490203857,0.5849042534828186,-0.09505952894687653,0.38763007521629333,0.5596616864204407,-0.06069416180253029,0.46408626437187195,0.6514713764190674,-0.08493407815694809,0.42890018224716187,0.6639432907104492,-0.07980754971504211,0.398966521024704,0.6446700096130371,-0.07682572305202484,0.3701976239681244,0.6215066313743591,-0.07527348399162292,0.441156268119812,0.7009416818618774,-0.09343673288822174,0.40707898139953613,0.7009766697883606,-0.07185368984937668,0.37725159525871277,0.6767197847366333,-0.05789436027407646,0.3505250811576843,0.6840425133705139,-0.08873429149389267,0.41183337569236755,0.7380673885345459,-0.09251037240028381,0.3840697109699249,0.7334593534469604,-0.07096400111913681,0.35767626762390137,0.7104793190956116,-0.055890295654535294,Sissors
0.21781352162361145,0.6893057823181152,-3.288162631065461e-08,0.2576453387737274,0.6066008806228638,0.01030853483825922,0.3180682063102722,0.5273517966270447,-0.0016884820070117712,0.3519219160079956,0.45473504066467285,-0.018070342019200325,0.35965561866760254,0.38721778988838196,-0.0372917614877224,0.3877556324005127,0.55479496717453,-0.033522482961416245,0.48694664239883423,0.5801162719726562,-0.05321885645389557,0.5496489405632019,0.5974230170249939,-0.06398352235555649,0.5973142385482788,0.6099467277526855,-0.07175391167402267,0.38632234930992126,0.6063176989555359,-0.04927438125014305,0.44648194313049316,0.6819078922271729,-0.06767679005861282,0.4085768759250641,0.6872004270553589,-0.059930987656116486,0.37131261825561523,0.6641416549682617,-0.054482851177453995,0.3734792470932007,0.672796905040741,-0.062013886868953705,0.4283713698387146,0.7328864336013794,-0.075912706553936,0.393440306186676,0.7335958480834961,-0.05485644191503525,0.3594645857810974,0.7109177112579346,-0.04137064144015312,0.35680943727493286,0.738875687122345,-0.07313301414251328,0.40560752153396606,0.7744090557098389,-0.07701632380485535,0.37368321418762207,0.7729595303535461,-0.05525761842727661,0.34417271614074707,0.7545379996299744,-0.03939061611890793,Sissors
0.354000985622406,0.9953300952911377,-7.398898560495581e-08,0.35796013474464417,0.8836141228675842,2.7279193091089837e-05,0.37595781683921814,0.7854124903678894,-0.016133399680256844,0.36840251088142395,0.6948954463005066,-0.033034030348062515,0.3489706218242645,0.6290302276611328,-0.05144495889544487,0.4617432653903961,0.7874413132667542,-0.03992052748799324,0.5434166789054871,0.7089511156082153,-0.056426241993904114,0.5904656052589417,0.6578574180603027,-0.06370455026626587,0.6249703168869019,0.6188443899154663,-0.06831516325473785,0.4962543547153473,0.8443477749824524,-0.044439248740673065,0.5501608848571777,0.802567720413208,-0.052421994507312775,0.5230374336242676,0.8105999827384949,-0.038602471351623535,0.4887341558933258,0.8287014961242676,-0.028792452067136765,0.5130656957626343,0.9071921110153198,-0.04675403982400894,0.5537751317024231,0.8681976795196533,-0.047034766525030136,0.531916618347168,0.8767231106758118,-0.027130331844091415,0.5031560063362122,0.8948755860328674,-0.01577482931315899,0.5218402147293091,0.9639879465103149,-0.048699259757995605,0.5492490530014038,0.9303919672966003,-0.04154670611023903,0.5272071361541748,0.9361990094184875,-0.021648598834872246,0.5045465230941772,0.9504797458648682,-0.0080619091168046,Sissors
0.47001126408576965,0.9695422649383545,-1.2822734163364657e-07,0.45658087730407715,0.8589457273483276,-0.00553491897881031,0.4597398042678833,0.7606761455535889,-0.02347469888627529,0.4455353021621704,0.6708734035491943,-0.041519369930028915,0.42128100991249084,0.6060311794281006,-0.06059376895427704,0.5609688758850098,0.7405902743339539,-0.033854369074106216,0.617337167263031,0.6471042633056641,-0.04409559443593025,0.6521269083023071,0.5901437997817993,-0.04764671251177788,0.6781743168830872,0.546411395072937,-0.049942683428525925,0.5998505353927612,0.7892802953720093,-0.033791471272706985,0.6246597170829773,0.7234089970588684,-0.039735596626996994,0.5957267880439758,0.7337523102760315,-0.028925733640789986,0.56898033618927,0.7623345255851746,-0.02110813744366169,0.6209642887115479,0.8447146415710449,-0.03170623257756233,0.6402193903923035,0.78331059217453,-0.03639885410666466,0.6159136295318604,0.7922346591949463,-0.022464735433459282,0.5920512080192566,0.818871259689331,-0.013202635571360588,0.6366766691207886,0.8935329914093018,-0.028741134330630302,0.6501676440238953,0.8368477821350098,-0.025102144107222557,0.6262199878692627,0.845891535282135,-0.008041543886065483,0.6071645021438599,0.8712918758392334,0.00467384560033679,Sissors
0.4706709384918213,0.9596065878868103,-1.932765627543631e-07,0.4495496451854706,0.862507164478302,-0.003979464992880821,0.4444974958896637,0.7609639167785645,-0.017398854717612267,0.42980149388313293,0.6736342906951904,-0.029484467580914497,0.40987932682037354,0.6149721741676331,-0.04220721870660782,0.5275594592094421,0.7251713871955872,-0.039634108543395996,0.5690978765487671,0.6136532425880432,-0.05191866308450699,0.5950971841812134,0.5496406555175781,-0.05480096861720085,0.6152403354644775,0.5006707906723022,-0.055781345814466476,0.5713525414466858,0.7633682489395142,-0.03914894163608551,0.6034009456634521,0.6957685947418213,-0.045915134251117706,0.5776549577713013,0.7163845300674438,-0.0319829061627388,0.5513242483139038,0.7480133771896362,-0.021307341754436493,0.5993672013282776,0.8128147125244141,-0.03636253997683525,0.6272608637809753,0.7517992854118347,-0.042848266661167145,0.6059718728065491,0.766532838344574,-0.027139443904161453,0.5833213925361633,0.7936431169509888,-0.015705054625868797,0.6205791234970093,0.8587093353271484,-0.032295841723680496,0.639434814453125,0.8030884265899658,-0.029753427952528,0.6195909380912781,0.8163777589797974,-0.01233724132180214,0.6036866307258606,0.8403886556625366,0.0009080240270122886,Sissors
0.4283239543437958,0.9782723784446716,-5.3567426050449285e-09,0.42741143703460693,0.8758089542388916,0.013468355871737003,0.4355512857437134,0.7762795686721802,-0.0007626122096553445,0.4375359117984772,0.692381739616394,-0.01792011596262455,0.42702987790107727,0.6227700710296631,-0.035628706216812134,0.4618557393550873,0.7388191223144531,-0.05317714065313339,0.5139399766921997,0.6269837617874146,-0.08118651062250137,0.5390434265136719,0.5573470592498779,-0.0907171368598938,0.553960919380188,0.4997622072696686,-0.09510702639818192,0.47906482219696045,0.7706633806228638,-0.07102394104003906,0.5770835280418396,0.7247891426086426,-0.09512334316968918,0.5625531673431396,0.768211305141449,-0.07787797600030899,0.5320780277252197,0.7944005727767944,-0.06371326744556427,0.5002073645591736,0.8206353187561035,-0.08533953875303268,0.5906503200531006,0.7969435453414917,-0.10491926223039627,0.5698572397232056,0.8276388645172119,-0.07873640954494476,0.5397250056266785,0.8419214487075806,-0.05973411723971367,0.5232100486755371,0.8751587271690369,-0.0973360538482666,0.5909997224807739,0.8518800139427185,-0.09965968132019043,0.5707501769065857,0.8753678798675537,-0.07528401911258698,0.5405317544937134,0.8852546215057373,-0.05809438228607178,Sissors
0.46688270568847656,0.9788841605186462,9.81627081841907e-08,0.51978600025177,0.8815386295318604,-0.008125843480229378,0.5299443602561951,0.7947062253952026,-0.027709567919373512,0.5274671316146851,0.7334539890289307,-0.05145176127552986,0.5266937613487244,0.6922726631164551,-0.07389337569475174,0.4711213707923889,0.7140987515449524,-0.037146683782339096,0.4935608208179474,0.6285479068756104,-0.07826204597949982,0.507972002029419,0.5616747736930847,-0.10275726765394211,0.5189040899276733,0.5081843137741089,-0.11839984357357025,0.43625718355178833,0.7427978515625,-0.05458999052643776,0.5330132842063904,0.7431712746620178,-0.09950078278779984,0.5376597046852112,0.8014573454856873,-0.10242529213428497,0.5152580738067627,0.8196148872375488,-0.09888938069343567,0.41942936182022095,0.7934811115264893,-0.07434143871068954,0.5204952359199524,0.809606671333313,-0.1166040450334549,0.5194432735443115,0.8581982851028442,-0.10467641055583954,0.49357134103775024,0.8622915148735046,-0.09085825085639954,0.4162144064903259,0.8528521656990051,-0.09580595791339874,0.4972231984138489,0.8667969107627869,-0.1201053038239479,0.501840353012085,0.8960541486740112,-0.10945634543895721,0.4786292314529419,0.899694561958313,-0.09822817891836166,Sissors
0.6386624574661255,0.8715987205505371,9.646799981055665e-07,0.5822834372520447,0.8273085355758667,-0.025426477193832397,0.54520583152771,0.7700093388557434,-0.05077020078897476,0.5364353060722351,0.7223073244094849,-0.07929643988609314,0.567964494228363,0.696928858757019,-0.10587728023529053,0.5890294909477234,0.6301057934761047,-0.03869543969631195,0.5848314762115479,0.5221682786941528,-0.07037893682718277,0.5842996835708618,0.4575411081314087,-0.09048203378915787,0.5900668501853943,0.406249076128006,-0.10567155480384827,0.6328321099281311,0.6441335678100586,-0.05077100917696953,0.6642538905143738,0.5404095649719238,-0.09331881999969482,0.6808421015739441,0.469326913356781,-0.12180881947278976,0.6960963010787964,0.41222578287124634,-0.1388225555419922,0.6616113185882568,0.6813501715660095,-0.06438247114419937,0.6409176588058472,0.6252561807632446,-0.10931458324193954,0.6048581004142761,0.6829490065574646,-0.11382436752319336,0.5848332047462463,0.7299203276634216,-0.10728386044502258,0.6734904646873474,0.7310209274291992,-0.08014770597219467,0.6307196021080017,0.7253062129020691,-0.11217731237411499,0.5987253785133362,0.763097882270813,-0.11275451630353928,0.5821443796157837,0.7933511137962341,-0.10690876841545105,Sissors
0.6181997656822205,0.8566492795944214,1.1399716868254473e-06,0.5663269758224487,0.8349156975746155,-0.024116022512316704,0.5281395316123962,0.786891520023346,-0.0572054497897625,0.5176839232444763,0.7414684891700745,-0.09519793093204498,0.549887478351593,0.7231267094612122,-0.1327509582042694,0.5716016292572021,0.6687208414077759,-0.037383247166872025,0.5588068962097168,0.5801829695701599,-0.07452797144651413,0.55353844165802,0.5151623487472534,-0.09668096154928207,0.5566246509552002,0.4706900119781494,-0.11296223104000092,0.6109964847564697,0.6765870451927185,-0.057368092238903046,0.6338819265365601,0.5849720239639282,-0.1071782186627388,0.6442462205886841,0.518253743648529,-0.13731056451797485,0.6544826626777649,0.47053176164627075,-0.15167920291423798,0.6398254632949829,0.705017626285553,-0.07954388856887817,0.6200591921806335,0.6523025035858154,-0.13442367315292358,0.5899257659912109,0.700363039970398,-0.1425723433494568,0.574958086013794,0.7384434938430786,-0.136347234249115,0.6582237482070923,0.7394428849220276,-0.10363607108592987,0.6130945086479187,0.7501909136772156,-0.15100476145744324,0.5824629068374634,0.7947444915771484,-0.15897329151630402,0.5664045214653015,0.8279151916503906,-0.15542905032634735,Sissors
0.6328725814819336,0.888170063495636,9.326576559942623e-07,0.5682587027549744,0.8355178236961365,-0.017874689772725105,0.5292752981185913,0.7796028256416321,-0.03904016688466072,0.5083737373352051,0.7358191013336182,-0.0637102797627449,0.5174990892410278,0.7140700221061707,-0.08687898516654968,0.5691928267478943,0.6549184918403625,-0.03670693188905716,0.5601845979690552,0.54343581199646,-0.06458568572998047,0.555522084236145,0.4786451458930969,-0.08233989775180817,0.5566334128379822,0.424799382686615,-0.09562727063894272,0.6105560064315796,0.6688075661659241,-0.05042630061507225,0.6248539090156555,0.5607501864433289,-0.08828955888748169,0.63383948802948,0.48640865087509155,-0.11548790335655212,0.6423719525337219,0.4251820147037506,-0.1325657218694687,0.6376134157180786,0.7048221826553345,-0.0642276480793953,0.5895460247993469,0.6604469418525696,-0.10428369045257568,0.5482799410820007,0.7053226828575134,-0.11186133325099945,0.5244810581207275,0.7456070184707642,-0.10917747020721436,0.6440753936767578,0.7543234825134277,-0.07935839891433716,0.588424563407898,0.744222104549408,-0.10585139691829681,0.5539132952690125,0.7722465395927429,-0.10605335235595703,0.5353182554244995,0.7988351583480835,-0.10177706182003021,Sissors
0.6751747727394104,0.8656936287879944,7.991401389517705e-07,0.6048449277877808,0.8031808733940125,0.031121298670768738,0.568096399307251,0.7521702647209167,0.02253149077296257,0.5403560996055603,0.7238385081291199,0.003885918762534857,0.5191043019294739,0.7088851928710938,-0.014018699526786804,0.5844144821166992,0.6716121435165405,-0.02115853875875473,0.5499297380447388,0.5660321712493896,-0.048692524433135986,0.5350332856178284,0.4971442222595215,-0.06673198938369751,0.5265251994132996,0.4381932020187378,-0.08074513077735901,0.5969388484954834,0.6851413249969482,-0.051251113414764404,0.5408931374549866,0.6088153719902039,-0.09485974162817001,0.5152544379234314,0.5416660308837891,-0.12226603180170059,0.5025774240493774,0.48899778723716736,-0.14120201766490936,0.5986393690109253,0.7229111194610596,-0.07385829836130142,0.5094273686408997,0.7063764929771423,-0.09237638860940933,0.4825041592121124,0.7543830871582031,-0.07549843937158585,0.4731180965900421,0.7876858711242676,-0.0630306825041771,0.5933207273483276,0.7698506116867065,-0.09537392854690552,0.5153656005859375,0.7761873602867126,-0.10090817511081696,0.4969733953475952,0.8049702048301697,-0.08565796911716461,0.48876410722732544,0.8260748982429504,-0.07338247448205948,Sissors
0.6668794751167297,0.8629390001296997,9.273812224819267e-07,0.5956341624259949,0.7818033695220947,0.07843936234712601,0.5517167448997498,0.744703471660614,0.07191959768533707,0.5186525583267212,0.7325586080551147,0.04794326797127724,0.4882814288139343,0.7243470549583435,0.025050455704331398,0.5536491870880127,0.6582897305488586,-0.015062578022480011,0.5358982682228088,0.5602925419807434,-0.04963412880897522,0.5352504253387451,0.4852208197116852,-0.07420549541711807,0.5392042398452759,0.42686694860458374,-0.09338700026273727,0.5602331161499023,0.6965852975845337,-0.06784448772668839,0.48503369092941284,0.6364853382110596,-0.12749676406383514,0.4408293068408966,0.5860892534255981,-0.15723593533039093,0.411309152841568,0.5471467971801758,-0.1780700832605362,0.5619765520095825,0.751638650894165,-0.10534428805112839,0.47496291995048523,0.7467787265777588,-0.1128033697605133,0.473522812128067,0.7885950803756714,-0.06333555281162262,0.48396041989326477,0.811599850654602,-0.03187565878033638,0.560122549533844,0.8012389540672302,-0.13925491273403168,0.4948233664035797,0.8139742612838745,-0.12161314487457275,0.491241991519928,0.8392229676246643,-0.07712426781654358,0.49687832593917847,0.850264310836792,-0.04585910588502884,Sissors
0.6628971099853516,0.8643458485603333,8.592791118644527e-07,0.5883829593658447,0.7839300632476807,0.08395154774188995,0.5433982610702515,0.7414734363555908,0.08188802748918533,0.5084699988365173,0.7270252704620361,0.06232810020446777,0.476653128862381,0.7133272290229797,0.04369531571865082,0.5411449074745178,0.6582590341567993,-0.011486710980534554,0.5252069234848022,0.5607315301895142,-0.04347797483205795,0.5257853269577026,0.48479464650154114,-0.06671956926584244,0.530575692653656,0.425331175327301,-0.08516159653663635,0.5488986968994141,0.6948022246360779,-0.06436215341091156,0.470817506313324,0.638006329536438,-0.12063455581665039,0.42325496673583984,0.5896942019462585,-0.14930742979049683,0.3921116888523102,0.5539795756340027,-0.17059491574764252,0.5515055656433105,0.7506009340286255,-0.10132948309183121,0.46429163217544556,0.7446717023849487,-0.1052737757563591,0.46376341581344604,0.7889121770858765,-0.055951595306396484,0.4750351011753082,0.8136939406394958,-0.025723468512296677,0.5501328706741333,0.8013162016868591,-0.13399361073970795,0.48327404260635376,0.8121976852416992,-0.1126486212015152,0.4827924072742462,0.8405680060386658,-0.06768124550580978,0.49146386981010437,0.8543268442153931,-0.03716680407524109,Sissors
0.6579888463020325,0.7774290442466736,4.84819793200586e-07,0.6271481513977051,0.7251715660095215,0.014485884457826614,0.5796771049499512,0.6935566067695618,0.01198550220578909,0.535512387752533,0.6892125010490417,0.005477729719132185,0.5053397417068481,0.6987853050231934,-0.0021602706983685493,0.5654610395431519,0.6596490740776062,-0.017401304095983505,0.5240743160247803,0.6107931137084961,-0.03177943825721741,0.49398237466812134,0.5794461965560913,-0.03669211268424988,0.47365450859069824,0.5583111047744751,-0.03894016146659851,0.5648196935653687,0.6775145530700684,-0.03444047272205353,0.4996626377105713,0.6556236743927002,-0.049219273030757904,0.4567245841026306,0.644933819770813,-0.05163884162902832,0.4329318404197693,0.6407480239868164,-0.05274004489183426,0.5664187073707581,0.718334436416626,-0.04892180114984512,0.483422189950943,0.746283233165741,-0.06345004588365555,0.4787827134132385,0.7765868306159973,-0.05444534495472908,0.49304890632629395,0.792885959148407,-0.04491633176803589,0.5723052024841309,0.7678036093711853,-0.061945363879203796,0.5039045810699463,0.8050196170806885,-0.07837369292974472,0.494692325592041,0.828191339969635,-0.07685957103967667,0.501550018787384,0.843560516834259,-0.07157265394926071,Sissors
0.6796294450759888,0.7964147329330444,6.717634164488118e-07,0.6097910404205322,0.7344151735305786,0.05645817145705223,0.5545098781585693,0.7070140838623047,0.051481109112501144,0.5039727091789246,0.7159023880958557,0.03359958156943321,0.46454286575317383,0.7313284277915955,0.015675654634833336,0.5409180521965027,0.6304440498352051,-0.014829928055405617,0.5077882409095764,0.5409113764762878,-0.04733481630682945,0.49921703338623047,0.4686206579208374,-0.07236131280660629,0.4941491484642029,0.41083377599716187,-0.09093382954597473,0.5505229234695435,0.6566134095191956,-0.05403235927224159,0.44916895031929016,0.6334117650985718,-0.09358664602041245,0.39035025238990784,0.60660320520401,-0.11712943017482758,0.3503883481025696,0.5871198773384094,-0.1373869776725769,0.5581346154212952,0.7093373537063599,-0.08289966732263565,0.4625794291496277,0.7368997931480408,-0.08666740357875824,0.47413748502731323,0.7764793634414673,-0.053574658930301666,0.49265056848526,0.7913511395454407,-0.034634336829185486,0.563336193561554,0.7609090209007263,-0.10915035754442215,0.49091005325317383,0.7959765195846558,-0.09731883555650711,0.4951530694961548,0.8235901594161987,-0.06744202226400375,0.507294774055481,0.8282347917556763,-0.04778783395886421,Sissors
0.686195969581604,0.8075390458106995,7.286670893336122e-07,0.5982310771942139,0.801760196685791,0.0199176874011755,0.5521308183670044,0.7741933465003967,0.010229915380477905,0.520305335521698,0.7564070224761963,-0.008916591294109821,0.49689579010009766,0.7453961968421936,-0.027597634121775627,0.5522308349609375,0.6565732359886169,-0.014213602058589458,0.5084732174873352,0.5764421224594116,-0.039198338985443115,0.48333704471588135,0.5207027792930603,-0.05629841983318329,0.4641696810722351,0.4721153676509857,-0.06899100542068481,0.5680216550827026,0.6547735333442688,-0.040091659873723984,0.4904641807079315,0.6178808212280273,-0.07601924985647202,0.44158244132995605,0.5746662616729736,-0.10008561611175537,0.41157180070877075,0.5369031429290771,-0.11668243259191513,0.5826542973518372,0.6849374771118164,-0.06163329631090164,0.4953898787498474,0.7164688110351562,-0.08328120410442352,0.48718923330307007,0.7735579609870911,-0.07295472174882889,0.49419549107551575,0.8060059547424316,-0.06285043060779572,0.5944060683250427,0.7300925850868225,-0.08290629833936691,0.5294251441955566,0.7828282713890076,-0.09389602392911911,0.5196976661682129,0.8187943696975708,-0.08451540023088455,0.5219483971595764,0.8351554274559021,-0.07506505399942398,Sissors
0.5895172357559204,0.7577208876609802,1.0852322702703532e-06,0.5475746393203735,0.7635572552680969,-0.02389288879930973,0.5061508417129517,0.7544031143188477,-0.05040920898318291,0.4846394956111908,0.7479649186134338,-0.07634859532117844,0.4946281909942627,0.7344344854354858,-0.10218119621276855,0.507447361946106,0.6333637833595276,-0.05886691436171532,0.46750515699386597,0.5591803193092346,-0.09013663232326508,0.44191452860832214,0.5102593898773193,-0.11003132909536362,0.4254761338233948,0.46314242482185364,-0.12537819147109985,0.537916898727417,0.6181924343109131,-0.06894761323928833,0.4974031448364258,0.543952226638794,-0.10988283902406693,0.4716762900352478,0.49103546142578125,-0.13667047023773193,0.456892728805542,0.4437476396560669,-0.15296775102615356,0.5686810612678528,0.6325165629386902,-0.07743946462869644,0.5121039748191833,0.6479907035827637,-0.11735343188047409,0.5125370025634766,0.7168412208557129,-0.11737360805273056,0.5185628533363342,0.7569752931594849,-0.10947447270154953,0.5903136134147644,0.6708596348762512,-0.0875481516122818,0.5444285273551941,0.7239944338798523,-0.11861877143383026,0.5340187549591064,0.775593101978302,-0.11752232164144516,0.5314332842826843,0.803874671459198,-0.11130554974079132,Sissors
0.6157048344612122,0.7967959642410278,7.839132081244315e-07,0.5620208382606506,0.8035464882850647,-0.023089969530701637,0.5102421641349792,0.788561999797821,-0.04461770877242088,0.4889780282974243,0.7570348978042603,-0.06981675326824188,0.5101704001426697,0.7183845639228821,-0.09283043444156647,0.4858282804489136,0.6589491963386536,-0.02237480692565441,0.42654508352279663,0.608539879322052,-0.04606737941503525,0.3916316330432892,0.5764803290367126,-0.05963629484176636,0.3653777837753296,0.5449075698852539,-0.06963058561086655,0.5209603309631348,0.6324840188026428,-0.03305293247103691,0.49259328842163086,0.5413793921470642,-0.0623728409409523,0.4772321581840515,0.4806510806083679,-0.07858558744192123,0.46531060338020325,0.42513686418533325,-0.08633193373680115,0.5607622265815735,0.6333471536636353,-0.04704795777797699,0.5248433947563171,0.6116684079170227,-0.08628156036138535,0.5263528227806091,0.683690071105957,-0.0881095603108406,0.5349217653274536,0.7288967370986938,-0.07820486277341843,0.5979779362678528,0.6553410887718201,-0.06319519132375717,0.563556969165802,0.6611937284469604,-0.09059155732393265,0.5551056265830994,0.7124636173248291,-0.08856289833784103,0.5568064451217651,0.745922863483429,-0.08061973005533218,Sissors
0.6269550323486328,0.8384779691696167,7.564026986983663e-07,0.5729557275772095,0.8367832899093628,-0.01749204471707344,0.5244350433349609,0.8124855756759644,-0.03560827299952507,0.5079612135887146,0.7741288542747498,-0.05874397233128548,0.5250135064125061,0.7361710071563721,-0.0798424556851387,0.5090618133544922,0.6932435631752014,-0.018738118931651115,0.44861936569213867,0.6493088603019714,-0.04399057850241661,0.4133322238922119,0.6222513914108276,-0.059264980256557465,0.3848496079444885,0.5956910848617554,-0.07046125829219818,0.5438859462738037,0.6654459834098816,-0.031895142048597336,0.5185121893882751,0.56995689868927,-0.06484255939722061,0.5060358643531799,0.502392053604126,-0.08505675196647644,0.4991905987262726,0.4436088800430298,-0.09528744220733643,0.5820169448852539,0.6692655086517334,-0.04742952063679695,0.5455405712127686,0.6406676769256592,-0.08667223900556564,0.5433413982391357,0.7153425216674805,-0.0859251394867897,0.5494909286499023,0.7642378211021423,-0.07422588765621185,0.616154670715332,0.6932421922683716,-0.0649082213640213,0.5792229771614075,0.6983833312988281,-0.09220387786626816,0.5692492723464966,0.7505218386650085,-0.088300421833992,0.5698781609535217,0.786699116230011,-0.07854928821325302,Sissors
0.6265996694564819,0.8358463048934937,7.415156346723961e-07,0.5751887559890747,0.8357417583465576,-0.018561163917183876,0.5235636830329895,0.8097208738327026,-0.03576520085334778,0.510259211063385,0.7674376964569092,-0.05774478241801262,0.5339826345443726,0.7314530611038208,-0.07791303098201752,0.5105107426643372,0.6919708251953125,-0.018711408600211143,0.45079728960990906,0.6461308002471924,-0.04318692162632942,0.41633492708206177,0.6176109313964844,-0.05751832202076912,0.38857513666152954,0.5902184247970581,-0.0681864470243454,0.5455414056777954,0.6620189547538757,-0.031131306663155556,0.5206344127655029,0.5636845231056213,-0.06258247792720795,0.5065062046051025,0.4979841709136963,-0.08121352642774582,0.4963127672672272,0.44064003229141235,-0.09036421030759811,0.5834800601005554,0.6637809872627258,-0.04617604240775108,0.5486239790916443,0.6298466324806213,-0.08568017929792404,0.5482908487319946,0.7063043713569641,-0.08495434373617172,0.5540297627449036,0.7561622262001038,-0.07286359369754791,0.6191549897193909,0.685055136680603,-0.06318768113851547,0.5849753022193909,0.688012421131134,-0.09119528532028198,0.5760415196418762,0.7425937652587891,-0.08788596838712692,0.5763329863548279,0.780295729637146,-0.07841446250677109,Sissors
0.5988773703575134,0.880986750125885,7.062944291647e-07,0.5538036823272705,0.8676335215568542,-0.023807523772120476,0.5095469951629639,0.8122515082359314,-0.03886482119560242,0.5290473699569702,0.7620283961296082,-0.055775828659534454,0.5686522722244263,0.7291083931922913,-0.07219044864177704,0.5184366106987,0.6805365681648254,-0.029155654832720757,0.47867169976234436,0.6052919030189514,-0.05185408145189285,0.45580291748046875,0.554380476474762,-0.0651090070605278,0.43862617015838623,0.5076665878295898,-0.0753358006477356,0.5606213808059692,0.6666269898414612,-0.0368276983499527,0.5632034540176392,0.5603958964347839,-0.06390896439552307,0.5688218474388123,0.49315929412841797,-0.07982032746076584,0.5753438472747803,0.4364606738090515,-0.08806947618722916,0.5982190370559692,0.6846120357513428,-0.0469493567943573,0.6014665365219116,0.6437060832977295,-0.08501432836055756,0.5920047760009766,0.7167271375656128,-0.08843988925218582,0.5867931246757507,0.7707099318504333,-0.0802982822060585,0.6290814876556396,0.7186571955680847,-0.05896860361099243,0.6257543563842773,0.707487940788269,-0.09048917889595032,0.6134194731712341,0.7613741159439087,-0.09064598381519318,0.6047272682189941,0.8039662837982178,-0.08371518552303314,Sissors
0.5784372091293335,0.9086185693740845,7.415380309794273e-07,0.5334402322769165,0.888836681842804,-0.030406270176172256,0.5005697011947632,0.8299753665924072,-0.049043208360672,0.5320766568183899,0.7952971458435059,-0.06794730573892593,0.5751501321792603,0.773951530456543,-0.08590183407068253,0.5228210687637329,0.6934863924980164,-0.036386020481586456,0.49834883213043213,0.6068767309188843,-0.06077277287840843,0.48328593373298645,0.5498103499412537,-0.07509605586528778,0.47248131036758423,0.49860548973083496,-0.0858619287610054,0.5680080652236938,0.6893930435180664,-0.04211754351854324,0.5846268534660339,0.5908147096633911,-0.06910935044288635,0.5999980568885803,0.5262677669525146,-0.08530391752719879,0.6144815683364868,0.4697686433792114,-0.0943671241402626,0.6025015115737915,0.7178413271903992,-0.05086640641093254,0.6138449907302856,0.6881426572799683,-0.08914226293563843,0.5987861156463623,0.7584215402603149,-0.0934537872672081,0.5889877676963806,0.8085291385650635,-0.08644214272499084,0.6271251440048218,0.7617694735527039,-0.06211457774043083,0.6269119381904602,0.7600375413894653,-0.09478288143873215,0.6107150912284851,0.8102659583091736,-0.0959511548280716,0.5990878939628601,0.8474847674369812,-0.08988457918167114,Sissors
0.5980151891708374,0.9177564978599548,8.199811531994783e-07,0.5618941783905029,0.8872262239456177,-0.042185235768556595,0.5469678640365601,0.8263225555419922,-0.06720458716154099,0.5939155220985413,0.8024659156799316,-0.09034523367881775,0.6464493274688721,0.7914483547210693,-0.11139680445194244,0.5887318253517151,0.6874577403068542,-0.04519917443394661,0.5925307869911194,0.589451253414154,-0.07455845922231674,0.5959675312042236,0.5265098810195923,-0.09212549030780792,0.6017978191375732,0.4704655408859253,-0.10471567511558533,0.6386595964431763,0.6976890563964844,-0.046710506081581116,0.6752468347549438,0.6089156866073608,-0.07863427698612213,0.7041651010513306,0.5506194829940796,-0.09702499210834503,0.7283592820167542,0.49570709466934204,-0.10681305825710297,0.670302152633667,0.7377688884735107,-0.05268391594290733,0.6934747695922852,0.7178857326507568,-0.09996666759252548,0.6677048802375793,0.7872668504714966,-0.10755231231451035,0.6464158892631531,0.8354343175888062,-0.10027255117893219,0.6889078617095947,0.7917577624320984,-0.061738334596157074,0.6996283531188965,0.7930507659912109,-0.10380744934082031,0.673102080821991,0.8381952047348022,-0.10886204242706299,0.6479823589324951,0.8705222010612488,-0.10358268022537231,Sissors
0.7088208198547363,0.9120034575462341,6.663880753876583e-07,0.6601979732513428,0.8144969940185547,0.07408657670021057,0.6145884990692139,0.7636551856994629,0.07039926201105118,0.5690038204193115,0.760137140750885,0.05619159713387489,0.5267391800880432,0.7642620205879211,0.04135880991816521,0.6001264452934265,0.7068244218826294,-0.03883935883641243,0.5723345875740051,0.614508867263794,-0.06692195683717728,0.5664286613464355,0.5390968322753906,-0.08850060403347015,0.5653626918792725,0.480368047952652,-0.10508468747138977,0.5937971472740173,0.7540281414985657,-0.07686574757099152,0.4952729344367981,0.6998650431632996,-0.11400666832923889,0.4411243200302124,0.6593523621559143,-0.1309857964515686,0.40396422147750854,0.6341935992240906,-0.14874953031539917,0.5833953619003296,0.8133782744407654,-0.09751572459936142,0.49849778413772583,0.7933202385902405,-0.07651839405298233,0.5193803310394287,0.8095179200172424,-0.022095181047916412,0.5425012707710266,0.8192236423492432,0.003911525942385197,0.5740962624549866,0.8635334968566895,-0.11445614695549011,0.5147417187690735,0.849978506565094,-0.07441803067922592,0.5336685180664062,0.8599061369895935,-0.02394532598555088,0.5547516345977783,0.8632085919380188,0.006038890220224857,Sissors
0.699228048324585,0.9205418229103088,1.1013473510956828e-07,0.6877568960189819,0.8221893906593323,0.0034496374428272247,0.6622597575187683,0.7265616655349731,-0.008533880114555359,0.65097576379776,0.642097532749176,-0.01934722065925598,0.6558997631072998,0.5754545331001282,-0.03304022178053856,0.6013469099998474,0.7291083335876465,-0.051177553832530975,0.5166100263595581,0.6581431031227112,-0.07097608596086502,0.47417759895324707,0.6124133467674255,-0.08048013597726822,0.43981826305389404,0.5755078792572021,-0.08559867739677429,0.577052116394043,0.7789428234100342,-0.053004734218120575,0.49552029371261597,0.7708540558815002,-0.05934862419962883,0.525026798248291,0.7949240803718567,-0.041159722954034805,0.5621150732040405,0.8090782165527344,-0.028810417279601097,0.563184916973114,0.8368691802024841,-0.051797810941934586,0.513503909111023,0.8443390130996704,-0.05225053429603577,0.5444188714027405,0.8546717166900635,-0.03091638721525669,0.5758000016212463,0.8612591624259949,-0.018080778419971466,0.5557925701141357,0.8880605697631836,-0.04965529218316078,0.5285300612449646,0.884459912776947,-0.04239344224333763,0.5548935532569885,0.8932885527610779,-0.02367163635790348,0.5771042108535767,0.8978241086006165,-0.010953115299344063,Sissors
0.613395631313324,0.7699958086013794,6.224413482414093e-07,0.5240039825439453,0.755104660987854,-0.03708318620920181,0.4436412453651428,0.6936307549476624,-0.05341692268848419,0.3906404376029968,0.6328795552253723,-0.06711243093013763,0.3450649380683899,0.5891172885894775,-0.08061995357275009,0.48795366287231445,0.5132107734680176,-0.02661549486219883,0.4472101032733917,0.4076444208621979,-0.048676665872335434,0.42249369621276855,0.3423241972923279,-0.06821587681770325,0.4026966392993927,0.2819547653198242,-0.08410236239433289,0.5380473732948303,0.48729729652404785,-0.030284784734249115,0.5224931836128235,0.36070096492767334,-0.04941185563802719,0.5101197957992554,0.2779121994972229,-0.06844472140073776,0.4993889629840851,0.2065431773662567,-0.08366712927818298,0.5849671363830566,0.4912734031677246,-0.04014451056718826,0.588975727558136,0.3726484775543213,-0.06567591428756714,0.5889259576797485,0.2958345413208008,-0.0856652557849884,0.5869795083999634,0.22718319296836853,-0.09985797107219696,0.6292250156402588,0.5167196989059448,-0.05357721447944641,0.6517150402069092,0.4280576705932617,-0.07971267402172089,0.6653232574462891,0.36794018745422363,-0.09347055852413177,0.6755813956260681,0.3102113604545593,-0.10300493240356445,Paper
0.608160674571991,0.829426646232605,6.497967888208223e-07,0.5206186771392822,0.8123255968093872,-0.042060788720846176,0.4421054720878601,0.7554305791854858,-0.06364862620830536,0.38263604044914246,0.7007028460502625,-0.08177768439054489,0.331623375415802,0.6600311994552612,-0.0994444489479065,0.4825581908226013,0.5747765898704529,-0.03650813549757004,0.44179457426071167,0.4636414647102356,-0.06280387192964554,0.4152988791465759,0.39382728934288025,-0.08359602093696594,0.39368361234664917,0.33274218440055847,-0.1000121459364891,0.5324433445930481,0.5486535429954529,-0.03916286304593086,0.5156649351119995,0.41816920042037964,-0.06347287446260452,0.5032514929771423,0.33360031247138977,-0.08440281450748444,0.4928182065486908,0.2619478404521942,-0.10022642463445663,0.5800826549530029,0.5538824796676636,-0.0479356087744236,0.5829072594642639,0.43212732672691345,-0.07930673658847809,0.5832123160362244,0.35341018438339233,-0.10157082974910736,0.5822318196296692,0.2817543148994446,-0.11650552600622177,0.6261706948280334,0.5823541283607483,-0.060172658413648605,0.6523299813270569,0.4960024356842041,-0.09246828407049179,0.6685267686843872,0.43507736921310425,-0.10904765129089355,0.6812196373939514,0.3759903609752655,-0.11958391964435577,Paper
0.5961570739746094,0.9605504274368286,6.312164373412088e-07,0.5173102617263794,0.9337902069091797,-0.03470230475068092,0.4519270062446594,0.8593966364860535,-0.052711695432662964,0.4079379439353943,0.7946807742118835,-0.06753657013177872,0.3661636710166931,0.7437272667884827,-0.0825500562787056,0.4938789904117584,0.7008357048034668,-0.03896559774875641,0.4656437039375305,0.5863670110702515,-0.06626236438751221,0.4484504759311676,0.5133459568023682,-0.08646862208843231,0.4362034797668457,0.45014098286628723,-0.10220900177955627,0.5436606407165527,0.6863201856613159,-0.045051459223032,0.535528838634491,0.5583291053771973,-0.06939228624105453,0.529518723487854,0.4747468829154968,-0.0899059921503067,0.5255102515220642,0.40427377820014954,-0.1052476018667221,0.590041995048523,0.705535888671875,-0.055733926594257355,0.6046120524406433,0.5887396335601807,-0.08741354197263718,0.6143870949745178,0.5120573043823242,-0.10867740213871002,0.6211746335029602,0.4419909119606018,-0.12316299229860306,0.6330800652503967,0.7511516213417053,-0.06872639060020447,0.6660260558128357,0.678314208984375,-0.10339952260255814,0.685700535774231,0.6257296800613403,-0.1196594387292862,0.7006195783615112,0.572594165802002,-0.12954173982143402,Paper
0.6480070948600769,0.911922037601471,8.004012101991975e-07,0.5730196833610535,0.8523155450820923,-0.026948899030685425,0.5251941680908203,0.756404459476471,-0.04557458311319351,0.4959554970264435,0.6807243227958679,-0.06267336010932922,0.46084845066070557,0.622197687625885,-0.08194907009601593,0.5747463703155518,0.6426528692245483,-0.051614318042993546,0.5686966180801392,0.5160704255104065,-0.08768079429864883,0.5654178857803345,0.4359215497970581,-0.11271639168262482,0.5638014674186707,0.36518824100494385,-0.13202689588069916,0.6233671307563782,0.650153636932373,-0.06608039885759354,0.6404702067375183,0.5225018858909607,-0.10365371406078339,0.6496526002883911,0.43299904465675354,-0.1315256953239441,0.6579525470733643,0.35480621457099915,-0.15136486291885376,0.664002537727356,0.6918518543243408,-0.08341388404369354,0.6982220411300659,0.5868525505065918,-0.1279318630695343,0.721254289150238,0.5103772282600403,-0.15686717629432678,0.7406162023544312,0.4375489354133606,-0.17581965029239655,0.6961418390274048,0.7580516934394836,-0.10141663253307343,0.7383812665939331,0.7076743245124817,-0.14883707463741302,0.7663030624389648,0.6655397415161133,-0.1714218109846115,0.7907290458679199,0.6192933320999146,-0.18519853055477142,Paper
0.6389643549919128,0.8192155361175537,8.429608442384051e-07,0.5562573075294495,0.7645239233970642,-0.025442732498049736,0.5105052590370178,0.6673165559768677,-0.05102117359638214,0.48465049266815186,0.5924040675163269,-0.0764276310801506,0.45722612738609314,0.5160759091377258,-0.10648439079523087,0.5412322878837585,0.562663733959198,-0.07898019254207611,0.5420312285423279,0.431612491607666,-0.12877137959003448,0.5344764590263367,0.3500024080276489,-0.1644526720046997,0.5288727283477783,0.2765374481678009,-0.1931161880493164,0.5754757523536682,0.5810133814811707,-0.1021028682589531,0.5942816138267517,0.44863927364349365,-0.15579719841480255,0.5969264507293701,0.35642239451408386,-0.19995594024658203,0.5973230600357056,0.2665247917175293,-0.23522402346134186,0.6037144064903259,0.6264930367469788,-0.1263013482093811,0.6341323852539062,0.521721363067627,-0.18293341994285583,0.6395959258079529,0.4441603720188141,-0.22936253249645233,0.6422343254089355,0.3678199052810669,-0.2645626366138458,0.6273517608642578,0.6929183006286621,-0.15034498274326324,0.6568134427070618,0.6427895426750183,-0.20787933468818665,0.6678193807601929,0.6005000472068787,-0.24539868533611298,0.6762381792068481,0.5536029934883118,-0.2744215726852417,Paper
0.573955774307251,0.7390202283859253,7.250995963659079e-07,0.4998281002044678,0.6632781624794006,0.006969898473471403,0.4605393707752228,0.5755299925804138,-0.009522626176476479,0.44515594840049744,0.5046336650848389,-0.02905149571597576,0.4293762743473053,0.4423777759075165,-0.05285985767841339,0.4686025083065033,0.49847638607025146,-0.07526860386133194,0.46858808398246765,0.38491499423980713,-0.12889213860034943,0.4606739580631256,0.30459022521972656,-0.164931058883667,0.4606168270111084,0.2323094606399536,-0.1923471838235855,0.48392242193222046,0.525944709777832,-0.10907302796840668,0.4853734076023102,0.40372222661972046,-0.17622578144073486,0.48188403248786926,0.3168795704841614,-0.22478510439395905,0.47872209548950195,0.23249199986457825,-0.26176387071609497,0.5017134547233582,0.5709994435310364,-0.13822852075099945,0.5093613862991333,0.47125381231307983,-0.20085564255714417,0.5075860023498535,0.3983878493309021,-0.2425970584154129,0.5030724406242371,0.3287334442138672,-0.27282220125198364,0.5174716711044312,0.6277624368667603,-0.16369733214378357,0.5111589431762695,0.5763475894927979,-0.21829214692115784,0.4977600872516632,0.5384678840637207,-0.2520042657852173,0.4833434224128723,0.4963703453540802,-0.2791098952293396,Paper
0.5602158904075623,0.7037448883056641,7.606930125803046e-07,0.5317524075508118,0.6136667728424072,0.003014889545738697,0.5036700367927551,0.5591148138046265,-0.023426301777362823,0.4790187478065491,0.5112044215202332,-0.04884812608361244,0.45501914620399475,0.4662235975265503,-0.07880846410989761,0.5042113661766052,0.5591574907302856,-0.10787039995193481,0.4843999147415161,0.4833225607872009,-0.16030465066432953,0.46290016174316406,0.4283199906349182,-0.19286322593688965,0.44616636633872986,0.37896496057510376,-0.21879136562347412,0.49784088134765625,0.5953928232192993,-0.13392221927642822,0.48549413681030273,0.5173332691192627,-0.20837277173995972,0.4559623897075653,0.45659586787223816,-0.2590218484401703,0.42906618118286133,0.3979424238204956,-0.2985176742076874,0.4908035695552826,0.645442545413971,-0.1509525328874588,0.46874773502349854,0.5870836973190308,-0.21024206280708313,0.4433678388595581,0.5311613082885742,-0.24292922019958496,0.42403048276901245,0.4815466105937958,-0.2684890925884247,0.4824395477771759,0.7041552066802979,-0.16311430931091309,0.4521515667438507,0.6955587267875671,-0.2115100473165512,0.4278624951839447,0.6756493449211121,-0.23788152635097504,0.4025284945964813,0.649405300617218,-0.25974658131599426,Paper
0.6081685423851013,0.7474707961082458,5.762689738730842e-07,0.5409911870956421,0.6426874399185181,0.07670226693153381,0.503269612789154,0.5823765397071838,0.08276735246181488,0.4734594523906708,0.5418419241905212,0.07551185041666031,0.4427873194217682,0.49469438195228577,0.06252919137477875,0.5036298632621765,0.5236137509346008,-0.04987562447786331,0.4785010516643524,0.41135698556900024,-0.09623648971319199,0.45735666155815125,0.3437180519104004,-0.11846915632486343,0.44934573769569397,0.28430482745170593,-0.1366756409406662,0.5006508231163025,0.5657240748405457,-0.11101020127534866,0.47450965642929077,0.4522753357887268,-0.20207224786281586,0.44775640964508057,0.3684731721878052,-0.25758880376815796,0.42489591240882874,0.29259103536605835,-0.29567575454711914,0.494157075881958,0.6270763278007507,-0.15806400775909424,0.451951265335083,0.5604001879692078,-0.24717901647090912,0.410958468914032,0.5067825317382812,-0.3000902831554413,0.38097062706947327,0.4683701992034912,-0.3310110569000244,0.4842740595340729,0.6957004070281982,-0.1904008537530899,0.4332844316959381,0.6661822199821472,-0.2689392566680908,0.3962768018245697,0.6488059759140015,-0.31606918573379517,0.36047741770744324,0.6366063952445984,-0.3488701581954956,Paper
0.6677155494689941,0.7723854780197144,6.542464916492463e-07,0.595935583114624,0.7097346782684326,0.03402915969491005,0.5358514785766602,0.6673263311386108,0.0296979658305645,0.49229705333709717,0.653388261795044,0.015716157853603363,0.4509734809398651,0.6334550976753235,-0.002098933793604374,0.5594498515129089,0.5462620258331299,-0.03445848822593689,0.5320032238960266,0.4377342462539673,-0.07301159203052521,0.5104854702949524,0.3632098436355591,-0.09905041754245758,0.49638688564300537,0.3006061315536499,-0.11927502602338791,0.5644940137863159,0.5715201497077942,-0.07674066722393036,0.5401500463485718,0.4502948522567749,-0.1353120654821396,0.5200452208518982,0.3708888292312622,-0.18139925599098206,0.5040504336357117,0.3006432354450226,-0.21499019861221313,0.5678895711898804,0.619377851486206,-0.11225218325853348,0.5399519205093384,0.5455846786499023,-0.16955110430717468,0.5067777633666992,0.5014604330062866,-0.21406015753746033,0.4772914946079254,0.46696680784225464,-0.24367325007915497,0.5627264976501465,0.6821351647377014,-0.14083753526210785,0.5192121863365173,0.6560336351394653,-0.1901242882013321,0.4904837906360626,0.6504010558128357,-0.2209654301404953,0.463400661945343,0.6486591696739197,-0.24406836926937103,Paper
0.7123722434043884,0.7827804088592529,7.107672672646004e-07,0.6798908114433289,0.6566657423973083,0.01919088326394558,0.6377250552177429,0.5775444507598877,0.0036459211260080338,0.6112574338912964,0.5101483464241028,-0.01669248193502426,0.5869752168655396,0.4507393538951874,-0.044523585587739944,0.5998326539993286,0.5749011635780334,-0.08604808151721954,0.5933447480201721,0.4574406147003174,-0.14471714198589325,0.5833494663238525,0.3757716417312622,-0.1844397485256195,0.5851755738258362,0.30298498272895813,-0.21548978984355927,0.6112704873085022,0.6123001575469971,-0.12829305231571198,0.6025664806365967,0.48589393496513367,-0.20402587950229645,0.5982886552810669,0.3987206220626831,-0.25999176502227783,0.5982483625411987,0.3152925670146942,-0.3029882609844208,0.6298508048057556,0.658623456954956,-0.16333429515361786,0.616926908493042,0.5573579668998718,-0.23448199033737183,0.6135458946228027,0.4785084128379822,-0.2868465185165405,0.61460942029953,0.4051637053489685,-0.32584354281425476,0.6522271037101746,0.7093663811683655,-0.1918477863073349,0.6305130124092102,0.6962268948554993,-0.260118693113327,0.6152573227882385,0.6814528703689575,-0.3042695224285126,0.6033803224563599,0.6600671410560608,-0.33818385004997253,Paper
0.7057287693023682,0.7812676429748535,9.735141475175624e-07,0.6687197685241699,0.6497763991355896,0.008305509574711323,0.625781774520874,0.5658827424049377,-0.021270979195833206,0.6001988053321838,0.49938973784446716,-0.05396090820431709,0.5783205032348633,0.43085893988609314,-0.09519612789154053,0.5823825001716614,0.5761932730674744,-0.1294965147972107,0.5822072625160217,0.4573155641555786,-0.20475473999977112,0.5761513113975525,0.3747178316116333,-0.252994179725647,0.5818791389465332,0.29480400681495667,-0.2910817265510559,0.5982846617698669,0.6280760169029236,-0.17541924118995667,0.599553644657135,0.496635764837265,-0.27477362751960754,0.6014598608016968,0.40426158905029297,-0.34174737334251404,0.6062744855880737,0.3125808537006378,-0.39338603615760803,0.6275395750999451,0.6859453320503235,-0.21337243914604187,0.6264094710350037,0.5973192453384399,-0.30340540409088135,0.6355876326560974,0.5190636515617371,-0.361852765083313,0.6459006071090698,0.4402616620063782,-0.40559542179107666,0.6612470746040344,0.7453303337097168,-0.24541184306144714,0.6477479338645935,0.7437880635261536,-0.3283025920391083,0.6421812772750854,0.7225935459136963,-0.38149067759513855,0.6380721926689148,0.6879016160964966,-0.42320019006729126,Paper
0.6106175184249878,0.7707037329673767,8.810361009636836e-07,0.5533351898193359,0.7461878061294556,-0.035159632563591,0.5122253894805908,0.6741741895675659,-0.0635952278971672,0.48448967933654785,0.6138582825660706,-0.0866614580154419,0.44720005989074707,0.5635374188423157,-0.11479142308235168,0.5488182306289673,0.5904416441917419,-0.09760887920856476,0.5397147536277771,0.5096049904823303,-0.14674969017505646,0.5307796597480774,0.44804471731185913,-0.1824432611465454,0.5217033624649048,0.3927708864212036,-0.2103854864835739,0.5932916402816772,0.5957344174385071,-0.11159432679414749,0.5986379981040955,0.49876806139945984,-0.16756469011306763,0.5962810516357422,0.4251289367675781,-0.21017371118068695,0.5930292010307312,0.35601213574409485,-0.2419067770242691,0.6340805888175964,0.6268324851989746,-0.1253553181886673,0.6545752286911011,0.5382490158081055,-0.1867232471704483,0.6590962409973145,0.4683572053909302,-0.2291995882987976,0.6613761186599731,0.40577733516693115,-0.25797489285469055,0.6670069098472595,0.6754713654518127,-0.13831771910190582,0.6924263834953308,0.628770649433136,-0.19856201112270355,0.7079902291297913,0.5950021147727966,-0.22981427609920502,0.7223523259162903,0.5621181130409241,-0.25116822123527527,Paper
0.649368941783905,0.801720142364502,6.634442684116948e-07,0.5729783773422241,0.7766032218933105,-0.034688550978899,0.5024422407150269,0.7140963673591614,-0.056277744472026825,0.4507879614830017,0.6583251953125,-0.07491252571344376,0.4047298729419708,0.6265060901641846,-0.09482330083847046,0.5537864565849304,0.5662053823471069,-0.0515836626291275,0.523668646812439,0.4557771682739258,-0.08113104104995728,0.5053747296333313,0.38881123065948486,-0.1012561172246933,0.491003155708313,0.32976630330085754,-0.11661960184574127,0.6043383479118347,0.5514258146286011,-0.05876155570149422,0.5951788425445557,0.4235953688621521,-0.08803410083055496,0.5856150388717651,0.3381344974040985,-0.11082824319601059,0.5775134563446045,0.2651764452457428,-0.12738803029060364,0.6514897346496582,0.568552553653717,-0.0693846270442009,0.6695184111595154,0.4540635049343109,-0.10567957907915115,0.680992841720581,0.37865233421325684,-0.13026149570941925,0.6895418167114258,0.3105723261833191,-0.1461508721113205,0.694271445274353,0.6090201735496521,-0.08163031935691833,0.7331896424293518,0.5350977778434753,-0.11914565414190292,0.7578758597373962,0.48300737142562866,-0.13685469329357147,0.7775891423225403,0.43205368518829346,-0.14741139113903046,Paper
0.6205928921699524,0.8585942983627319,7.878173846620484e-07,0.5428763031959534,0.8807955384254456,-0.07818513363599777,0.47356274724006653,0.8755061626434326,-0.1269187033176422,0.41635072231292725,0.8637908101081848,-0.16563063859939575,0.35875141620635986,0.8625175356864929,-0.20562227070331573,0.49634286761283875,0.6497406363487244,-0.10535753518342972,0.4406644105911255,0.5486952066421509,-0.14975780248641968,0.4030655026435852,0.4856630265712738,-0.18285003304481506,0.3704080581665039,0.4278947710990906,-0.20768879354000092,0.5417558550834656,0.6085785627365112,-0.09524975717067719,0.5012885332107544,0.4848455786705017,-0.135037362575531,0.4758322238922119,0.405180424451828,-0.16591671109199524,0.4557661712169647,0.3310648202896118,-0.1901213526725769,0.5895500779151917,0.6038171052932739,-0.09128422290086746,0.5839838981628418,0.48249465227127075,-0.1338096559047699,0.5836635828018188,0.40564441680908203,-0.16561166942119598,0.5823152661323547,0.3358546197414398,-0.18833652138710022,0.6383783221244812,0.6221356987953186,-0.09319828450679779,0.6610682606697083,0.5357310175895691,-0.13436351716518402,0.6752170324325562,0.48034799098968506,-0.1584739238023758,0.6854507923126221,0.42359018325805664,-0.17546971142292023,Paper
0.6208690404891968,0.8125737309455872,8.413583145738812e-07,0.540041983127594,0.8298352956771851,-0.0722288265824318,0.4677402675151825,0.8091422319412231,-0.11200076341629028,0.40933242440223694,0.7850130200386047,-0.14346374571323395,0.35091450810432434,0.7697055339813232,-0.17387543618679047,0.48275133967399597,0.5785390734672546,-0.06605267524719238,0.4272974729537964,0.48163142800331116,-0.09566532075405121,0.3884255886077881,0.41876792907714844,-0.1194603219628334,0.3557136058807373,0.3692689538002014,-0.1376527100801468,0.5284561514854431,0.5443912744522095,-0.055888090282678604,0.4845130145549774,0.4215766489505768,-0.07919521629810333,0.4571177661418915,0.34377121925354004,-0.09811617434024811,0.43560516834259033,0.27916717529296875,-0.11278032511472702,0.577893078327179,0.5414828062057495,-0.05467374995350838,0.5659564733505249,0.42370152473449707,-0.0841483473777771,0.5605674386024475,0.34962522983551025,-0.10762612521648407,0.5531499981880188,0.282784104347229,-0.12443891167640686,0.6282598972320557,0.5573942065238953,-0.06023518368601799,0.64615797996521,0.4703426659107208,-0.09107018262147903,0.6546674966812134,0.41649895906448364,-0.11025585979223251,0.6579858064651489,0.36090540885925293,-0.12384897470474243,Paper
0.640338659286499,0.8217509984970093,7.16998499683541e-07,0.5498677492141724,0.8157144784927368,-0.05111003667116165,0.46360263228416443,0.7648478746414185,-0.0707734227180481,0.4008041024208069,0.7103099822998047,-0.08735504001379013,0.3451797366142273,0.6644232273101807,-0.09968040138483047,0.4819045066833496,0.5583864450454712,0.0014259362360462546,0.42598313093185425,0.4731792211532593,-0.007761049550026655,0.3876997232437134,0.42081159353256226,-0.018011396750807762,0.3602469563484192,0.37853580713272095,-0.025074375793337822,0.5267006754875183,0.5299531817436218,0.009399882517755032,0.4787570834159851,0.4203949570655823,0.014939500018954277,0.4511335790157318,0.3525103032588959,0.0193813256919384,0.4336254298686981,0.29784414172172546,0.023555967956781387,0.5778347849845886,0.5268695950508118,0.005760799162089825,0.559406578540802,0.42035365104675293,-0.0002745909441728145,0.5524389743804932,0.3531966805458069,0.0006744543788954616,0.5450636744499207,0.29733651876449585,0.003069264115765691,0.6324216723442078,0.5389322638511658,-0.005329168401658535,0.6424328684806824,0.4573255181312561,-0.01833004504442215,0.6466723680496216,0.40456700325012207,-0.02169906347990036,0.6502927541732788,0.3509148955345154,-0.020989732816815376,Paper
0.6384053230285645,0.773160457611084,6.441874802476377e-07,0.5475997924804688,0.7497706413269043,-0.04166843742132187,0.46698176860809326,0.6741101741790771,-0.052541334182024,0.4149715304374695,0.5997994542121887,-0.06176535785198212,0.3657070994377136,0.5339195728302002,-0.06643112748861313,0.49684739112854004,0.49708932638168335,0.020953301340341568,0.4512888491153717,0.41491279006004333,0.02097853273153305,0.41815510392189026,0.36268413066864014,0.01848270371556282,0.3952271044254303,0.32609885931015015,0.01777314953505993,0.5438528656959534,0.47707346081733704,0.02835494466125965,0.5029270648956299,0.37424325942993164,0.04662683978676796,0.4807456135749817,0.3150821328163147,0.061800766736269,0.4649127125740051,0.2684411108493805,0.07419230788946152,0.5963993072509766,0.47895926237106323,0.023885183036327362,0.5827897191047668,0.379107803106308,0.029219096526503563,0.5764290690422058,0.31353846192359924,0.03880935534834862,0.5682271718978882,0.25945037603378296,0.04655242711305618,0.6492852568626404,0.492617666721344,0.012257497757673264,0.6599698066711426,0.4188613295555115,0.008222994394600391,0.6656017899513245,0.3724381923675537,0.01095019094645977,0.6713188290596008,0.3256615996360779,0.01605025678873062,Paper
0.5861201882362366,0.7739301919937134,9.116170076595154e-07,0.5362563729286194,0.7153549194335938,-0.05319473519921303,0.5121284127235413,0.6263443231582642,-0.09465426206588745,0.4940814971923828,0.5572124123573303,-0.12884481251239777,0.4704589247703552,0.4834858775138855,-0.16837552189826965,0.577908992767334,0.5846902132034302,-0.13468246161937714,0.6067084670066833,0.4707360863685608,-0.19213885068893433,0.6269571781158447,0.3980255126953125,-0.22913046181201935,0.6488436460494995,0.3349727392196655,-0.25787124037742615,0.622136652469635,0.6250343918800354,-0.14427503943443298,0.6713873744010925,0.5329151749610901,-0.20826013386249542,0.7068915963172913,0.4707956314086914,-0.2531140446662903,0.7419090867042542,0.40708059072494507,-0.28748610615730286,0.6487010717391968,0.6836168766021729,-0.15379375219345093,0.7101151347160339,0.62660813331604,-0.22437651455402374,0.7568944692611694,0.5858755111694336,-0.27002108097076416,0.7989762425422668,0.5461921691894531,-0.30131131410598755,0.6596487164497375,0.751995325088501,-0.1635807752609253,0.7144906520843506,0.7438513040542603,-0.23430132865905762,0.7583953738212585,0.7415997982025146,-0.26998236775398254,0.7973414659500122,0.7354122400283813,-0.29450738430023193,Paper
0.3416348695755005,0.7198811769485474,3.9554547015541175e-07,0.40325212478637695,0.6832766532897949,-0.02584557794034481,0.4443095326423645,0.6183913350105286,-0.049194179475307465,0.47607851028442383,0.5659756660461426,-0.07129433751106262,0.5097630620002747,0.5162463188171387,-0.09732456505298615,0.4162997603416443,0.5553944110870361,-0.07747684419155121,0.4332430958747864,0.45907557010650635,-0.11575581133365631,0.4458681643009186,0.3996853828430176,-0.14041760563850403,0.4585215151309967,0.34586572647094727,-0.1602313220500946,0.38615378737449646,0.5709699988365173,-0.09177688509225845,0.37119853496551514,0.4661833345890045,-0.13647472858428955,0.36802685260772705,0.39585262537002563,-0.1695813238620758,0.3655809760093689,0.3264734148979187,-0.1945919692516327,0.35859641432762146,0.6134210824966431,-0.10534226894378662,0.3238906264305115,0.5338689088821411,-0.15326672792434692,0.304518461227417,0.4845947027206421,-0.1842658966779709,0.2874625623226166,0.4321957528591156,-0.20571178197860718,0.33655959367752075,0.6713363528251648,-0.1186133325099945,0.3068382740020752,0.647972822189331,-0.16300632059574127,0.29031553864479065,0.6284579038619995,-0.1854628026485443,0.27422603964805603,0.6018986105918884,-0.20152756571769714,Paper
0.3165086507797241,0.7419707775115967,3.2098597557705943e-07,0.37342286109924316,0.6896706819534302,-0.02457110397517681,0.4142199158668518,0.6033392548561096,-0.04437144845724106,0.4391027092933655,0.5439578294754028,-0.06162647530436516,0.46260443329811096,0.4889402687549591,-0.08219990134239197,0.3948781490325928,0.5830626487731934,-0.08669319748878479,0.4160250425338745,0.48693209886550903,-0.12765558063983917,0.431543231010437,0.42597633600234985,-0.1534644216299057,0.44552865624427795,0.3722911775112152,-0.17364464700222015,0.37138497829437256,0.6101289391517639,-0.10043083876371384,0.3635943830013275,0.5113512873649597,-0.15188206732273102,0.36009207367897034,0.44796136021614075,-0.1881866157054901,0.35330256819725037,0.3886597752571106,-0.21545740962028503,0.3486975431442261,0.655180037021637,-0.11205290257930756,0.32827672362327576,0.6111032962799072,-0.1677686870098114,0.3167171776294708,0.5698989033699036,-0.20370663702487946,0.30084267258644104,0.522226095199585,-0.22783328592777252,0.3320023715496063,0.7106757164001465,-0.12256134301424026,0.3162239193916321,0.7176477909088135,-0.17259803414344788,0.3029981851577759,0.7208523750305176,-0.19809028506278992,0.2857472598552704,0.7095258831977844,-0.2168193757534027,Paper
0.3149612545967102,0.7707756161689758,3.9052409306350455e-07,0.3825865685939789,0.7389366626739502,-0.02574137970805168,0.43125131726264954,0.6788831353187561,-0.04882156848907471,0.46967974305152893,0.6314078569412231,-0.07149288058280945,0.5039018392562866,0.5810110569000244,-0.09766951203346252,0.40908074378967285,0.592947781085968,-0.07395505160093307,0.43295300006866455,0.4943009912967682,-0.11468009650707245,0.45081502199172974,0.4351397454738617,-0.14137521386146545,0.46682071685791016,0.3809889554977417,-0.16206683218479156,0.37393465638160706,0.6043132543563843,-0.08958646655082703,0.36324018239974976,0.49083638191223145,-0.13656975328922272,0.36424940824508667,0.41484251618385315,-0.17018812894821167,0.3635784983634949,0.34164565801620483,-0.19445981085300446,0.33907198905944824,0.6456648111343384,-0.10516010224819183,0.3051532208919525,0.5551732778549194,-0.155751571059227,0.28713446855545044,0.5008648037910461,-0.18523535132408142,0.27027541399002075,0.44237884879112244,-0.20398104190826416,0.30940502882003784,0.7040141820907593,-0.12074735760688782,0.2757374048233032,0.6682224869728088,-0.16844528913497925,0.2535163164138794,0.6387500762939453,-0.19032563269138336,0.23132184147834778,0.6022215485572815,-0.2040822058916092,Paper
0.3305657207965851,0.8005486130714417,4.626931513485033e-07,0.3981764018535614,0.7809246778488159,-0.02686895802617073,0.45481306314468384,0.7231295704841614,-0.04644787311553955,0.5027025938034058,0.6828998327255249,-0.06594321131706238,0.547472357749939,0.6584509611129761,-0.08789033442735672,0.43201717734336853,0.592140257358551,-0.04856090620160103,0.46482861042022705,0.501043975353241,-0.0805666521191597,0.485956072807312,0.4446372985839844,-0.10279668867588043,0.5058773756027222,0.3923584222793579,-0.12020822614431381,0.3943066895008087,0.5841782689094543,-0.059903789311647415,0.4005361497402191,0.46743497252464294,-0.09203193336725235,0.4087822437286377,0.3918972611427307,-0.11724378913640976,0.4147091209888458,0.3223673701286316,-0.13576076924800873,0.35710039734840393,0.6109646558761597,-0.07335101813077927,0.33764445781707764,0.5045518279075623,-0.10731424391269684,0.32928407192230225,0.4351426959037781,-0.1297101229429245,0.32478049397468567,0.37014877796173096,-0.14526943862438202,0.32340875267982483,0.6621274352073669,-0.08854728192090988,0.29112207889556885,0.5984768867492676,-0.12229526042938232,0.27531981468200684,0.5514246821403503,-0.13911889493465424,0.2663341760635376,0.5014060735702515,-0.15015414357185364,Paper
0.2963883876800537,0.7808562517166138,7.38989854198735e-07,0.36829179525375366,0.7724276781082153,-0.03781306743621826,0.4393455684185028,0.7374223470687866,-0.06042427197098732,0.4980512261390686,0.7176985144615173,-0.0823264867067337,0.5489801168441772,0.7200703620910645,-0.10404568165540695,0.42125946283340454,0.5464360117912292,-0.029107792302966118,0.46623897552490234,0.4595317840576172,-0.05180579051375389,0.48920950293540955,0.4049875736236572,-0.07266700267791748,0.5065035820007324,0.35312968492507935,-0.08883856981992722,0.37611767649650574,0.5185163617134094,-0.031345266848802567,0.402252197265625,0.41056108474731445,-0.05033114179968834,0.4166317582130432,0.3397679328918457,-0.06970609724521637,0.42454132437705994,0.27940744161605835,-0.0845329761505127,0.3297843337059021,0.5202544331550598,-0.038308002054691315,0.33514952659606934,0.4207547605037689,-0.057258643209934235,0.33706608414649963,0.3577909469604492,-0.07336316257715225,0.3379921317100525,0.30143871903419495,-0.08457402884960175,0.2817871570587158,0.5472073554992676,-0.04953242465853691,0.2711840867996216,0.4711459279060364,-0.06727827340364456,0.2639479339122772,0.42146313190460205,-0.07555694133043289,0.25935593247413635,0.37345659732818604,-0.08042817562818527,Paper
0.28326964378356934,0.8936391472816467,5.351057552616112e-07,0.3612884283065796,0.8782123923301697,-0.026751762256026268,0.439924955368042,0.812477707862854,-0.034237805753946304,0.4994526207447052,0.7576978206634521,-0.042155951261520386,0.5480020642280579,0.7327044010162354,-0.04943098872900009,0.42139390110969543,0.6473115086555481,-0.002471362007781863,0.46803027391433716,0.5595714449882507,-0.016388602554798126,0.4952363073825836,0.505477786064148,-0.03222493827342987,0.5194980502128601,0.45831745862960815,-0.04525160416960716,0.38025394082069397,0.6191394329071045,-0.0054916515946388245,0.4088016748428345,0.510195255279541,-0.016469113528728485,0.4274270534515381,0.44227921962738037,-0.03142894431948662,0.44167575240135193,0.3867638111114502,-0.04339088499546051,0.33889782428741455,0.6174015402793884,-0.01389939896762371,0.35013046860694885,0.5142025947570801,-0.028040686622262,0.3604857325553894,0.45278963446617126,-0.04058903828263283,0.3707634210586548,0.40201008319854736,-0.050076358020305634,0.2951800227165222,0.6364840865135193,-0.026126272976398468,0.2958383560180664,0.5590261816978455,-0.04045059531927109,0.3000843822956085,0.5158520936965942,-0.04637926071882248,0.3078900873661041,0.4792994558811188,-0.050338152796030045,Paper
0.2753461003303528,0.9017877578735352,7.381741511380824e-07,0.3562770187854767,0.8617032766342163,-0.0417923703789711,0.4248002767562866,0.7855005264282227,-0.06665752828121185,0.48543012142181396,0.729693591594696,-0.09045886993408203,0.5416213274002075,0.6983914971351624,-0.11551415175199509,0.36860668659210205,0.6165624260902405,-0.04609864205121994,0.4003996253013611,0.501234233379364,-0.07905323058366776,0.41725900769233704,0.4261540472507477,-0.10542958229780197,0.42831164598464966,0.35752978920936584,-0.12580107152462006,0.31290140748023987,0.6029059886932373,-0.05163990706205368,0.3149365484714508,0.467170387506485,-0.08293315768241882,0.31776583194732666,0.3768455386161804,-0.10984063148498535,0.3161764442920685,0.3010379672050476,-0.12952247262001038,0.26365822553634644,0.6249263286590576,-0.06171027198433876,0.24091659486293793,0.5020185112953186,-0.09285229444503784,0.22753030061721802,0.4200352430343628,-0.11601819097995758,0.21807166934013367,0.346650630235672,-0.13189177215099335,0.2218969166278839,0.6745299696922302,-0.075772225856781,0.19037386775016785,0.5908090472221375,-0.10550901293754578,0.17271415889263153,0.5296507477760315,-0.12125353515148163,0.16091760993003845,0.46828293800354004,-0.13140392303466797,Paper
0.27781933546066284,0.8613222241401672,5.590250111708883e-07,0.34766218066215515,0.7847860455513,-0.023744935169816017,0.386883944272995,0.6801308989524841,-0.04783399775624275,0.4193655550479889,0.6030399203300476,-0.0715729370713234,0.45309966802597046,0.5369340181350708,-0.09968779981136322,0.3425104022026062,0.5959852337837219,-0.08239743858575821,0.354928195476532,0.47090739011764526,-0.1285848766565323,0.363483726978302,0.39208072423934937,-0.15666580200195312,0.3727944493293762,0.3174333870410919,-0.1782904714345932,0.3014872670173645,0.6148527264595032,-0.1026165783405304,0.2644794285297394,0.47470659017562866,-0.15384836494922638,0.2441706359386444,0.37940168380737305,-0.18977369368076324,0.22462010383605957,0.2859521806240082,-0.2158297747373581,0.26969248056411743,0.6728093028068542,-0.12194360792636871,0.20288872718811035,0.5669878721237183,-0.17386764287948608,0.1645113229751587,0.49240583181381226,-0.20502203702926636,0.1324874609708786,0.41381514072418213,-0.2265733778476715,0.24948856234550476,0.75258868932724,-0.14097513258457184,0.18961094319820404,0.7060604691505432,-0.1893695592880249,0.1544881910085678,0.6626139879226685,-0.2120494395494461,0.12485982477664948,0.6090854406356812,-0.22746308147907257,Paper
0.2704121470451355,0.8434066772460938,2.368949481024174e-07,0.3008905053138733,0.742991030216217,-0.010966874659061432,0.32811737060546875,0.6519215106964111,-0.03613029047846794,0.33179739117622375,0.590300977230072,-0.06379511952400208,0.33265748620033264,0.5315179824829102,-0.09580576419830322,0.38029608130455017,0.6322305202484131,-0.08672211319208145,0.40731361508369446,0.5128479599952698,-0.1365547776222229,0.42753851413726807,0.4410460889339447,-0.16934679448604584,0.4431431293487549,0.3756243586540222,-0.19403421878814697,0.37043216824531555,0.6777277588844299,-0.11510156840085983,0.36680859327316284,0.5611233711242676,-0.17471915483474731,0.3612744212150574,0.48209047317504883,-0.21323250234127045,0.3545079827308655,0.4025041460990906,-0.2408352643251419,0.3534982204437256,0.7398754954338074,-0.14100611209869385,0.329546719789505,0.6629812717437744,-0.20019380748271942,0.31998077034950256,0.6151813864707947,-0.23247170448303223,0.31072676181793213,0.5606422424316406,-0.25297534465789795,0.333351194858551,0.8144273161888123,-0.1655469536781311,0.3173639476299286,0.7803207635879517,-0.21539507806301117,0.3040451407432556,0.7548965215682983,-0.23613540828227997,0.28991737961769104,0.7232701182365417,-0.25065386295318604,Paper
0.24405963718891144,0.8348343372344971,1.9586371990953921e-07,0.29756054282188416,0.7428420782089233,0.00415302999317646,0.34696146845817566,0.6613389849662781,-0.01150088757276535,0.37322142720222473,0.6061547994613647,-0.030941231176257133,0.3892737329006195,0.5471774339675903,-0.05406387522816658,0.3563882112503052,0.6460758447647095,-0.0658937320113182,0.39189276099205017,0.5532506704330444,-0.1158406138420105,0.40876680612564087,0.4853547513484955,-0.1512995809316635,0.4209233820438385,0.41800037026405334,-0.1765620857477188,0.3550882935523987,0.6922798752784729,-0.09773051738739014,0.395724892616272,0.5810248255729675,-0.1597326546907425,0.41984373331069946,0.4982970356941223,-0.2050774246454239,0.44017499685287476,0.41538843512535095,-0.23626045882701874,0.3504215180873871,0.7594717741012573,-0.1252778023481369,0.3797953724861145,0.7032192945480347,-0.18401353061199188,0.3889017105102539,0.6581693291664124,-0.2195120006799698,0.39658603072166443,0.6019893288612366,-0.241305410861969,0.34614327549934387,0.8408212661743164,-0.1497967392206192,0.3642875552177429,0.8222044110298157,-0.19864819943904877,0.36958757042884827,0.8029764890670776,-0.22102463245391846,0.37513795495033264,0.7740144729614258,-0.2357613891363144,Paper
0.21446293592453003,0.8945356607437134,1.1126648757908697e-07,0.23531249165534973,0.7958822250366211,-0.015639398247003555,0.26855069398880005,0.6965673565864563,-0.0375758595764637,0.2766798734664917,0.6267277598381042,-0.06172093749046326,0.2681746482849121,0.5583630800247192,-0.08814044296741486,0.306294322013855,0.6686397790908813,-0.07785385102033615,0.32632309198379517,0.5488815307617188,-0.1311151087284088,0.34040361642837524,0.4726499617099762,-0.16903096437454224,0.35309866070747375,0.402293860912323,-0.1981954276561737,0.3100680708885193,0.7229044437408447,-0.10230828076601028,0.2998054623603821,0.6311626434326172,-0.17588426172733307,0.2827640473842621,0.5625249147415161,-0.22408482432365417,0.2714936435222626,0.49554359912872314,-0.2558790147304535,0.31095051765441895,0.7925330996513367,-0.12534868717193604,0.2935706675052643,0.753683865070343,-0.19692374765872955,0.26433464884757996,0.7215822339057922,-0.2335078865289688,0.23865580558776855,0.6815353631973267,-0.25377157330513,0.3087112605571747,0.871874213218689,-0.14738155901432037,0.29150623083114624,0.8704440593719482,-0.20709128677845,0.26690414547920227,0.8648252487182617,-0.23361006379127502,0.2496001273393631,0.8478770852088928,-0.2499961256980896,Paper
0.31545519828796387,0.8987672328948975,2.7778020239566104e-07,0.37349647283554077,0.812580406665802,-0.01736532524228096,0.40218019485473633,0.7105931043624878,-0.03796927630901337,0.4280737042427063,0.6427599787712097,-0.05961420014500618,0.45752203464508057,0.5787045359611511,-0.0848664939403534,0.37889564037323,0.6482772827148438,-0.07549289613962173,0.3866281509399414,0.5271474123001099,-0.11799883097410202,0.3966728746891022,0.4561162292957306,-0.1439698040485382,0.4062882661819458,0.3889581859111786,-0.16397280991077423,0.35115846991539,0.6769769787788391,-0.09649918973445892,0.3182317912578583,0.551537036895752,-0.14588889479637146,0.3040928542613983,0.46437352895736694,-0.17909173667430878,0.28804248571395874,0.3758299946784973,-0.20362912118434906,0.3242775797843933,0.7356051206588745,-0.11635374277830124,0.26682746410369873,0.6437885165214539,-0.16704249382019043,0.2381056845188141,0.5769540667533875,-0.1957102119922638,0.21070079505443573,0.501291036605835,-0.21516592800617218,0.3030881881713867,0.8108458518981934,-0.13565972447395325,0.2506657540798187,0.7725407481193542,-0.18199238181114197,0.22468692064285278,0.7360677123069763,-0.20317572355270386,0.1992325335741043,0.6899420022964478,-0.21788999438285828,Paper
0.29077404737472534,0.9381897449493408,3.0670520345665864e-07,0.36919230222702026,0.8706437349319458,-0.01990424655377865,0.4201471209526062,0.7703783512115479,-0.03684829920530319,0.4617409110069275,0.7016236782073975,-0.055483367294073105,0.5026991367340088,0.6511279344558716,-0.07779613882303238,0.38163137435913086,0.6700305342674255,-0.05988448113203049,0.4001334011554718,0.5473675727844238,-0.09616010636091232,0.41322198510169983,0.47243595123291016,-0.11873877048492432,0.42512935400009155,0.40409308671951294,-0.13736498355865479,0.3404252827167511,0.686762273311615,-0.0780305340886116,0.31399497389793396,0.5512805581092834,-0.11951301246881485,0.3022748529911041,0.45974451303482056,-0.1492902934551239,0.2898784875869751,0.37342748045921326,-0.17152096331119537,0.3034178614616394,0.7392439842224121,-0.0966196358203888,0.2486751824617386,0.6283397078514099,-0.14209896326065063,0.2220771610736847,0.5588494539260864,-0.17051242291927338,0.20039144158363342,0.48714661598205566,-0.18981443345546722,0.2761555314064026,0.8136827945709229,-0.11537152528762817,0.221712127327919,0.7624111771583557,-0.16002409160137177,0.1901414841413498,0.7208546996116638,-0.18288305401802063,0.1634676158428192,0.6729699373245239,-0.19798772037029266,Paper
0.33614084124565125,0.9573214650154114,7.997031161721679e-07,0.41403505206108093,0.9087806940078735,-0.04069291055202484,0.47032105922698975,0.8294581770896912,-0.07420434802770615,0.5211784839630127,0.7736688256263733,-0.10617201775312424,0.5713111758232117,0.7230175137519836,-0.14227963984012604,0.4118940532207489,0.6942879557609558,-0.08220172673463821,0.4377908706665039,0.5817198753356934,-0.1337408423423767,0.4585162401199341,0.5078107118606567,-0.1692957580089569,0.4781396985054016,0.43827587366104126,-0.1951671540737152,0.35982924699783325,0.6940839886665344,-0.0961424857378006,0.34811925888061523,0.5560949444770813,-0.1471545398235321,0.34554678201675415,0.4636458158493042,-0.18636400997638702,0.34194302558898926,0.3765886723995209,-0.21505965292453766,0.3143764138221741,0.7345538139343262,-0.11245163530111313,0.27309444546699524,0.6198843121528625,-0.16333885490894318,0.25506001710891724,0.5389292240142822,-0.19749930500984192,0.243692547082901,0.46352458000183105,-0.22097530961036682,0.27881181240081787,0.8029012680053711,-0.13073232769966125,0.23438280820846558,0.7305663824081421,-0.17676271498203278,0.21102018654346466,0.6779454350471497,-0.19999924302101135,0.1954498589038849,0.6215904355049133,-0.21612727642059326,Paper
0.3563653230667114,0.9975519180297852,8.630864840597496e-07,0.43629661202430725,0.9558919072151184,-0.043513983488082886,0.5046454668045044,0.8868330717086792,-0.07552003860473633,0.5629931092262268,0.8405857086181641,-0.10613740235567093,0.6176567673683167,0.8069782257080078,-0.13911172747612,0.44389474391937256,0.7165385484695435,-0.06406824290752411,0.48126596212387085,0.6020879745483398,-0.10864966362714767,0.5054696202278137,0.5253746509552002,-0.14164675772190094,0.5254281163215637,0.454988569021225,-0.16540411114692688,0.38827794790267944,0.7064339518547058,-0.07311150431632996,0.3913285732269287,0.5639222860336304,-0.11475124210119247,0.3964917063713074,0.4717322289943695,-0.1469792127609253,0.3976324498653412,0.39144641160964966,-0.16996975243091583,0.33880507946014404,0.7354367971420288,-0.08619120717048645,0.31330886483192444,0.6145821213722229,-0.12739358842372894,0.30125927925109863,0.5305973291397095,-0.15423257648944855,0.292594313621521,0.4558972418308258,-0.17182470858097076,0.2956652343273163,0.7928987145423889,-0.10263365507125854,0.26155418157577515,0.7067677974700928,-0.13963386416435242,0.24379396438598633,0.646719217300415,-0.15655669569969177,0.23102734982967377,0.5861010551452637,-0.16715484857559204,Paper
0.32992175221443176,1.0164165496826172,1.0759566748674843e-06,0.39953693747520447,0.9864253997802734,-0.05277963727712631,0.4584503769874573,0.9435571432113647,-0.09430697560310364,0.5187184810638428,0.9308772683143616,-0.13387858867645264,0.5852060317993164,0.9327642917633057,-0.17515337467193604,0.4131295680999756,0.7376000285148621,-0.0727936252951622,0.4506531357765198,0.6187316179275513,-0.11804865300655365,0.47379112243652344,0.5422931909561157,-0.1516573429107666,0.49334049224853516,0.471238374710083,-0.1757221817970276,0.35369253158569336,0.7240951061248779,-0.07758691906929016,0.35940036177635193,0.577564537525177,-0.11766112595796585,0.36127835512161255,0.4849354922771454,-0.14766661822795868,0.3607381284236908,0.4054058790206909,-0.16856509447097778,0.3005231022834778,0.7509937882423401,-0.08687350898981094,0.2775043845176697,0.6261645555496216,-0.12396421283483505,0.26352688670158386,0.5437480211257935,-0.1481374055147171,0.25406691431999207,0.46844446659088135,-0.1635913848876953,0.25342708826065063,0.8080753684043884,-0.1007416620850563,0.22024686634540558,0.7232984900474548,-0.13344316184520721,0.20015382766723633,0.6660288572311401,-0.14710518717765808,0.18577955663204193,0.605992317199707,-0.15474919974803925,Paper
0.26429033279418945,0.9046070575714111,9.003828154163784e-07,0.34095561504364014,0.866222083568573,-0.04701348766684532,0.40514618158340454,0.7972227334976196,-0.07839655131101608,0.45989495515823364,0.744083046913147,-0.10759919136762619,0.5122963190078735,0.7104510068893433,-0.13817395269870758,0.3517531454563141,0.6198327541351318,-0.06518613547086716,0.3877619504928589,0.4991166591644287,-0.10635612159967422,0.40648216009140015,0.4191382825374603,-0.13577581942081451,0.4180857539176941,0.34550678730010986,-0.15695342421531677,0.29207843542099,0.6018670797348022,-0.07098425924777985,0.29569724202156067,0.45019015669822693,-0.1089613139629364,0.2942991256713867,0.35413500666618347,-0.13709822297096252,0.28706416487693787,0.27248960733413696,-0.1565307378768921,0.23875796794891357,0.6251858472824097,-0.08073415607213974,0.2119111269712448,0.49510428309440613,-0.11797408014535904,0.19318458437919617,0.40951764583587646,-0.14245954155921936,0.1766347885131836,0.33440569043159485,-0.15808334946632385,0.19183088839054108,0.6800428628921509,-0.09427943825721741,0.15632526576519012,0.5902780890464783,-0.12759575247764587,0.1347634196281433,0.5310187935829163,-0.14225724339485168,0.11777707934379578,0.4728897511959076,-0.15076223015785217,Paper
0.21361979842185974,0.8686595559120178,1.0407810577817145e-06,0.28257763385772705,0.8683807849884033,-0.07334224879741669,0.34002500772476196,0.8463602066040039,-0.1325886994600296,0.40455958247184753,0.8524556159973145,-0.18582694232463837,0.4697055220603943,0.861714780330658,-0.244854137301445,0.29067474603652954,0.7098493576049805,-0.1448773443698883,0.32231834530830383,0.5964952111244202,-0.20665456354618073,0.3406531810760498,0.516444981098175,-0.24847659468650818,0.3535166084766388,0.43800967931747437,-0.2799498736858368,0.22634084522724152,0.6882444024085999,-0.14792059361934662,0.2122592031955719,0.5341688394546509,-0.20612961053848267,0.20308125019073486,0.4348023533821106,-0.25004902482032776,0.1893460750579834,0.3392374515533447,-0.28502508997917175,0.1683933138847351,0.7073830366134644,-0.15222828090190887,0.11700610816478729,0.5768672227859497,-0.20878547430038452,0.08253678679466248,0.4963420033454895,-0.24714671075344086,0.05208292603492737,0.4238082766532898,-0.2748520076274872,0.12097835540771484,0.7547888159751892,-0.16064301133155823,0.06969285011291504,0.6644697785377502,-0.20864570140838623,0.03516852855682373,0.6173100471496582,-0.23130124807357788,0.0032627880573272705,0.5724391341209412,-0.24903081357479095,Paper
0.3895871639251709,0.7346967458724976,7.270947435245034e-07,0.44966036081314087,0.7444535493850708,-0.04098040238022804,0.5047092437744141,0.7390276193618774,-0.07318691909313202,0.5549108982086182,0.7396706342697144,-0.10203538089990616,0.6026425361633301,0.7292581796646118,-0.13431352376937866,0.4956408441066742,0.615238606929779,-0.08497703820466995,0.5455763936042786,0.5402527451515198,-0.12467944622039795,0.5739433169364929,0.49324655532836914,-0.15195722877979279,0.6008739471435547,0.4506823420524597,-0.17275434732437134,0.46001675724983215,0.6026549339294434,-0.09271883964538574,0.4789051413536072,0.4999433159828186,-0.13405410945415497,0.496348112821579,0.4352097511291504,-0.167592391371727,0.512027382850647,0.37445884943008423,-0.1932554841041565,0.4174911081790924,0.6247434616088867,-0.10079692304134369,0.40782517194747925,0.5376765727996826,-0.142878457903862,0.39735525846481323,0.4780845642089844,-0.17044314742088318,0.38846567273139954,0.4221585988998413,-0.18981096148490906,0.37557879090309143,0.6669862270355225,-0.11046067625284195,0.3519565761089325,0.6202007532119751,-0.14910772442817688,0.33647504448890686,0.5863834619522095,-0.16574044525623322,0.32053184509277344,0.5511743426322937,-0.176732137799263,Paper
0.38389915227890015,0.8307005763053894,7.013264848865219e-07,0.454983651638031,0.8189138174057007,-0.04499896615743637,0.5168198347091675,0.7687737941741943,-0.07077272981405258,0.5638002157211304,0.7214118242263794,-0.09348294138908386,0.6068478226661682,0.682889997959137,-0.11598747223615646,0.4833962023258209,0.6116296052932739,-0.04610241949558258,0.5187447667121887,0.526206374168396,-0.0754372850060463,0.5388330221176147,0.46725913882255554,-0.09689534455537796,0.5528128147125244,0.41661056876182556,-0.11268438398838043,0.4373427629470825,0.5889297723770142,-0.04605638235807419,0.4514823257923126,0.4775732159614563,-0.07438962906599045,0.4626825451850891,0.40517154335975647,-0.09505478292703629,0.4691300392150879,0.34230175614356995,-0.10848816484212875,0.39404863119125366,0.5991359353065491,-0.05088188499212265,0.3819889724254608,0.4982506036758423,-0.08135855942964554,0.3775196969509125,0.4303463101387024,-0.10020925104618073,0.37502017617225647,0.3706286549568176,-0.11146529018878937,0.3546347916126251,0.6351889967918396,-0.05944546312093735,0.3318043053150177,0.5661610960960388,-0.08884946256875992,0.31825464963912964,0.5174350738525391,-0.10237923264503479,0.30823108553886414,0.4704452157020569,-0.10962742567062378,Paper
0.3855712115764618,0.8062111735343933,7.956633112371492e-07,0.425118625164032,0.7411813139915466,-0.02900777943432331,0.44166380167007446,0.6743603348731995,-0.061203375458717346,0.45756766200065613,0.6091278195381165,-0.08887913078069687,0.4677616357803345,0.5429719686508179,-0.11967366933822632,0.3769564926624298,0.5999900102615356,-0.09377594292163849,0.3587379455566406,0.5010803937911987,-0.13593442738056183,0.34289929270744324,0.438973605632782,-0.15995429456233978,0.32898572087287903,0.38389110565185547,-0.1772928386926651,0.34391719102859497,0.6327599287033081,-0.10391455143690109,0.2922438383102417,0.5411158800125122,-0.15238328278064728,0.25771570205688477,0.47537747025489807,-0.18538454174995422,0.22547629475593567,0.41808050870895386,-0.20829853415489197,0.3225358724594116,0.6879556179046631,-0.11182167381048203,0.25673964619636536,0.6210760474205017,-0.16126540303230286,0.21345575153827667,0.5733364224433899,-0.1915920376777649,0.17682096362113953,0.5261281728744507,-0.21014398336410522,0.31280431151390076,0.7511690855026245,-0.1181391179561615,0.2595755457878113,0.7299147844314575,-0.16196280717849731,0.22853493690490723,0.7114010453224182,-0.18186312913894653,0.20009984076023102,0.6859703063964844,-0.19365961849689484,Paper
0.38636699318885803,0.8626594543457031,4.4700590251522954e-07,0.4334563910961151,0.7732962369918823,-0.027669334784150124,0.45002737641334534,0.6606778502464294,-0.060219310224056244,0.4681459069252014,0.5891433358192444,-0.09007634967565536,0.48343154788017273,0.5141986608505249,-0.12660138309001923,0.416511595249176,0.6470195055007935,-0.13636012375354767,0.3977603018283844,0.5367264151573181,-0.19387374818325043,0.386862188577652,0.4627450108528137,-0.23033466935157776,0.37794673442840576,0.3945642411708832,-0.26056501269340515,0.3935994803905487,0.6922218203544617,-0.15898002684116364,0.336470365524292,0.5980703234672546,-0.23632919788360596,0.300037682056427,0.5250202417373657,-0.2913871705532074,0.26591330766677856,0.4549500346183777,-0.3346574902534485,0.3777507543563843,0.7576844692230225,-0.17611250281333923,0.3093966841697693,0.7061228156089783,-0.25143855810165405,0.26289308071136475,0.6671791076660156,-0.29945021867752075,0.2167695164680481,0.6298316717147827,-0.3339943587779999,0.3673267066478729,0.8266286253929138,-0.19107995927333832,0.31896287202835083,0.8365890979766846,-0.25844332575798035,0.28882721066474915,0.8267794251441956,-0.2967056334018707,0.2562824785709381,0.8068051934242249,-0.3265537917613983,Paper
0.2594205439090729,0.5864102840423584,3.07977984448371e-07,0.3584345579147339,0.6502450108528137,-0.08296851813793182,0.42045003175735474,0.6808961629867554,-0.15026886761188507,0.35805031657218933,0.672204315662384,-0.20515626668930054,0.2750941514968872,0.65720534324646,-0.25427770614624023,0.4841981828212738,0.40190041065216064,-0.14097818732261658,0.4466462731361389,0.5726718902587891,-0.21561941504478455,0.42681699991226196,0.6304378509521484,-0.25819170475006104,0.419736385345459,0.5975338220596313,-0.2865210175514221,0.40229418873786926,0.34683021903038025,-0.13317838311195374,0.3582463562488556,0.5808963179588318,-0.19740478694438934,0.3506278991699219,0.6233354210853577,-0.21177496016025543,0.3613041639328003,0.5594288110733032,-0.22195129096508026,0.3153376877307892,0.3558802008628845,-0.13095273077487946,0.2817164957523346,0.5843711495399475,-0.17855913937091827,0.2896941602230072,0.6093335151672363,-0.16139522194862366,0.3046204149723053,0.539897620677948,-0.1492791771888733,0.2336355298757553,0.38803139328956604,-0.13813430070877075,0.21484413743019104,0.582947850227356,-0.17832371592521667,0.22868937253952026,0.6025914549827576,-0.17703673243522644,0.24621036648750305,0.5443706512451172,-0.1710929423570633,rock
0.2804095149040222,0.5252038240432739,2.9034626436441613e-07,0.3719622492790222,0.5975192785263062,-0.07880290597677231,0.4279511272907257,0.6570906639099121,-0.14091117680072784,0.3673778772354126,0.6806726455688477,-0.1914733499288559,0.2863768935203552,0.6777712106704712,-0.23813988268375397,0.4794541001319885,0.40813520550727844,-0.14467768371105194,0.4310411810874939,0.6109127998352051,-0.22102634608745575,0.4156104624271393,0.6462981104850769,-0.2666187882423401,0.4157823920249939,0.5986230373382568,-0.2966362237930298,0.3897900879383087,0.35712265968322754,-0.13710367679595947,0.3432776927947998,0.6296362280845642,-0.19737641513347626,0.3450893759727478,0.6380116939544678,-0.20653940737247467,0.3532875180244446,0.5646291971206665,-0.21427330374717712,0.3003908097743988,0.3646315932273865,-0.13478021323680878,0.2660059630870819,0.6240955591201782,-0.18024949729442596,0.2843213379383087,0.620854377746582,-0.15605224668979645,0.3017584979534149,0.5439739227294922,-0.1374858021736145,0.21947143971920013,0.3948572278022766,-0.142342209815979,0.2004626840353012,0.6034760475158691,-0.1850004345178604,0.22183918952941895,0.6003603339195251,-0.18212014436721802,0.24207767844200134,0.5321115851402283,-0.1728994995355606,rock
0.2850412130355835,0.6192587614059448,3.0173188747539825e-07,0.3699291944503784,0.6449690461158752,-0.09682804346084595,0.44014793634414673,0.6893728375434875,-0.18483947217464447,0.45981723070144653,0.7250716090202332,-0.2625151574611664,0.44337743520736694,0.735838770866394,-0.3344484865665436,0.47531595826148987,0.4321530759334564,-0.19104282557964325,0.5071645975112915,0.605991780757904,-0.3019771873950958,0.5120021104812622,0.6595582962036133,-0.3522399961948395,0.4967363178730011,0.6411001682281494,-0.37832096219062805,0.3779531717300415,0.4184413552284241,-0.1868646740913391,0.4147980213165283,0.6657047867774963,-0.28606611490249634,0.40480896830558777,0.7084490060806274,-0.28918933868408203,0.39253050088882446,0.6284002065658569,-0.28324925899505615,0.288949579000473,0.46338632702827454,-0.19153974950313568,0.31405186653137207,0.7003825902938843,-0.27443182468414307,0.3216079771518707,0.7131496667861938,-0.23756389319896698,0.3181352913379669,0.6411702036857605,-0.20250344276428223,0.2081727832555771,0.5245466232299805,-0.2068171501159668,0.2188674807548523,0.6974583268165588,-0.27958765625953674,0.2273889183998108,0.6930797696113586,-0.27750924229621887,0.2251608669757843,0.6305129528045654,-0.26281896233558655,rock
0.20134727656841278,0.6871193051338196,9.604094657333917e-07,0.33453133702278137,0.6085601449012756,-0.05820811912417412,0.44126129150390625,0.5775994658470154,-0.1417621225118637,0.5144324898719788,0.6249235272407532,-0.21873344480991364,0.5224179625511169,0.6801712512969971,-0.2901862561702728,0.3925137221813202,0.3912559747695923,-0.19629167020320892,0.5169209837913513,0.5225490927696228,-0.2706499397754669,0.5516461730003357,0.6319801211357117,-0.2881191074848175,0.5252557992935181,0.6774388551712036,-0.2934330701828003,0.3223678469657898,0.4583626985549927,-0.21068768203258514,0.4859318435192108,0.6577960848808289,-0.2792397141456604,0.485711932182312,0.7482583522796631,-0.26350152492523193,0.4533270001411438,0.735710859298706,-0.25173330307006836,0.2705760598182678,0.5659029483795166,-0.2247554063796997,0.4251936376094818,0.7814840078353882,-0.2676223814487457,0.4164142608642578,0.813396692276001,-0.2260327935218811,0.37476077675819397,0.7648570537567139,-0.20102263987064362,0.2326708436012268,0.681445837020874,-0.24602921307086945,0.3664029836654663,0.8505829572677612,-0.26811039447784424,0.3689274191856384,0.8513696193695068,-0.2429143190383911,0.3382614254951477,0.802828311920166,-0.2268199324607849,rock
0.18524524569511414,0.7282268404960632,1.0829649710331068e-07,0.2459176629781723,0.5729894042015076,-0.0052337925881147385,0.3576352894306183,0.4845038950443268,-0.04605788737535477,0.4654880166053772,0.48494142293930054,-0.08285020291805267,0.5239751935005188,0.5310684442520142,-0.11488807201385498,0.3493556082248688,0.42327868938446045,-0.13243436813354492,0.5128962993621826,0.4561197757720947,-0.17509999871253967,0.5217321515083313,0.5185914039611816,-0.1751842200756073,0.47988760471343994,0.5420611500740051,-0.1681108921766281,0.3396250009536743,0.531383752822876,-0.1542830467224121,0.5416913032531738,0.5761094093322754,-0.19751384854316711,0.5356852412223816,0.623801052570343,-0.1825636625289917,0.4825890362262726,0.6301698088645935,-0.16820921003818512,0.34345823526382446,0.651091456413269,-0.16937147080898285,0.546399712562561,0.6846622824668884,-0.19371001422405243,0.5560800433158875,0.7006272673606873,-0.16452404856681824,0.5216005444526672,0.6884973049163818,-0.14369571208953857,0.3527504801750183,0.7687036395072937,-0.1827477514743805,0.5113233923912048,0.7630285024642944,-0.1885918825864792,0.5327639579772949,0.7577722668647766,-0.16327422857284546,0.5248057246208191,0.7324459552764893,-0.1452845335006714,rock
0.2199965864419937,0.6748857498168945,-1.5535778175035375e-07,0.287933349609375,0.535149335861206,0.008693892508745193,0.3871343433856964,0.4689811170101166,-0.01765446923673153,0.48395001888275146,0.4803028106689453,-0.04346667230129242,0.5464122295379639,0.5302478671073914,-0.06421682238578796,0.4072420001029968,0.3878822922706604,-0.09478310495615005,0.5435471534729004,0.4465954899787903,-0.1205868348479271,0.5310434699058533,0.5056619048118591,-0.11073222011327744,0.4860101342201233,0.5195987820625305,-0.1003318727016449,0.4068828821182251,0.48333024978637695,-0.11996283382177353,0.566991925239563,0.5505254864692688,-0.1421978622674942,0.5439417362213135,0.6055567264556885,-0.12372417002916336,0.49636226892471313,0.6119608879089355,-0.11280854046344757,0.4092511534690857,0.5936756730079651,-0.13807010650634766,0.5721111297607422,0.6595808267593384,-0.15052430331707,0.5395554304122925,0.6991683840751648,-0.11695796996355057,0.4889701008796692,0.6946420669555664,-0.09770287573337555,0.4062364101409912,0.7050052881240845,-0.15426577627658844,0.5296100974082947,0.7450996041297913,-0.1537420153617859,0.4965241849422455,0.7616021633148193,-0.12431320548057556,0.4528689980506897,0.7464271783828735,-0.10549043864011765,rock
0.16803792119026184,0.5999937057495117,7.34810043923062e-08,0.25784832239151,0.4978330135345459,-0.02416386269032955,0.36532074213027954,0.43857520818710327,-0.06542312353849411,0.4514976441860199,0.4544766843318939,-0.10429680347442627,0.49402737617492676,0.4990025460720062,-0.13645820319652557,0.3872615396976471,0.32359588146209717,-0.11199315637350082,0.5273770689964294,0.47277510166168213,-0.1618679165840149,0.5058040618896484,0.5280207991600037,-0.1697002500295639,0.4673610031604767,0.5199071764945984,-0.17219626903533936,0.3479870557785034,0.38307785987854004,-0.12890706956386566,0.5116809606552124,0.5661830306053162,-0.17423567175865173,0.46580493450164795,0.5994529128074646,-0.16091245412826538,0.42384690046310425,0.570710301399231,-0.15170562267303467,0.31508490443229675,0.46839839220046997,-0.1456328183412552,0.4643037021160126,0.6552895903587341,-0.1779199242591858,0.41647979617118835,0.6583645939826965,-0.15504910051822662,0.3778872787952423,0.6122241616249084,-0.14082425832748413,0.2901269793510437,0.5678591728210449,-0.1651204228401184,0.4089675843715668,0.7078741192817688,-0.17937695980072021,0.3741939961910248,0.6990901827812195,-0.16609540581703186,0.33802667260169983,0.6520684361457825,-0.15824560821056366,rock
0.5719549059867859,0.6175276041030884,-5.399283509177621e-07,0.5144211053848267,0.5063835978507996,-0.016810007393360138,0.4286767542362213,0.42160874605178833,-0.05212708190083504,0.33311927318573,0.3942672312259674,-0.08504966646432877,0.28088638186454773,0.41056355834007263,-0.11401434242725372,0.467191606760025,0.2907602787017822,-0.08431674540042877,0.30319473147392273,0.35679033398628235,-0.1278001070022583,0.31983593106269836,0.4284602403640747,-0.13394586741924286,0.3592911958694458,0.4305714964866638,-0.13440904021263123,0.4820728898048401,0.36265861988067627,-0.09831520169973373,0.30576634407043457,0.45095011591911316,-0.1434192806482315,0.3388325870037079,0.5026788115501404,-0.13195665180683136,0.38118505477905273,0.491432249546051,-0.1228666752576828,0.48393601179122925,0.45192670822143555,-0.1125851422548294,0.32657480239868164,0.5370236039161682,-0.1476241499185562,0.36361852288246155,0.5733703374862671,-0.12260973453521729,0.4084668457508087,0.556308388710022,-0.10588245093822479,0.4787992537021637,0.5429819822311401,-0.12795494496822357,0.3604974150657654,0.6061731576919556,-0.15443627536296844,0.3874107301235199,0.6261376738548279,-0.14660437405109406,0.42613542079925537,0.6081349849700928,-0.13879598677158356,rock
0.6298945546150208,0.5348449945449829,-3.248289033308538e-07,0.5646827220916748,0.4357779920101166,-0.024348916485905647,0.4706816077232361,0.37715384364128113,-0.06691120564937592,0.3848720192909241,0.383154958486557,-0.10578934103250504,0.3425889313220978,0.41102319955825806,-0.14172057807445526,0.49324098229408264,0.25191786885261536,-0.1054081991314888,0.350029855966568,0.36750540137290955,-0.14674344658851624,0.37090569734573364,0.4248822033405304,-0.14766362309455872,0.4097279906272888,0.4149323105812073,-0.14578892290592194,0.5230710506439209,0.32727766036987305,-0.1191311776638031,0.3612495958805084,0.46404674649238586,-0.16435979306697845,0.39832985401153564,0.5035982728004456,-0.1504449099302292,0.4403567910194397,0.47971782088279724,-0.1407051682472229,0.5425149202346802,0.4218098819255829,-0.13236096501350403,0.3934279978275299,0.5453985333442688,-0.16824471950531006,0.4334084391593933,0.5660870671272278,-0.14141452312469482,0.4792174994945526,0.5373066067695618,-0.12431617826223373,0.555216908454895,0.5168527364730835,-0.14701274037361145,0.43915051221847534,0.6020147800445557,-0.17795123159885406,0.46496814489364624,0.6056349277496338,-0.17049826681613922,0.5047812461853027,0.5750884413719177,-0.16284237802028656,rock
0.6220384836196899,0.5674729347229004,-3.0258621563916677e-07,0.5864552855491638,0.4326464831829071,0.018945518881082535,0.5130035877227783,0.3577961325645447,0.01762954704463482,0.4380088448524475,0.3576411306858063,0.014211284928023815,0.3918225169181824,0.4031764268875122,0.010034004226326942,0.4521443247795105,0.31471461057662964,-0.02334439940750599,0.35929733514785767,0.34303632378578186,-0.022454768419265747,0.38752269744873047,0.37338680028915405,-0.01515272632241249,0.42254599928855896,0.37796661257743835,-0.010392697528004646,0.4336393475532532,0.40394097566604614,-0.037192970514297485,0.35003986954689026,0.4245038628578186,-0.03136027231812477,0.37997967004776,0.44823744893074036,-0.01960812322795391,0.4183238744735718,0.4530857503414154,-0.01529668364673853,0.424591988325119,0.4960571527481079,-0.045317891985177994,0.37088748812675476,0.506193995475769,-0.0323907695710659,0.4029678702354431,0.5195800065994263,-0.014652976766228676,0.43824318051338196,0.5230017900466919,-0.009725318290293217,0.4255129098892212,0.5832539200782776,-0.051778074353933334,0.3967559039592743,0.5711086988449097,-0.03847261890769005,0.42780885100364685,0.5821399688720703,-0.019170498475432396,0.45502933859825134,0.5857069492340088,-0.007626871578395367,rock
0.6139602661132812,0.5959358215332031,-4.6718957946723094e-07,0.5845056772232056,0.47215744853019714,0.0024624215438961983,0.5170682072639465,0.374782532453537,-0.01778428442776203,0.42459404468536377,0.3528537154197693,-0.037600431591272354,0.3615840673446655,0.37535959482192993,-0.05527675524353981,0.5101321935653687,0.2713823914527893,-0.05106627196073532,0.3779764473438263,0.3059232234954834,-0.07941384613513947,0.3992208242416382,0.36130547523498535,-0.08642074465751648,0.43278440833091736,0.3682146966457367,-0.08897755295038223,0.48974087834358215,0.3476262390613556,-0.06935238093137741,0.35448533296585083,0.3822997808456421,-0.09451896697282791,0.38678526878356934,0.4270291030406952,-0.08526939153671265,0.4274989664554596,0.42884233593940735,-0.07899583131074905,0.4681338369846344,0.4330703318119049,-0.08555856347084045,0.3521943688392639,0.4653785824775696,-0.10379228740930557,0.3909435570240021,0.5019016265869141,-0.07947344332933426,0.43096399307250977,0.498350590467453,-0.06450044363737106,0.4481748938560486,0.5247256755828857,-0.1013932079076767,0.370578408241272,0.54511958360672,-0.11556311696767807,0.4078615605831146,0.5688074827194214,-0.10040905326604843,0.44231265783309937,0.5605148077011108,-0.08754736185073853,rock
0.6020461320877075,0.552430272102356,-3.995784254584578e-07,0.521613597869873,0.4707004725933075,-0.02327260933816433,0.4342278242111206,0.417915940284729,-0.05882437154650688,0.3526814579963684,0.4211662709712982,-0.08986475318670273,0.31143027544021606,0.43861526250839233,-0.11633346974849701,0.4660664498806,0.2562541961669922,-0.0871695727109909,0.3308730125427246,0.37074214220046997,-0.12388920783996582,0.3508400619029999,0.43639275431632996,-0.12790782749652863,0.38802018761634827,0.4268825054168701,-0.12933190166950226,0.501098096370697,0.31406015157699585,-0.09808877110481262,0.3501417338848114,0.45623502135276794,-0.13705557584762573,0.3766311705112457,0.5007938146591187,-0.1291341632604599,0.4122055470943451,0.48314550518989563,-0.12408719211816788,0.5251948833465576,0.4015881419181824,-0.10895394533872604,0.3879232704639435,0.538314700126648,-0.14099708199501038,0.4110419452190399,0.5686031579971313,-0.12374545633792877,0.44298699498176575,0.5419424176216125,-0.11358083784580231,0.541598379611969,0.49446138739585876,-0.1211475059390068,0.43532371520996094,0.5980161428451538,-0.15048833191394806,0.44947338104248047,0.6143248081207275,-0.14889930188655853,0.47801053524017334,0.5887361764907837,-0.1455824375152588,rock
0.5667737722396851,0.625821590423584,-3.3041123970178887e-07,0.4811655879020691,0.5929276943206787,-0.06762299686670303,0.4063270092010498,0.5557042360305786,-0.1211543008685112,0.3635012209415436,0.5410016179084778,-0.16456681489944458,0.40495774149894714,0.5396798849105835,-0.19782917201519012,0.46159785985946655,0.29199931025505066,-0.09319300204515457,0.3947790265083313,0.43009471893310547,-0.15771619975566864,0.4073958992958069,0.4944312572479248,-0.19057169556617737,0.4336974024772644,0.4679323136806488,-0.2102099359035492,0.5340061783790588,0.3239468038082123,-0.08782463520765305,0.4519622325897217,0.49359944462776184,-0.1394970864057541,0.4505731463432312,0.5493739247322083,-0.13970446586608887,0.4694586992263794,0.4976816773414612,-0.13442642986774445,0.5912445187568665,0.3935913145542145,-0.09116573631763458,0.5096781253814697,0.5636938214302063,-0.13233353197574615,0.49835264682769775,0.5947876572608948,-0.10386694222688675,0.5169445276260376,0.5505199432373047,-0.07873173803091049,0.6260583996772766,0.4768988788127899,-0.10333887487649918,0.557620108127594,0.6073964834213257,-0.1348465234041214,0.5483018159866333,0.6224151849746704,-0.12567822635173798,0.5652999877929688,0.5832440853118896,-0.11091072857379913,rock
0.5769355893135071,0.70741206407547,-5.16451791554573e-07,0.49758127331733704,0.7136804461479187,-0.09125477075576782,0.417647123336792,0.6562243103981018,-0.1456035077571869,0.42517268657684326,0.6033708453178406,-0.18676485121250153,0.5100845694541931,0.5668861269950867,-0.21288643777370453,0.4318937063217163,0.39177706837654114,-0.08381965756416321,0.44654396176338196,0.4610593020915985,-0.16294600069522858,0.4664316177368164,0.5560506582260132,-0.20244154334068298,0.47728338837623596,0.5558328032493591,-0.22492237389087677,0.5070492625236511,0.37058576941490173,-0.07235978543758392,0.5376104712486267,0.47042766213417053,-0.1555524319410324,0.5258588194847107,0.573241651058197,-0.16887864470481873,0.5111836194992065,0.5496810078620911,-0.1635677069425583,0.5753044486045837,0.39548176527023315,-0.0759352594614029,0.6084088087081909,0.528796374797821,-0.14904627203941345,0.5825400352478027,0.614763081073761,-0.13769413530826569,0.5601447820663452,0.5858964323997498,-0.11701686680316925,0.6367538571357727,0.43762731552124023,-0.0904376432299614,0.6616474390029907,0.5601099729537964,-0.1424550563097,0.6371635794639587,0.630425751209259,-0.1464880108833313,0.6096397638320923,0.616978108882904,-0.1388888657093048,rock
0.5690391659736633,0.7011866569519043,8.219800662345733e-08,0.4910232126712799,0.7050121426582336,-0.07102496922016144,0.4116917550563812,0.6570440530776978,-0.11687561869621277,0.3964727520942688,0.574714183807373,-0.15748292207717896,0.46616852283477783,0.5118762254714966,-0.18748778104782104,0.40314123034477234,0.46467894315719604,-0.048384133726358414,0.3952060341835022,0.43246838450431824,-0.13810387253761292,0.40085938572883606,0.44084110856056213,-0.19132490456104279,0.4183087646961212,0.46412116289138794,-0.22029908001422882,0.4778178334236145,0.41566628217697144,-0.045966848731040955,0.4742856025695801,0.3882017433643341,-0.14321649074554443,0.47888973355293274,0.49368640780448914,-0.16469764709472656,0.4861106872558594,0.5240171551704407,-0.15822388231754303,0.5437324643135071,0.41826289892196655,-0.05890164151787758,0.5531235933303833,0.46746835112571716,-0.13251124322414398,0.5445224046707153,0.567062497138977,-0.10648497939109802,0.5365398526191711,0.5658498406410217,-0.07202201336622238,0.6086774468421936,0.443298876285553,-0.0819033831357956,0.6159425973892212,0.5239991545677185,-0.12500306963920593,0.6026701331138611,0.5920529365539551,-0.11583008617162704,0.5838646292686462,0.5835174918174744,-0.09859802573919296,rock
0.5797083973884583,0.7322560548782349,-6.168457957755891e-07,0.48800501227378845,0.7291674613952637,-0.05420593172311783,0.37781795859336853,0.6437171697616577,-0.07673751562833786,0.34976351261138916,0.5309462547302246,-0.09654024988412857,0.4254477024078369,0.47134581208229065,-0.10466141253709793,0.3909468352794647,0.4810557961463928,-0.011671054176986217,0.3543729782104492,0.4363546073436737,-0.0656333789229393,0.39167022705078125,0.5365654826164246,-0.08792617917060852,0.4093499183654785,0.5376091599464417,-0.09975212067365646,0.4544539749622345,0.4447080194950104,-0.010284101590514183,0.42460837960243225,0.40417617559432983,-0.07122818380594254,0.4534057378768921,0.5287667512893677,-0.07161303609609604,0.4657670855522156,0.5249649286270142,-0.05543109402060509,0.5181625485420227,0.441940575838089,-0.023233529180288315,0.4985795319080353,0.42756226658821106,-0.07794058322906494,0.5136662721633911,0.5466869473457336,-0.056320615112781525,0.5212440490722656,0.5365447998046875,-0.027531733736395836,0.5855957269668579,0.4484790563583374,-0.04317942261695862,0.5615136027336121,0.47615164518356323,-0.06763096898794174,0.5657931566238403,0.5542526245117188,-0.055388882756233215,0.5725252628326416,0.5417793989181519,-0.04022977873682976,rock
0.6216875910758972,0.743030846118927,-6.507906391561846e-07,0.5271234512329102,0.7307485342025757,-0.04884862154722214,0.4147311747074127,0.6491249799728394,-0.0705551728606224,0.3705495595932007,0.5427741408348083,-0.09161132574081421,0.43780383467674255,0.4756031334400177,-0.1010415256023407,0.42548421025276184,0.4893395006656647,-0.0006667604320682585,0.37672048807144165,0.4424121081829071,-0.05311118811368942,0.4143873155117035,0.5404618978500366,-0.07393546402454376,0.4344077706336975,0.54486083984375,-0.08337636291980743,0.48720142245292664,0.4525104761123657,-0.0014436019118875265,0.444790244102478,0.4107936918735504,-0.06062677502632141,0.4788590967655182,0.5334441065788269,-0.060112450271844864,0.4965112507343292,0.5315126180648804,-0.042330872267484665,0.5510655045509338,0.44719529151916504,-0.01653205044567585,0.5144158601760864,0.4252695143222809,-0.07259718328714371,0.5384864211082458,0.5438823103904724,-0.051199935376644135,0.5540220141410828,0.5376792550086975,-0.020425453782081604,0.61812424659729,0.4508863091468811,-0.037667740136384964,0.5787748098373413,0.46510836482048035,-0.06172003224492073,0.5866343379020691,0.5450045466423035,-0.04692636802792549,0.5986877083778381,0.5404714345932007,-0.028670363128185272,Sissors
0.6687390208244324,0.7228564620018005,1.4227288147594663e-07,0.5653749704360962,0.7274066805839539,-0.038776397705078125,0.49328264594078064,0.730988085269928,-0.10325901955366135,0.44824862480163574,0.748948335647583,-0.17213322222232819,0.4100552201271057,0.7829097509384155,-0.2444135695695877,0.4657149612903595,0.5327724814414978,-0.13752835988998413,0.3692396879196167,0.4551098942756653,-0.22928299009799957,0.31635725498199463,0.377164363861084,-0.28775331377983093,0.2766188383102417,0.30538785457611084,-0.3271336853504181,0.5297062397003174,0.5223681926727295,-0.16901351511478424,0.4730588495731354,0.6232954859733582,-0.28563860058784485,0.4536293148994446,0.7249335646629333,-0.3112528622150421,0.4463970363140106,0.7706315517425537,-0.31357938051223755,0.5984615683555603,0.5505434274673462,-0.20362350344657898,0.5481761693954468,0.6846334934234619,-0.2944951057434082,0.5520225763320923,0.753792941570282,-0.2714717984199524,0.5694817304611206,0.7641544342041016,-0.24159204959869385,0.659918487071991,0.5928812026977539,-0.2439657747745514,0.6106594204902649,0.7001180648803711,-0.30345702171325684,0.5972211360931396,0.7658055424690247,-0.2876642942428589,0.6012421250343323,0.778984010219574,-0.2650034427642822,Sissors
0.7286396026611328,0.7395288944244385,1.4121845026693336e-07,0.6257312297821045,0.7023418545722961,-0.012893496081233025,0.5498235821723938,0.6792636513710022,-0.051123686134815216,0.4907895028591156,0.6975923180580139,-0.08637674897909164,0.4327443540096283,0.6970241069793701,-0.12631142139434814,0.5393931865692139,0.5249550342559814,-0.1253778040409088,0.49104779958724976,0.4053274393081665,-0.19211092591285706,0.4608819782733917,0.31376829743385315,-0.2440352886915207,0.4379885792732239,0.2276812195777893,-0.28100907802581787,0.6105965375900269,0.5378590822219849,-0.1362861543893814,0.49716559052467346,0.633867621421814,-0.19020545482635498,0.4236254394054413,0.6979836225509644,-0.20698456466197968,0.3726891577243805,0.7347619533538818,-0.22518280148506165,0.6618911027908325,0.6000154614448547,-0.14271655678749084,0.550325334072113,0.743453860282898,-0.17016473412513733,0.5484687685966492,0.7763336896896362,-0.14394913613796234,0.5774126648902893,0.7704299092292786,-0.13118702173233032,0.6890081167221069,0.6693214774131775,-0.150849848985672,0.5973629951477051,0.7913966774940491,-0.1729981005191803,0.5910677909851074,0.8207311630249023,-0.15600307285785675,0.6067370176315308,0.8023221492767334,-0.14229604601860046,Sissors
0.7789360284805298,0.8720542192459106,7.890068900451297e-07,0.6954248547554016,0.7538801431655884,0.05188208818435669,0.6338312029838562,0.6909794807434082,0.009944719262421131,0.5831763744354248,0.6913684606552124,-0.041364703327417374,0.5350068807601929,0.6937704086303711,-0.09891505539417267,0.6172646880149841,0.5949404835700989,-0.1229567676782608,0.593704104423523,0.46915268898010254,-0.19431889057159424,0.5944771766662598,0.35537633299827576,-0.24892175197601318,0.6015723347663879,0.26275646686553955,-0.2880643606185913,0.6608568429946899,0.6641119122505188,-0.16790339350700378,0.5117942690849304,0.6612650156021118,-0.22745022177696228,0.4229542315006256,0.6646537780761719,-0.244346022605896,0.35926443338394165,0.6759237051010132,-0.2671720087528229,0.6791002154350281,0.7581035494804382,-0.1974983513355255,0.5310143828392029,0.7981461882591248,-0.1874334067106247,0.5529792308807373,0.8134679198265076,-0.11480498313903809,0.5939962267875671,0.809166431427002,-0.08187557011842728,0.6813710331916809,0.8308675289154053,-0.22693128883838654,0.5643897652626038,0.8701809644699097,-0.20248712599277496,0.576732873916626,0.8777087926864624,-0.14726069569587708,0.6055691242218018,0.8603481650352478,-0.1151404157280922,Sissors
0.7229074835777283,0.8327917456626892,1.1059858024964342e-06,0.6807275414466858,0.7371580600738525,0.016856739297509193,0.610662579536438,0.6979987621307373,-0.015431683510541916,0.5390790104866028,0.7311289310455322,-0.051142990589141846,0.49740785360336304,0.7659152746200562,-0.09166516363620758,0.5967640280723572,0.6108711957931519,-0.09623943269252777,0.553090512752533,0.5114400386810303,-0.1497885286808014,0.5345768928527832,0.4220815598964691,-0.18873082101345062,0.5222666263580322,0.35096919536590576,-0.21694089472293854,0.620427131652832,0.6631397604942322,-0.12688082456588745,0.48493099212646484,0.6610422134399414,-0.17593400180339813,0.40574032068252563,0.6535900235176086,-0.20122981071472168,0.35367873311042786,0.6521863341331482,-0.2260301113128662,0.629612147808075,0.7452512979507446,-0.1480037420988083,0.48325684666633606,0.7988722920417786,-0.16383349895477295,0.5061548948287964,0.8181954026222229,-0.12906192243099213,0.5434272289276123,0.8114588856697083,-0.1107461005449295,0.6295757293701172,0.8213726282119751,-0.16877183318138123,0.5174986124038696,0.8765082359313965,-0.1771656572818756,0.5347126126289368,0.8839434385299683,-0.15099696815013885,0.5647103786468506,0.8671091794967651,-0.13291211426258087,Sissors
0.6807357668876648,0.776385486125946,7.64102026096225e-07,0.575568437576294,0.7228841781616211,0.06060484051704407,0.5129300355911255,0.6883074045181274,0.02290593460202217,0.4565299153327942,0.6990379691123962,-0.03187442198395729,0.40283891558647156,0.6944708824157715,-0.08944743871688843,0.5030327439308167,0.5470194220542908,-0.07375844568014145,0.46341800689697266,0.4288565516471863,-0.13123548030853271,0.44828173518180847,0.33270493149757385,-0.16995105147361755,0.44402003288269043,0.2577187418937683,-0.1982131004333496,0.5426843166351318,0.5882289409637451,-0.12894795835018158,0.4179728925228119,0.594282329082489,-0.1964278221130371,0.3340592682361603,0.6091389656066895,-0.21839500963687897,0.27431195974349976,0.6207425594329834,-0.2368069738149643,0.5696239471435547,0.6580253839492798,-0.17067909240722656,0.46405860781669617,0.7339721918106079,-0.17442822456359863,0.48924052715301514,0.771850049495697,-0.11360982805490494,0.5226945281028748,0.7678604125976562,-0.08174397051334381,0.5841007232666016,0.7142245769500732,-0.21179313957691193,0.5105280876159668,0.792035698890686,-0.1883423626422882,0.5264294743537903,0.821412205696106,-0.1373508870601654,0.552409827709198,0.8118717670440674,-0.10646506398916245,Sissors
0.6618552207946777,0.8825106620788574,7.533536177106726e-07,0.5630440711975098,0.8500509262084961,-0.005470467731356621,0.5058987736701965,0.8072537779808044,-0.03829449042677879,0.4726147949695587,0.7911884784698486,-0.08064331114292145,0.4591604471206665,0.7780321836471558,-0.12320509552955627,0.5276004672050476,0.6149973273277283,-0.048290811479091644,0.5074639320373535,0.4822882115840912,-0.09757909923791885,0.4938619136810303,0.3961784243583679,-0.1255398392677307,0.4901258051395416,0.3222746253013611,-0.14364008605480194,0.5719472765922546,0.6228500604629517,-0.07882773876190186,0.4699876308441162,0.5817437767982483,-0.1416095346212387,0.3997303247451782,0.555235743522644,-0.1670987457036972,0.3522433936595917,0.5293676853179932,-0.17855699360370636,0.6048288345336914,0.6698509454727173,-0.1090468093752861,0.49322327971458435,0.7612798810005188,-0.1565854400396347,0.5000675320625305,0.8304233551025391,-0.13951019942760468,0.5235005021095276,0.8523753881454468,-0.11774969100952148,0.6227233409881592,0.7345163822174072,-0.1422591358423233,0.5330365896224976,0.8326048851013184,-0.16590450704097748,0.5297777652740479,0.878393292427063,-0.1490340530872345,0.5423814058303833,0.8828524351119995,-0.1306871771812439,Sissors
0.661587119102478,0.9766008257865906,5.070393171990872e-07,0.5955104827880859,0.8793734312057495,0.00738285668194294,0.5465186834335327,0.7909895777702332,-0.014709786511957645,0.49727863073349,0.7422112822532654,-0.04364435747265816,0.45747411251068115,0.710227370262146,-0.07389707118272781,0.5793643593788147,0.6601827144622803,-0.04445437714457512,0.5775851011276245,0.5227675437927246,-0.09116645157337189,0.5893155932426453,0.43241462111473083,-0.11861152946949005,0.6068333387374878,0.3546469509601593,-0.13514642417430878,0.5999742746353149,0.6960671544075012,-0.06888017803430557,0.4783102869987488,0.629486620426178,-0.11608485132455826,0.4041307866573334,0.5923010110855103,-0.13486239314079285,0.3532100021839142,0.5623016357421875,-0.1465146839618683,0.6022787690162659,0.761676549911499,-0.09121472388505936,0.46176034212112427,0.791949450969696,-0.12649208307266235,0.4674507975578308,0.8475087881088257,-0.11559354513883591,0.499439537525177,0.8693739175796509,-0.10266395658254623,0.5922584533691406,0.8296971917152405,-0.1137763038277626,0.48035746812820435,0.8696345090866089,-0.13584443926811218,0.48243772983551025,0.9105104207992554,-0.12648621201515198,0.5084235668182373,0.9178154468536377,-0.11504270881414413,Sissors
0.6670054197311401,0.9685942530632019,5.563872491620714e-07,0.6124694347381592,0.8604270219802856,0.02069934271275997,0.5741172432899475,0.7766755223274231,-0.00038497455534525216,0.5232324600219727,0.7352579832077026,-0.030358484014868736,0.4878140985965729,0.7070754170417786,-0.061746615916490555,0.6110671162605286,0.6455879211425781,-0.04477884620428085,0.6206725239753723,0.511570930480957,-0.0929049402475357,0.6404248476028442,0.420812726020813,-0.1253531277179718,0.6621721386909485,0.34557750821113586,-0.14637088775634766,0.6258984208106995,0.6910389065742493,-0.07501503080129623,0.5092348456382751,0.5995666980743408,-0.12383650243282318,0.4380166828632355,0.5448853373527527,-0.14883598685264587,0.38959676027297974,0.5096801519393921,-0.16728127002716064,0.6194366812705994,0.7570087909698486,-0.10015769302845001,0.4791756570339203,0.7495363354682922,-0.12738150358200073,0.4786701798439026,0.8047712445259094,-0.10814908146858215,0.5065237283706665,0.8341470956802368,-0.09233108162879944,0.6028032302856445,0.8163238167762756,-0.12487199157476425,0.4853938817977905,0.8290446400642395,-0.13696546852588654,0.4846962094306946,0.8718668222427368,-0.11852770298719406,0.5115091800689697,0.8858959674835205,-0.1022278293967247,Sissors
0.6866161823272705,0.9635633230209351,5.507084210876201e-07,0.6077591776847839,0.8627592325210571,0.019432399421930313,0.5657277703285217,0.7761307954788208,-0.00010134607146028429,0.5259796977043152,0.7306904792785645,-0.02925327979028225,0.4952121376991272,0.6989203691482544,-0.059230029582977295,0.6111884713172913,0.6338536143302917,-0.03773760423064232,0.6131116151809692,0.503566324710846,-0.08276701718568802,0.6272761821746826,0.41202980279922485,-0.11269134283065796,0.643229067325592,0.3361935019493103,-0.13259859383106232,0.6336583495140076,0.6759767532348633,-0.0684705302119255,0.5181460976600647,0.6021433472633362,-0.1192152202129364,0.4423958659172058,0.5509836673736572,-0.14602111279964447,0.3899175226688385,0.5184799432754517,-0.16515354812145233,0.6333751082420349,0.7431250214576721,-0.0948021411895752,0.4920106828212738,0.754569411277771,-0.12530282139778137,0.4876762628555298,0.8141911625862122,-0.10838815569877625,0.5129027366638184,0.8446937799453735,-0.09316305071115494,0.6201106309890747,0.8077480792999268,-0.12091702967882156,0.5027444362640381,0.8328551650047302,-0.13526326417922974,0.5009524822235107,0.8761277794837952,-0.11881128698587418,0.5269791483879089,0.8890671133995056,-0.10347437113523483,Sissors
0.6551551222801208,0.9913979768753052,6.53588699606189e-07,0.5622428059577942,0.9252989292144775,-0.011739575304090977,0.5052931904792786,0.851177453994751,-0.03726674243807793,0.47444605827331543,0.8202007412910461,-0.07103606313467026,0.4832009971141815,0.8078098297119141,-0.10485228151082993,0.5643367767333984,0.6681960225105286,-0.03504660353064537,0.563984751701355,0.5335761308670044,-0.07550092041492462,0.5635101199150085,0.44342172145843506,-0.09820768237113953,0.5703197121620178,0.36846861243247986,-0.11388987302780151,0.6077319979667664,0.6877683997154236,-0.05936625227332115,0.5277048349380493,0.6289356350898743,-0.11622205376625061,0.45413944125175476,0.5786848068237305,-0.1451246440410614,0.40157535672187805,0.5361995697021484,-0.15991245210170746,0.63606196641922,0.7437178492546082,-0.0846259817481041,0.5131799578666687,0.8027336597442627,-0.1338290572166443,0.5066804885864258,0.8720272183418274,-0.12896575033664703,0.5295423269271851,0.893622100353241,-0.11482246220111847,0.6462893486022949,0.8156781196594238,-0.11257530003786087,0.5335835814476013,0.8824595808982849,-0.14067122340202332,0.5266934633255005,0.928074836730957,-0.13154126703739166,0.549725353717804,0.9320182800292969,-0.11816859245300293,Sissors
0.6505020260810852,1.041021704673767,9.051017855199461e-07,0.5821999311447144,1.001469612121582,-0.03398911654949188,0.5357106328010559,0.9041687846183777,-0.056578848510980606,0.5695309638977051,0.8138765096664429,-0.08282332867383957,0.6174058318138123,0.7475447058677673,-0.10681845247745514,0.5491244792938232,0.7399879097938538,-0.02886885777115822,0.495114266872406,0.6238812804222107,-0.06447242945432663,0.46347224712371826,0.5514304041862488,-0.08395962417125702,0.44090986251831055,0.48645129799842834,-0.09543528407812119,0.6115542650222778,0.72960364818573,-0.04115103930234909,0.614153265953064,0.5769496560096741,-0.08362478762865067,0.6183813810348511,0.4784705638885498,-0.10830216109752655,0.6281259059906006,0.3983926773071289,-0.11738058179616928,0.6674526929855347,0.7628169059753418,-0.05813782289624214,0.6510448455810547,0.7223949432373047,-0.12121517956256866,0.62496018409729,0.8280932903289795,-0.12679538130760193,0.6167786121368408,0.8989461660385132,-0.10998139530420303,0.7142939567565918,0.8196192383766174,-0.07704368978738785,0.6872210502624512,0.7827798128128052,-0.12271958589553833,0.657311201095581,0.8609978556632996,-0.11546819657087326,0.644095242023468,0.923961341381073,-0.09712256491184235,Sissors
0.6425809264183044,1.0395238399505615,8.320485562762769e-07,0.5756794810295105,0.9968805313110352,-0.033023133873939514,0.5311340093612671,0.9000571966171265,-0.055947184562683105,0.5636990666389465,0.8130451440811157,-0.08320067822933197,0.6119995713233948,0.750393807888031,-0.10783228278160095,0.5536147356033325,0.7489297389984131,-0.028264515101909637,0.49742066860198975,0.6395015716552734,-0.0657459944486618,0.46307826042175293,0.5710473656654358,-0.08676469326019287,0.4376400113105774,0.5087641477584839,-0.09911699593067169,0.6150875091552734,0.7366886138916016,-0.041119325906038284,0.6209209561347961,0.5837128162384033,-0.08608774095773697,0.6273372173309326,0.484826922416687,-0.11093437671661377,0.6396849751472473,0.40268898010253906,-0.11981954425573349,0.6706000566482544,0.7676816582679749,-0.058608558028936386,0.6527203321456909,0.721918523311615,-0.12266886979341507,0.6203762888908386,0.8287220001220703,-0.12578929960727692,0.6086925864219666,0.9028146862983704,-0.1068488135933876,0.7181715965270996,0.8235197067260742,-0.07819000631570816,0.6912958025932312,0.7807913422584534,-0.12220759689807892,0.6541976928710938,0.854051947593689,-0.11234159022569656,0.6355806589126587,0.9173071980476379,-0.09226809442043304,Sissors
0.5741175413131714,0.95033860206604,1.0206384786215494e-06,0.5072510242462158,0.912560224533081,-0.04105592146515846,0.47622230648994446,0.8213580250740051,-0.0629718005657196,0.525163471698761,0.7434496879577637,-0.08498631417751312,0.5723826885223389,0.6828124523162842,-0.10468233376741409,0.4713350832462311,0.6620224118232727,-0.03692629188299179,0.43249207735061646,0.5440552234649658,-0.06891614943742752,0.40812763571739197,0.4685826301574707,-0.0859469398856163,0.3894073963165283,0.4051687717437744,-0.09609613567590714,0.5296478867530823,0.6498033404350281,-0.041830986738204956,0.5458577871322632,0.5098710060119629,-0.08082950115203857,0.5604578256607056,0.41957786679267883,-0.10288216918706894,0.5755432844161987,0.3483692705631256,-0.11088240146636963,0.5795859694480896,0.6809954047203064,-0.05166541412472725,0.5990884900093079,0.6623631715774536,-0.10625021159648895,0.5810680389404297,0.7534034252166748,-0.11509085446596146,0.5683671236038208,0.8108356595039368,-0.10389178991317749,0.6186444163322449,0.733555257320404,-0.06441277265548706,0.6239603757858276,0.7224999070167542,-0.10635212808847427,0.6034224629402161,0.792177140712738,-0.1056453064084053,0.58529132604599,0.8416720628738403,-0.09389527887105942,Sissors
0.5657503008842468,0.94862961769104,9.798189921639278e-07,0.49917474389076233,0.9089584350585938,-0.03409736976027489,0.4663405418395996,0.811978816986084,-0.052310239523649216,0.5183292031288147,0.7388659119606018,-0.07183178514242172,0.5697901248931885,0.6857342720031738,-0.08983156085014343,0.46942138671875,0.6601550579071045,-0.03480584919452667,0.4335600435733795,0.5433005690574646,-0.06577019393444061,0.4103124439716339,0.4697808027267456,-0.08152817189693451,0.3917965888977051,0.40644723176956177,-0.09102988988161087,0.5280377864837646,0.6511394381523132,-0.04198189079761505,0.5487383604049683,0.5163478851318359,-0.08029565215110779,0.5662344098091125,0.42455485463142395,-0.10211709141731262,0.5844025015830994,0.3497156500816345,-0.11039046943187714,0.5772413611412048,0.6831055879592896,-0.053065620362758636,0.5927890539169312,0.6747521162033081,-0.10445665568113327,0.5711236596107483,0.7636521458625793,-0.11210764199495316,0.5572105646133423,0.8185121417045593,-0.10125289112329483,0.6157652735710144,0.7352849841117859,-0.06665444374084473,0.6155529022216797,0.7361923456192017,-0.10520317405462265,0.5927003026008606,0.80426424741745,-0.10356004536151886,0.5750169157981873,0.8503264784812927,-0.0919964611530304,Sissors
0.6050185561180115,0.9535911083221436,9.575492185831536e-07,0.5444978475570679,0.9088912010192871,-0.0374857634305954,0.5167014598846436,0.8120740056037903,-0.0578068383038044,0.5692474842071533,0.7388480305671692,-0.0790076032280922,0.6205936074256897,0.687343955039978,-0.09826098382472992,0.5246343016624451,0.6655600070953369,-0.03418971598148346,0.48869970440864563,0.5444568991661072,-0.06595733016729355,0.46590524911880493,0.4666442275047302,-0.08311260491609573,0.4503723382949829,0.40108126401901245,-0.0934276208281517,0.5815441012382507,0.6641844511032104,-0.04136015102267265,0.5956103801727295,0.5266887545585632,-0.08079487085342407,0.6106246709823608,0.4370107352733612,-0.1034049317240715,0.6287261247634888,0.3656221032142639,-0.11171089857816696,0.6288248300552368,0.7029622197151184,-0.05296001210808754,0.6375751495361328,0.6840804219245911,-0.10876421630382538,0.6130587458610535,0.7731434106826782,-0.1163875013589859,0.5996885895729065,0.8294135928153992,-0.10401531308889389,0.6637693643569946,0.7606834173202515,-0.06698967516422272,0.6602066159248352,0.7421702742576599,-0.10996218770742416,0.6345470547676086,0.8101794123649597,-0.10687278211116791,0.6168982982635498,0.858943521976471,-0.09313371777534485,Sissors
0.6239341497421265,0.9567214250564575,9.239623750545434e-07,0.5638816356658936,0.9161735773086548,-0.03784338757395744,0.5371435880661011,0.8225527405738831,-0.05775735154747963,0.588256299495697,0.7502571940422058,-0.07775266468524933,0.6386861801147461,0.698829710483551,-0.09578394144773483,0.5455349683761597,0.6762239336967468,-0.035217005759477615,0.5119866728782654,0.5579081177711487,-0.06632407009601593,0.49142202734947205,0.4819338321685791,-0.08255059272050858,0.4769212603569031,0.418118417263031,-0.09210354089736938,0.602228581905365,0.6724050045013428,-0.04087911173701286,0.615388810634613,0.5401943922042847,-0.0790531262755394,0.630361795425415,0.4531696140766144,-0.100131094455719,0.6482332348823547,0.38336294889450073,-0.10748784244060516,0.6481893062591553,0.7073127031326294,-0.05093811824917793,0.6577692627906799,0.6904863715171814,-0.10553743690252304,0.6340699791908264,0.7777842879295349,-0.11315520852804184,0.6212947368621826,0.8343806266784668,-0.10122880339622498,0.6816636919975281,0.7607177495956421,-0.06344872713088989,0.6769294738769531,0.7542585730552673,-0.10681676864624023,0.6528807282447815,0.8238459825515747,-0.10551470518112183,0.6373813152313232,0.8725266456604004,-0.09299664944410324,Sissors
0.5939810276031494,0.9499558806419373,1.0152600680157775e-06,0.532732367515564,0.9177216291427612,-0.03900536149740219,0.5042739510536194,0.8332841396331787,-0.06290984898805618,0.5590247511863708,0.7742873430252075,-0.08709168434143066,0.6133599281311035,0.7300640940666199,-0.10958661139011383,0.5203790664672852,0.6710596084594727,-0.04695462808012962,0.4910297989845276,0.5487683415412903,-0.0817461833357811,0.4729396104812622,0.4707881808280945,-0.09992682933807373,0.4578621983528137,0.4043746590614319,-0.11109038442373276,0.5785014033317566,0.6670956611633301,-0.05373777449131012,0.6024118065834045,0.5341962575912476,-0.09425051510334015,0.6210620403289795,0.44358229637145996,-0.11623377352952957,0.6375842094421387,0.3686783015727997,-0.1249682754278183,0.6238579750061035,0.7034776210784912,-0.06435368210077286,0.6320192813873291,0.6999478340148926,-0.11612752825021744,0.6054194569587708,0.7863762974739075,-0.12225017696619034,0.5887272953987122,0.8392763137817383,-0.11114566773176193,0.6565513014793396,0.7593858242034912,-0.07804569602012634,0.6516560316085815,0.7665918469429016,-0.11792289465665817,0.624656081199646,0.8334149718284607,-0.11582596600055695,0.6048197150230408,0.8781970143318176,-0.10409679263830185,Sissors
0.6244776844978333,0.8192792534828186,1.1993156476819422e-06,0.5538468360900879,0.7685753703117371,-0.02623746357858181,0.5098540782928467,0.7167477607727051,-0.058085113763809204,0.4981304407119751,0.6900240182876587,-0.09370000660419464,0.5009077787399292,0.677397608757019,-0.1280069202184677,0.5369358658790588,0.5663440823554993,-0.060180407017469406,0.5212500691413879,0.435810923576355,-0.10888004302978516,0.508838415145874,0.3524492084980011,-0.13725337386131287,0.5121204257011414,0.2838764488697052,-0.155160054564476,0.589423418045044,0.5746463537216187,-0.07801838964223862,0.5643848776817322,0.4742700159549713,-0.1437094807624817,0.5596370100975037,0.3904598355293274,-0.1830299198627472,0.5641601085662842,0.31278660893440247,-0.20180606842041016,0.6313258409500122,0.6148340702056885,-0.09546072781085968,0.5537810921669006,0.6563196778297424,-0.15431706607341766,0.5098133087158203,0.723162829875946,-0.16066020727157593,0.4858492910861969,0.7556270360946655,-0.15129932761192322,0.6492373943328857,0.6745896935462952,-0.11544867604970932,0.5692415237426758,0.7400742173194885,-0.1490815281867981,0.534968912601471,0.7818931341171265,-0.1439635008573532,0.5182920098304749,0.7954393625259399,-0.1323956549167633,Sissors
0.6827045679092407,0.8318838477134705,5.843641588398896e-07,0.6209459900856018,0.7251091003417969,0.040605176240205765,0.5809921622276306,0.6534398198127747,0.02054065279662609,0.5425705909729004,0.6220260262489319,-0.007914346642792225,0.5063568949699402,0.5936996340751648,-0.03659675642848015,0.5994209051132202,0.5630565881729126,-0.06894727796316147,0.5629734396934509,0.43608787655830383,-0.11459670960903168,0.5579246282577515,0.34841302037239075,-0.14252135157585144,0.5567996501922607,0.2770121693611145,-0.16206377744674683,0.6154079437255859,0.6135265827178955,-0.10615112632513046,0.5118858814239502,0.5369895696640015,-0.16957202553749084,0.4508882761001587,0.4731401801109314,-0.19638118147850037,0.4072408676147461,0.42674368619918823,-0.2149749994277954,0.6129438877105713,0.6797192096710205,-0.13156971335411072,0.4971678853034973,0.6873270869255066,-0.14874202013015747,0.4669376313686371,0.7092671394348145,-0.11493970453739166,0.4576197564601898,0.7191820740699768,-0.09399595856666565,0.6015930771827698,0.741814374923706,-0.15559571981430054,0.5050761103630066,0.7509151101112366,-0.15067246556282043,0.47465279698371887,0.7612258195877075,-0.12103814631700516,0.45807507634162903,0.7579570412635803,-0.10048968344926834,Sissors
0.6957758665084839,0.8296177983283997,6.157661687211657e-07,0.6578453183174133,0.7021892070770264,0.08075163513422012,0.6024487614631653,0.6437305212020874,0.08932418376207352,0.5517441034317017,0.6416158676147461,0.09206676483154297,0.5048081874847412,0.6377217173576355,0.0957431048154831,0.5573749542236328,0.5828450918197632,-0.03473462536931038,0.4968852698802948,0.48286181688308716,-0.04220351204276085,0.46464288234710693,0.41218462586402893,-0.05584907531738281,0.4364171624183655,0.3607434630393982,-0.06913772225379944,0.5392927527427673,0.6514098644256592,-0.05044116452336311,0.4257689118385315,0.598653256893158,-0.056947026401758194,0.3639802038669586,0.5630128383636475,-0.0633966401219368,0.31604504585266113,0.540706992149353,-0.07898909598588943,0.5264339447021484,0.723680853843689,-0.04512568190693855,0.4729723632335663,0.687146782875061,0.02402643673121929,0.5109127163887024,0.6937095522880554,0.08096920698881149,0.5415166616439819,0.7051985263824463,0.0979500561952591,0.5174131989479065,0.7736039161682129,-0.036209747195243835,0.5030352473258972,0.7302861213684082,0.04131969064474106,0.5345385670661926,0.7335545420646667,0.08982421457767487,0.5586012601852417,0.7400839328765869,0.11199679970741272,Sissors
0.6823074221611023,0.8435453772544861,5.099983013678866e-07,0.6531862616539001,0.7047889232635498,0.07153022289276123,0.594005823135376,0.6501649022102356,0.08890218287706375,0.5417945384979248,0.6420527696609497,0.10381197184324265,0.49560242891311646,0.6420321464538574,0.12208878248929977,0.5390581488609314,0.5964427590370178,-0.021991755813360214,0.47729411721229553,0.4958098530769348,-0.023201972246170044,0.4397294521331787,0.4316485822200775,-0.030076954513788223,0.40784546732902527,0.3894629180431366,-0.037043388932943344,0.5160914063453674,0.6640952825546265,-0.02480245754122734,0.41035720705986023,0.6142164468765259,-0.022338304668664932,0.35298192501068115,0.5832722783088684,-0.01844429410994053,0.3116419315338135,0.5664215683937073,-0.023964935913681984,0.5063651204109192,0.7319778203964233,-0.009294401854276657,0.46581247448921204,0.6849085092544556,0.059431515634059906,0.5015235543251038,0.6857948899269104,0.11362506449222565,0.5314611196517944,0.6976950764656067,0.1332329511642456,0.5005256533622742,0.782657265663147,0.009689156897366047,0.49591144919395447,0.7346777319908142,0.08454667776823044,0.5258630514144897,0.7372507452964783,0.12885534763336182,0.5510839223861694,0.7455592751502991,0.1511492282152176,Sissors
0.6424788236618042,0.8693747520446777,3.4352385114289063e-07,0.6467901468276978,0.7400999665260315,0.049359679222106934,0.6079912185668945,0.6634383797645569,0.08073299378156662,0.5635616779327393,0.6423854827880859,0.11031661927700043,0.5288969874382019,0.6325040459632874,0.1411016434431076,0.542711615562439,0.5996736884117126,0.034185219556093216,0.4978828728199005,0.48956096172332764,0.05598332732915878,0.4721328616142273,0.428773432970047,0.06653941422700882,0.4493115246295929,0.3864758610725403,0.07488451153039932,0.5010364651679993,0.6548088788986206,0.0408683605492115,0.4188723564147949,0.5829899907112122,0.07956791669130325,0.38099807500839233,0.5464662313461304,0.1007642075419426,0.35095643997192383,0.528491735458374,0.11168234795331955,0.48756468296051025,0.7120853662490845,0.05504872649908066,0.47744110226631165,0.6687167286872864,0.11224447190761566,0.5167006850242615,0.6839590668678284,0.12651340663433075,0.5389395952224731,0.7053637504577637,0.1292346715927124,0.47946155071258545,0.7649459838867188,0.07319309562444687,0.48869580030441284,0.7263186573982239,0.12755490839481354,0.5140750408172607,0.7450711131095886,0.14503847062587738,0.5376454591751099,0.76287841796875,0.15367643535137177,Sissors
0.619762659072876,0.9107369184494019,4.884837494500971e-07,0.6557721495628357,0.7880446910858154,0.04333197697997093,0.6344056129455566,0.6974299550056458,0.0654965415596962,0.595020592212677,0.64886873960495,0.08554990589618683,0.5637120604515076,0.6208952069282532,0.10669226199388504,0.5862314105033875,0.6144456267356873,0.01805255189538002,0.5584554076194763,0.47967755794525146,0.03172489255666733,0.5450145602226257,0.4033014476299286,0.040985237807035446,0.532106876373291,0.3478139042854309,0.04893941432237625,0.5297858715057373,0.6459102630615234,0.0172002911567688,0.46577882766723633,0.5221846103668213,0.043405529111623764,0.4428935647010803,0.4625723958015442,0.06532225012779236,0.4237997233867645,0.4245976209640503,0.0796450525522232,0.49743252992630005,0.6916356682777405,0.023369986563920975,0.49476349353790283,0.637028157711029,0.07031053304672241,0.5280473828315735,0.6592276692390442,0.0938451737165451,0.5460993647575378,0.6865385174751282,0.10520125180482864,0.4767404794692993,0.7424684762954712,0.032011404633522034,0.48960402607917786,0.7005201578140259,0.08160819113254547,0.5096378326416016,0.7226098775863647,0.10668177157640457,0.5254589915275574,0.7484529614448547,0.12227345257997513,Sissors
0.6759166717529297,0.9633121490478516,7.961424444147269e-07,0.7174498438835144,0.8396048545837402,0.013989410363137722,0.6994488835334778,0.742668628692627,0.018460342660546303,0.6579553484916687,0.6898126602172852,0.022085290402173996,0.6205698847770691,0.6713796257972717,0.02594142034649849,0.6589723825454712,0.6698508858680725,-0.014261290431022644,0.6482695937156677,0.510786771774292,-0.0216384157538414,0.6437556147575378,0.4196350574493408,-0.01981463097035885,0.6388411521911621,0.35302990674972534,-0.01326180249452591,0.5953908562660217,0.6894996762275696,-0.019040878862142563,0.5384141802787781,0.5374217629432678,-0.018866391852498055,0.5138169527053833,0.4658334255218506,-0.011368314735591412,0.49611878395080566,0.4204680323600769,-0.002135667484253645,0.5549156665802002,0.7292346954345703,-0.01921265758574009,0.5573796033859253,0.6551087498664856,-0.01268578227609396,0.5879763960838318,0.6777581572532654,-0.00022072835417930037,0.604103147983551,0.7146629691123962,0.01341844443231821,0.5337226986885071,0.7757957577705383,-0.018249372020363808,0.5518316030502319,0.7204477787017822,0.0003128920216113329,0.5744051337242126,0.7395451068878174,0.02227371744811535,0.5857120156288147,0.7713299989700317,0.04192192107439041,Sissors
0.7595229744911194,0.749068021774292,1.2102143500669627e-06,0.7343235611915588,0.6114687919616699,0.049673520028591156,0.6783137321472168,0.532146692276001,0.030622148886322975,0.6148301959037781,0.5201621055603027,0.017140163108706474,0.5564240217208862,0.5203710198402405,0.004177783150225878,0.6424830555915833,0.49025672674179077,-0.13450559973716736,0.5867300629615784,0.3741506338119507,-0.17776872217655182,0.5516824722290039,0.2814086079597473,-0.21549877524375916,0.5215775966644287,0.2046566605567932,-0.24496996402740479,0.6245193481445312,0.5762529969215393,-0.1531333476305008,0.5037272572517395,0.5020615458488464,-0.19351033866405487,0.43026286363601685,0.45547235012054443,-0.21114182472229004,0.37211182713508606,0.4267231822013855,-0.23551402986049652,0.6040621995925903,0.6646058559417725,-0.14774788916110992,0.5323381423950195,0.621227502822876,-0.10483526438474655,0.5698437094688416,0.6407322287559509,-0.029674746096134186,0.5965190529823303,0.6630232930183411,0.0006637241458520293,0.5898918509483337,0.7361899614334106,-0.1413830816745758,0.5437682867050171,0.6868832111358643,-0.0813395157456398,0.5784245729446411,0.697533130645752,-0.0133323660120368,0.6006210446357727,0.7157453298568726,0.024030188098549843,Sissors
0.8531535863876343,0.7169480323791504,1.0440161304359208e-06,0.7720838189125061,0.5745959877967834,0.04837161675095558,0.6646340489387512,0.5242339968681335,0.0255565345287323,0.5703151822090149,0.5745640993118286,-0.0002322458749404177,0.5006865859031677,0.6378732919692993,-0.02845490723848343,0.6158579587936401,0.4610708951950073,-0.11237969994544983,0.47309374809265137,0.3689625859260559,-0.15658442676067352,0.40184640884399414,0.2857232689857483,-0.1873006969690323,0.3446027636528015,0.22281819581985474,-0.2099066525697708,0.6170037388801575,0.5574169158935547,-0.13656985759735107,0.4307504892349243,0.5467360615730286,-0.18958498537540436,0.31847214698791504,0.548234224319458,-0.21225720643997192,0.23617276549339294,0.5619858503341675,-0.23400002717971802,0.6204915046691895,0.6648991703987122,-0.13954463601112366,0.47642600536346436,0.6792171597480774,-0.11814025789499283,0.4922584295272827,0.673028826713562,-0.05704179033637047,0.521943211555481,0.6684252619743347,-0.027562886476516724,0.630986750125885,0.7498679161071777,-0.1407633274793625,0.5443945527076721,0.7342544794082642,-0.09791576862335205,0.5728643536567688,0.7177485227584839,-0.04129115864634514,0.6075250506401062,0.7025412321090698,-0.006137367803603411,Sissors
0.8780512809753418,0.7401216626167297,9.307453865403659e-07,0.7787320613861084,0.5974022150039673,0.06931260973215103,0.6639746427536011,0.5514897108078003,0.05410085618495941,0.5688268542289734,0.6061702966690063,0.0340721569955349,0.49864572286605835,0.6656549572944641,0.014535904861986637,0.5989984273910522,0.49527794122695923,-0.1052543967962265,0.45118165016174316,0.4146411418914795,-0.14543776214122772,0.3726378083229065,0.33600008487701416,-0.17831280827522278,0.3050270974636078,0.2787553071975708,-0.2062792330980301,0.6125622987747192,0.5939270257949829,-0.1345445215702057,0.4168647527694702,0.6139835119247437,-0.18755421042442322,0.30473792552948,0.6126627922058105,-0.2129439115524292,0.2237611711025238,0.6229093670845032,-0.24124862253665924,0.6248868107795715,0.7016713619232178,-0.13854894042015076,0.4823918640613556,0.7085731625556946,-0.09892261028289795,0.5206315517425537,0.6924940943717957,-0.016895335167646408,0.561525821685791,0.6834851503372192,0.02070697396993637,0.639914870262146,0.7802602648735046,-0.14082679152488708,0.5406699180603027,0.7562688589096069,-0.08026988059282303,0.5726289749145508,0.7328113317489624,-0.009588690474629402,0.6085568070411682,0.7156322002410889,0.032246582210063934,Sissors
0.7396417260169983,0.6217215061187744,1.1809290754172252e-06,0.6115818619728088,0.5778067708015442,0.0745440199971199,0.5264456272125244,0.5926037430763245,0.03097238764166832,0.48007312417030334,0.6567425727844238,-0.015170698054134846,0.42801713943481445,0.7045489549636841,-0.06350573152303696,0.4773986041545868,0.539861798286438,-0.16484344005584717,0.3687639832496643,0.5294879674911499,-0.2275143265724182,0.28693336248397827,0.5038014054298401,-0.2766847014427185,0.21884530782699585,0.48613840341567993,-0.31564679741859436,0.5283529162406921,0.6086453795433044,-0.2036035805940628,0.3920823633670807,0.7095962762832642,-0.27520066499710083,0.30746036767959595,0.7681379318237305,-0.2977292239665985,0.24123609066009521,0.8126949071884155,-0.3254281282424927,0.57541424036026,0.6881360411643982,-0.21259692311286926,0.4860846698284149,0.7783766984939575,-0.17056027054786682,0.5154909491539001,0.7583976984024048,-0.07251109182834625,0.5475525856018066,0.727974534034729,-0.031564630568027496,0.6098742485046387,0.7465710639953613,-0.21959076821804047,0.5503320693969727,0.8057201504707336,-0.14869175851345062,0.5736895799636841,0.7854666709899902,-0.06485480070114136,0.5939940810203552,0.7539870738983154,-0.019830377772450447,Sissors
0.5567701458930969,0.25773683190345764,7.783582418596779e-07,0.483834832906723,0.32187339663505554,-0.036250557750463486,0.4606318771839142,0.41952627897262573,-0.09815038740634918,0.4795931577682495,0.4960639476776123,-0.14386063814163208,0.5125054121017456,0.5577544569969177,-0.19678965210914612,0.4595884084701538,0.3821968734264374,-0.2369534969329834,0.42454996705055237,0.5454882383346558,-0.3126252293586731,0.38657069206237793,0.6372722387313843,-0.3593469560146332,0.3582010865211487,0.7145374417304993,-0.38919728994369507,0.5258904099464417,0.3430841267108917,-0.23251168429851532,0.5647011995315552,0.5528548359870911,-0.29726001620292664,0.5860961079597473,0.6737468838691711,-0.31074783205986023,0.6116238832473755,0.7550729513168335,-0.3270973563194275,0.5944880247116089,0.32807207107543945,-0.21539859473705292,0.6137027144432068,0.5413920879364014,-0.24535101652145386,0.58418869972229,0.5479504466056824,-0.21334587037563324,0.5693359375,0.5045228600502014,-0.1947823315858841,0.6493575572967529,0.33724039793014526,-0.19881916046142578,0.6557900905609131,0.5151422023773193,-0.2193523496389389,0.6264618635177612,0.525649905204773,-0.19719360768795013,0.6018074154853821,0.4953837990760803,-0.18104730546474457,Sissors
0.6038014888763428,0.2542579770088196,1.026761083267047e-06,0.5058231353759766,0.2926029562950134,-0.021180959418416023,0.4407635033130646,0.4026814103126526,-0.06681682169437408,0.4126381576061249,0.5097807049751282,-0.10191978514194489,0.40017378330230713,0.6008846759796143,-0.14213797450065613,0.4314509630203247,0.3796633780002594,-0.1891089230775833,0.34232234954833984,0.5392473340034485,-0.25214511156082153,0.2804950177669525,0.6145399808883667,-0.2834495007991791,0.2272782027721405,0.6768804788589478,-0.30145299434661865,0.5054073929786682,0.3856038451194763,-0.1961529701948166,0.46759575605392456,0.6373186707496643,-0.24906691908836365,0.44316041469573975,0.773155152797699,-0.2600170075893402,0.4255979061126709,0.877171516418457,-0.27328261733055115,0.5773441791534424,0.4008108377456665,-0.1922975480556488,0.5264798402786255,0.6287808418273926,-0.22922877967357635,0.5046480298042297,0.6127911806106567,-0.20696616172790527,0.5053436756134033,0.5601832270622253,-0.1909429132938385,0.6353253126144409,0.42319491505622864,-0.18711164593696594,0.5808693170547485,0.5836211442947388,-0.21766844391822815,0.5629463195800781,0.5608062148094177,-0.20208536088466644,0.5612450838088989,0.5124830603599548,-0.18767975270748138,Sissors
0.9099806547164917,0.9497066140174866,1.1572956282179803e-06,0.8567864894866943,0.7638941407203674,0.06764385849237442,0.7644268274307251,0.6888120174407959,0.0737297385931015,0.6797831058502197,0.696742594242096,0.08019045740365982,0.6088748574256897,0.7155176997184753,0.09103060513734818,0.6891364455223083,0.6380566358566284,-0.06245817244052887,0.5798479914665222,0.5105619430541992,-0.06684991717338562,0.5183840394020081,0.42098110914230347,-0.07197923213243484,0.4712250530719757,0.36008742451667786,-0.07698866724967957,0.6594197154045105,0.7536635994911194,-0.06700590997934341,0.4840084910392761,0.6825588941574097,-0.07591196894645691,0.38799721002578735,0.6360903978347778,-0.07688435912132263,0.3186851441860199,0.6137010455131531,-0.08460903912782669,0.6428834795951843,0.8638477325439453,-0.04788301885128021,0.5553046464920044,0.7699859142303467,0.024467652663588524,0.607347309589386,0.7581855058670044,0.09625009447336197,0.6489613652229309,0.773370087146759,0.12773698568344116,0.6354444622993469,0.940594494342804,-0.025912459939718246,0.5995460152626038,0.8392339944839478,0.0663004145026207,0.64012610912323,0.8324286937713623,0.13402636349201202,0.6753268241882324,0.8428542017936707,0.17197661101818085,Sissors
0.17180153727531433,0.6953564286231995,5.19932029874326e-07,0.27442994713783264,0.6759452819824219,-0.018156113103032112,0.371191143989563,0.6760404109954834,-0.055819205939769745,0.4360615611076355,0.6876524090766907,-0.09490163624286652,0.47241395711898804,0.6993581652641296,-0.1324792504310608,0.38443872332572937,0.5674787759780884,-0.11108867079019547,0.47436395287513733,0.49332672357559204,-0.17151550948619843,0.5287232398986816,0.43708062171936035,-0.2060283124446869,0.5710107088088989,0.3808087706565857,-0.23023582994937897,0.3256852328777313,0.564009428024292,-0.13246236741542816,0.42053329944610596,0.671371579170227,-0.2088249772787094,0.4383244514465332,0.7405734062194824,-0.22637026011943817,0.43346938490867615,0.7681612372398376,-0.23302249610424042,0.2696309983730316,0.6029633283615112,-0.15029634535312653,0.3610721826553345,0.7662143707275391,-0.2081005722284317,0.35887354612350464,0.8192126750946045,-0.1864120066165924,0.33524829149246216,0.8114850521087646,-0.16482475399971008,0.22624313831329346,0.6571059823036194,-0.1703561544418335,0.3056294322013855,0.7995625734329224,-0.20330986380577087,0.3162868916988373,0.8336020708084106,-0.184566929936409,0.3064287006855011,0.8128162622451782,-0.16662107408046722,Sissors
0.16991156339645386,0.6448588967323303,6.596159778382571e-07,0.25250041484832764,0.567355215549469,-0.026290668174624443,0.3599117696285248,0.5174248218536377,-0.07201467454433441,0.41999492049217224,0.4608093500137329,-0.10874315351247787,0.4494860768318176,0.3804243803024292,-0.14734354615211487,0.3522985875606537,0.5454516410827637,-0.15482857823371887,0.4759700298309326,0.6538771986961365,-0.21735352277755737,0.5546340942382812,0.7221910357475281,-0.25640496611595154,0.6164991855621338,0.7763908505439758,-0.2811333239078522,0.306010901927948,0.6331619620323181,-0.1628827303647995,0.44215506315231323,0.7510647177696228,-0.22372515499591827,0.41086676716804504,0.7203065156936646,-0.223690927028656,0.3633729815483093,0.6680741906166077,-0.22098755836486816,0.2689659595489502,0.7208086252212524,-0.16461431980133057,0.40005379915237427,0.8092283010482788,-0.20207977294921875,0.37204334139823914,0.7755676507949829,-0.16721099615097046,0.32890552282333374,0.7306442856788635,-0.1416860669851303,0.24249619245529175,0.7888917326927185,-0.16679680347442627,0.353049635887146,0.8463947772979736,-0.17717525362968445,0.33297717571258545,0.8120088577270508,-0.14265204966068268,0.294464647769928,0.7725456953048706,-0.11828010529279709,Sissors
0.16911938786506653,0.6715468764305115,3.459777815351117e-07,0.248773455619812,0.5931090116500854,-0.01435764692723751,0.35989540815353394,0.5363340377807617,-0.04791741073131561,0.4379922151565552,0.49241867661476135,-0.07723895460367203,0.47209757566452026,0.41256025433540344,-0.10564962774515152,0.3425254225730896,0.5066480040550232,-0.12219633162021637,0.46512749791145325,0.5246726274490356,-0.17661221325397491,0.5347800850868225,0.5291914939880371,-0.20479579269886017,0.5932698249816895,0.5304027795791626,-0.22317180037498474,0.30023592710494995,0.5558705925941467,-0.13754428923130035,0.44397103786468506,0.6857603192329407,-0.19648003578186035,0.41167330741882324,0.691347062587738,-0.19233012199401855,0.37132808566093445,0.6621524095535278,-0.18380862474441528,0.26564961671829224,0.6258656978607178,-0.1484755277633667,0.3989735245704651,0.7430229187011719,-0.1888834536075592,0.3670472502708435,0.7267676591873169,-0.15700654685497284,0.3292538523674011,0.6894681453704834,-0.13056834042072296,0.24204593896865845,0.6976577639579773,-0.15972699224948883,0.3565366566181183,0.7815012335777283,-0.1746523082256317,0.3322090804576874,0.7609062194824219,-0.14767375588417053,0.29612213373184204,0.7230037450790405,-0.12805426120758057,Sissors
0.14067387580871582,0.9323399066925049,-3.1358919017066e-08,0.16567103564739227,0.7838435769081116,0.0018264242680743337,0.20974144339561462,0.6636404395103455,-0.019981496036052704,0.20606854557991028,0.5459240674972534,-0.043304193764925,0.17317894101142883,0.4623089134693146,-0.07058192044496536,0.3255181610584259,0.7302652597427368,-0.05363120883703232,0.4542730450630188,0.6696106195449829,-0.07383488118648529,0.5332820415496826,0.6337969899177551,-0.0822400227189064,0.5927750468254089,0.6104968786239624,-0.0869373306632042,0.35807687044143677,0.818355143070221,-0.05624173954129219,0.42207974195480347,0.7407663464546204,-0.06555715203285217,0.3888416290283203,0.7244464159011841,-0.04600534588098526,0.3466984033584595,0.7426503300666809,-0.03240785375237465,0.3631444275379181,0.8953374624252319,-0.055084213614463806,0.41074585914611816,0.8127022385597229,-0.056133370846509933,0.38217684626579285,0.8052194714546204,-0.03338424861431122,0.3451583981513977,0.8251473903656006,-0.01974581740796566,0.3634609580039978,0.9552915692329407,-0.05252032354474068,0.39394623041152954,0.8834825754165649,-0.043475192040205,0.3628303110599518,0.8777187466621399,-0.019944341853260994,0.33133795857429504,0.8966898918151855,-0.003969000186771154,Sissors
0.09143154323101044,0.8603508472442627,1.0756144064316686e-07,0.14116159081459045,0.7177839279174805,0.008509156294167042,0.2041478455066681,0.6177273392677307,-0.010159599594771862,0.21665792167186737,0.502720057964325,-0.03282996639609337,0.1942346692085266,0.41602689027786255,-0.05994842201471329,0.312847763299942,0.7098040580749512,-0.03310907632112503,0.4373631477355957,0.7129366993904114,-0.04742243513464928,0.5153748393058777,0.7182008624076843,-0.05471520125865936,0.5729357600212097,0.7289311289787292,-0.05951659753918648,0.32551711797714233,0.8022750020027161,-0.03911062702536583,0.38316065073013306,0.7685927748680115,-0.040555041283369064,0.35547563433647156,0.7474532723426819,-0.022672057151794434,0.31684115529060364,0.7500852346420288,-0.011819688603281975,0.3124381899833679,0.8807143568992615,-0.04188421741127968,0.3546585142612457,0.8297253251075745,-0.03300189971923828,0.3292157053947449,0.8176740407943726,-0.011743985116481781,0.29297444224357605,0.8210464715957642,-0.0017300094477832317,0.29619523882865906,0.9436434507369995,-0.0435357429087162,0.3192225396633148,0.8963391780853271,-0.026447582989931107,0.29441991448402405,0.8847209215164185,-0.0034977637697011232,0.2653293311595917,0.8879799842834473,0.010851637460291386,Sissors
0.10660827159881592,0.7651051878929138,7.244450728194352e-08,0.17586994171142578,0.6399125456809998,0.009643392637372017,0.255165696144104,0.5587942004203796,-0.007386589422821999,0.28813424706459045,0.4551098346710205,-0.028442060574889183,0.28252577781677246,0.3661336302757263,-0.053627897053956985,0.34807267785072327,0.6725871562957764,-0.034547824412584305,0.472225546836853,0.7148786783218384,-0.04655595123767853,0.5485918521881104,0.7412614822387695,-0.051222026348114014,0.604690432548523,0.7661619782447815,-0.05456552281975746,0.3439543843269348,0.7690462470054626,-0.04265269637107849,0.4151904284954071,0.7542048692703247,-0.04341244325041771,0.38903293013572693,0.7235373854637146,-0.0241282619535923,0.3501872718334198,0.7163701057434082,-0.012556702829897404,0.3191814422607422,0.8450735807418823,-0.04698367044329643,0.3827822208404541,0.8117073774337769,-0.03989036753773689,0.35982024669647217,0.788819432258606,-0.0148374168202281,0.32295459508895874,0.7808758616447449,-0.001796106924302876,0.2938954532146454,0.9040223360061646,-0.049932416528463364,0.341950386762619,0.8674265742301941,-0.033757422119379044,0.32317572832107544,0.8468831181526184,-0.006510150618851185,0.2940322756767273,0.8411865830421448,0.011086049489676952,Sissors
0.11975584924221039,0.6820673942565918,2.0158444158369093e-07,0.21179354190826416,0.5839089155197144,0.013352308422327042,0.2997899353504181,0.5202181339263916,-0.02390943467617035,0.3480256199836731,0.4097840189933777,-0.05947282910346985,0.36460599303245544,0.3077610433101654,-0.10278020799160004,0.3459876477718353,0.6405739188194275,-0.11273188889026642,0.4849469065666199,0.7362685203552246,-0.14866968989372253,0.5635993480682373,0.7974890470504761,-0.17044873535633087,0.6241775155067444,0.8517856597900391,-0.183492511510849,0.32295942306518555,0.7437142133712769,-0.11726158112287521,0.4322372078895569,0.7891689538955688,-0.11842307448387146,0.40400230884552,0.7431763410568237,-0.08051813393831253,0.35645729303359985,0.7050885558128357,-0.05911838635802269,0.28141146898269653,0.817947506904602,-0.11246226727962494,0.3782539367675781,0.842374861240387,-0.09645219147205353,0.3546421527862549,0.8092474937438965,-0.04945262521505356,0.30820325016975403,0.7795687913894653,-0.026803283020853996,0.24555622041225433,0.8750782012939453,-0.10411330312490463,0.322104811668396,0.8828058242797852,-0.08262961357831955,0.2985348701477051,0.8494295477867126,-0.04066290706396103,0.261711984872818,0.8279106616973877,-0.01564367674291134,Sissors
0.0859401673078537,0.6424254775047302,4.2446458792255726e-07,0.1856379210948944,0.5779872536659241,-0.00028963686781935394,0.28997159004211426,0.532223105430603,-0.0420670248568058,0.36071643233299255,0.4537612199783325,-0.07967692613601685,0.39732909202575684,0.36480647325515747,-0.12161558866500854,0.3056177496910095,0.6284729838371277,-0.13138364255428314,0.42823195457458496,0.779731273651123,-0.18442073464393616,0.4958904981613159,0.8666409254074097,-0.213602215051651,0.5455794334411621,0.9421696662902832,-0.2296411395072937,0.25745877623558044,0.7244828939437866,-0.13923099637031555,0.3751053512096405,0.8418822288513184,-0.16881947219371796,0.35243257880210876,0.787613570690155,-0.13891640305519104,0.31052541732788086,0.7333772778511047,-0.11590833216905594,0.2071937620639801,0.796279788017273,-0.13988855481147766,0.32245129346847534,0.887961745262146,-0.15410462021827698,0.30116546154022217,0.8410853147506714,-0.1047959253191948,0.2579464614391327,0.7926206588745117,-0.0706324651837349,0.16461190581321716,0.8565309643745422,-0.13787437975406647,0.2596272826194763,0.9100285768508911,-0.135089710354805,0.24424047768115997,0.868323564529419,-0.09063580632209778,0.2124728560447693,0.8311405777931213,-0.05870578810572624,Sissors
0.13672201335430145,0.911989688873291,-8.405090312635366e-08,0.18558046221733093,0.7783958911895752,-0.009996199980378151,0.268399178981781,0.6603759527206421,-0.0357242226600647,0.3264286518096924,0.5505200624465942,-0.056656613945961,0.352377325296402,0.4474063217639923,-0.07936246693134308,0.3287017047405243,0.7248848080635071,-0.10124894976615906,0.48161008954048157,0.6590554714202881,-0.13471956551074982,0.5620842576026917,0.6216945648193359,-0.14549264311790466,0.6240216493606567,0.5930804014205933,-0.15045566856861115,0.3401913344860077,0.8296803832054138,-0.10372228175401688,0.4753045439720154,0.7864401936531067,-0.132152259349823,0.43407711386680603,0.7656607031822205,-0.11067501455545425,0.3804752230644226,0.7704654335975647,-0.09104736894369125,0.33398640155792236,0.9203845262527466,-0.10064922273159027,0.45664259791374207,0.8780275583267212,-0.11957425624132156,0.4175856411457062,0.8536426424980164,-0.08372508734464645,0.36957159638404846,0.8597108721733093,-0.056124497205019,0.3266632854938507,0.9952071309089661,-0.09599767625331879,0.4214175343513489,0.9513148069381714,-0.09932232648134232,0.39153504371643066,0.9270404577255249,-0.06726285815238953,0.3525383770465851,0.9312982559204102,-0.04256626218557358,Sissors
0.12012739479541779,0.7450988292694092,1.0462383670528652e-06,0.2509167194366455,0.6927244067192078,-0.06477941572666168,0.3536631166934967,0.5958572626113892,-0.1321335881948471,0.4147375226020813,0.5304433107376099,-0.18390513956546783,0.4543232321739197,0.47210076451301575,-0.24678966403007507,0.2894454896450043,0.5555543303489685,-0.2574465572834015,0.3423027992248535,0.3965247869491577,-0.33552777767181396,0.35198700428009033,0.2906298339366913,-0.3766160011291504,0.3586193323135376,0.19266879558563232,-0.4129832684993744,0.21707531809806824,0.563866376876831,-0.26585614681243896,0.15852758288383484,0.35299795866012573,-0.380349338054657,0.1231176033616066,0.22938203811645508,-0.45669320225715637,0.10069088637828827,0.12719812989234924,-0.5185822248458862,0.1428561955690384,0.5909255743026733,-0.2621275782585144,0.09694236516952515,0.4148479700088501,-0.3619210124015808,0.09756235778331757,0.28994205594062805,-0.4313294589519501,0.09658931195735931,0.1973091959953308,-0.4857601523399353,0.0778970718383789,0.6223034858703613,-0.2536711096763611,0.05558837950229645,0.5459315180778503,-0.33297640085220337,0.0627393126487732,0.5154552459716797,-0.380077987909317,0.06400339305400848,0.484203964471817,-0.42233172059059143,Paper
0.5535618662834167,0.9612221717834473,6.500999916170258e-07,0.6082958579063416,0.8681161403656006,-0.03041384555399418,0.6363950967788696,0.7575460076332092,-0.056976255029439926,0.6652217507362366,0.6718539595603943,-0.08261335641145706,0.6936127543449402,0.5975069403648376,-0.11256124079227448,0.5896320939064026,0.6981770396232605,-0.09166064858436584,0.5883145928382874,0.5637328624725342,-0.13954532146453857,0.5866273641586304,0.4790210723876953,-0.16811944544315338,0.5850035548210144,0.403086394071579,-0.1897142082452774,0.5501840710639954,0.7310693264007568,-0.11102233082056046,0.5080024003982544,0.6029247641563416,-0.16493439674377441,0.4836764633655548,0.5051605701446533,-0.20111717283725739,0.45698416233062744,0.4177597463130951,-0.22700834274291992,0.5200206637382507,0.8014130592346191,-0.12970608472824097,0.4528172016143799,0.7199460864067078,-0.18620948493480682,0.4024432897567749,0.6604808568954468,-0.21766237914562225,0.3555310368537903,0.5975965261459351,-0.23845772445201874,0.4982525408267975,0.8909088969230652,-0.14853732287883759,0.43620556592941284,0.8738710284233093,-0.2008243203163147,0.3968224823474884,0.8561949729919434,-0.22120602428913116,0.35868728160858154,0.8308615684509277,-0.23418931663036346,Paper
0.5661086440086365,0.9532932639122009,4.240339421812678e-07,0.6022341251373291,0.8685328364372253,-0.022846505045890808,0.6112558841705322,0.7669428586959839,-0.048094965517520905,0.602540135383606,0.6928262710571289,-0.07124444097280502,0.5867950916290283,0.6240328550338745,-0.10045504570007324,0.5659351348876953,0.7304277420043945,-0.10141738504171371,0.527463436126709,0.6260613203048706,-0.1501597762107849,0.49025964736938477,0.5529232025146484,-0.17816658318042755,0.4585057497024536,0.4871152639389038,-0.2012098729610443,0.5452125072479248,0.7563969492912292,-0.12524379789829254,0.5048137903213501,0.6454532146453857,-0.18944771587848663,0.4818030297756195,0.5532276034355164,-0.23093551397323608,0.45577943325042725,0.46556857228279114,-0.26090946793556213,0.5316734313964844,0.8142237067222595,-0.14664345979690552,0.4901409149169922,0.7336832880973816,-0.2161075323820114,0.4632073640823364,0.6570219993591309,-0.2601412236690521,0.4336547255516052,0.5728548765182495,-0.28963103890419006,0.5197741389274597,0.886603593826294,-0.16548220813274384,0.4952567517757416,0.8783950805664062,-0.23059263825416565,0.4775601327419281,0.8557022213935852,-0.26354724168777466,0.45666301250457764,0.8229132294654846,-0.28712737560272217,Paper
0.5103069543838501,1.0282033681869507,9.617881460144417e-07,0.5848485827445984,0.9570173621177673,-0.052810315042734146,0.6349378824234009,0.8578243851661682,-0.09138895571231842,0.6794143915176392,0.7792684435844421,-0.12544380128383636,0.7255638837814331,0.7136923670768738,-0.1627194732427597,0.5544961094856262,0.7559242248535156,-0.1068883165717125,0.5710937976837158,0.6233382821083069,-0.15992006659507751,0.5793811082839966,0.5384809374809265,-0.19311073422431946,0.5841468572616577,0.45567774772644043,-0.2184075117111206,0.4934757649898529,0.763174831867218,-0.11581714451313019,0.4662695527076721,0.6170241236686707,-0.17282353341579437,0.45357051491737366,0.5145255923271179,-0.2128729522228241,0.4382026195526123,0.4157881736755371,-0.24238935112953186,0.44483956694602966,0.8154227137565613,-0.1260979026556015,0.3810231685638428,0.7042683959007263,-0.18383283913135529,0.34005725383758545,0.6315431594848633,-0.21893073618412018,0.30550602078437805,0.5608853101730347,-0.24258925020694733,0.4114580750465393,0.8959270119667053,-0.13864977657794952,0.3430170714855194,0.8412821888923645,-0.19136250019073486,0.302374005317688,0.8065757751464844,-0.2159866988658905,0.26579612493515015,0.7626765370368958,-0.23264282941818237,Paper
0.5234842896461487,1.0276271104812622,1.0265284799970686e-06,0.592505931854248,0.9532362818717957,-0.05147460848093033,0.6369845867156982,0.8556196093559265,-0.09093117713928223,0.679313600063324,0.7757408022880554,-0.12552720308303833,0.7281021475791931,0.7105657458305359,-0.16384553909301758,0.557622492313385,0.7826201319694519,-0.11543486267328262,0.5703464150428772,0.6500837802886963,-0.1703052520751953,0.5777585506439209,0.5629411339759827,-0.20406383275985718,0.58211749792099,0.47985994815826416,-0.22911392152309418,0.49815458059310913,0.7978636026382446,-0.12467704713344574,0.4640157222747803,0.65572589635849,-0.18305742740631104,0.4474458694458008,0.5536700487136841,-0.2224477082490921,0.42835140228271484,0.4581276476383209,-0.2516190707683563,0.4529666602611542,0.8543968200683594,-0.13407854735851288,0.383292555809021,0.7562882900238037,-0.1921427845954895,0.33574333786964417,0.6915884017944336,-0.22491593658924103,0.29466137290000916,0.6307387948036194,-0.2467747926712036,0.42325592041015625,0.9361484050750732,-0.14549249410629272,0.34850502014160156,0.894683837890625,-0.19658730924129486,0.3036962151527405,0.8697413206100464,-0.2178274691104889,0.26236337423324585,0.8379557132720947,-0.2321012318134308,Paper
0.4580916464328766,0.9598530530929565,1.0901196674240055e-06,0.5339519381523132,0.8920047283172607,-0.06340886652469635,0.5770591497421265,0.7982249855995178,-0.11049224436283112,0.6223216652870178,0.7196764945983887,-0.15120026469230652,0.6626864671707153,0.64141446352005,-0.1965274065732956,0.48826077580451965,0.7254316210746765,-0.13872109353542328,0.4903559982776642,0.582196831703186,-0.20111089944839478,0.4920330047607422,0.48785096406936646,-0.23995406925678253,0.4892292618751526,0.3982270359992981,-0.2691691517829895,0.4197380244731903,0.7441981434822083,-0.14601388573646545,0.3705686032772064,0.5986877679824829,-0.21182572841644287,0.34234994649887085,0.4910813271999359,-0.2562171220779419,0.30954405665397644,0.39018431305885315,-0.2900664806365967,0.36867523193359375,0.8054788112640381,-0.15364059805870056,0.2825923562049866,0.7055225968360901,-0.21982762217521667,0.22384099662303925,0.6392948627471924,-0.2576861083507538,0.17050352692604065,0.5739426612854004,-0.28407031297683716,0.3354404866695404,0.8933848738670349,-0.16384448111057281,0.25137859582901,0.8562711477279663,-0.22331708669662476,0.19727225601673126,0.8384465575218201,-0.24765387177467346,0.14553940296173096,0.8135853409767151,-0.2647300362586975,Paper
0.2144189476966858,0.9606372117996216,1.4514139365928713e-06,0.33324679732322693,0.9287091493606567,-0.07863486558198929,0.44307202100753784,0.8451673984527588,-0.1266716569662094,0.5283978581428528,0.7718287706375122,-0.1685168296098709,0.6081209182739258,0.7211023569107056,-0.210940420627594,0.3621249496936798,0.5669919848442078,-0.09743572771549225,0.42747411131858826,0.4005555808544159,-0.15627336502075195,0.4642791748046875,0.2886955738067627,-0.19880275428295135,0.48938891291618347,0.18777266144752502,-0.22835278511047363,0.27538204193115234,0.5287450551986694,-0.09801830351352692,0.3048819899559021,0.31511133909225464,-0.14993706345558167,0.3203624188899994,0.18085289001464844,-0.18837128579616547,0.325871080160141,0.06732940673828125,-0.2144867330789566,0.19330109655857086,0.5485818982124329,-0.10542834550142288,0.18032413721084595,0.3596040904521942,-0.15639089047908783,0.17001962661743164,0.235673725605011,-0.18956802785396576,0.15956728160381317,0.12779992818832397,-0.2102125883102417,0.11546196043491364,0.6136976480484009,-0.11917978525161743,0.08043977618217468,0.48114821314811707,-0.16521286964416504,0.05658441781997681,0.3933458924293518,-0.18436409533023834,0.03705906867980957,0.3079392910003662,-0.19434407353401184,Paper
0.18594957888126373,0.7873163819313049,1.1247568636463257e-06,0.3060374855995178,0.8021295070648193,-0.0639454573392868,0.44695183634757996,0.7622421979904175,-0.09039630740880966,0.5521098971366882,0.7203991413116455,-0.11290445178747177,0.6362186670303345,0.7059656381607056,-0.13297809660434723,0.4382098913192749,0.4674626588821411,-0.0356832779943943,0.5337265729904175,0.34492892026901245,-0.06845732778310776,0.5896278619766235,0.2702580988407135,-0.09858360141515732,0.6385117769241333,0.2005695402622223,-0.1205592006444931,0.3783324658870697,0.40233343839645386,-0.03100201115012169,0.45593827962875366,0.24864241480827332,-0.055394455790519714,0.5031970143318176,0.14881882071495056,-0.08163181692361832,0.5382888317108154,0.06665745377540588,-0.10115400701761246,0.30876624584198,0.380810022354126,-0.0354420430958271,0.34876829385757446,0.2310122549533844,-0.06173599883913994,0.37335777282714844,0.13418442010879517,-0.08565084636211395,0.39455729722976685,0.050861209630966187,-0.10214189440011978,0.23010718822479248,0.39419668912887573,-0.04713236913084984,0.24182729423046112,0.2767096757888794,-0.07234538346529007,0.24529744684696198,0.2005825936794281,-0.08424119651317596,0.25106024742126465,0.1290217638015747,-0.09082633256912231,Paper
0.23413991928100586,0.7874297499656677,8.61809724028717e-07,0.3462294936180115,0.8251786231994629,-0.05178572237491608,0.47762590646743774,0.817638635635376,-0.07359432429075241,0.5711022615432739,0.7925580143928528,-0.09369122236967087,0.6425742506980896,0.7677793502807617,-0.11229905486106873,0.5056248903274536,0.5508469343185425,-0.032009076327085495,0.6020085215568542,0.4629253149032593,-0.06561729311943054,0.66090989112854,0.40573418140411377,-0.09579215943813324,0.7126528024673462,0.35323283076286316,-0.11791230738162994,0.45968717336654663,0.47707343101501465,-0.0341549851000309,0.5440633893013,0.34684595465660095,-0.06255045533180237,0.6015655398368835,0.26142504811286926,-0.09059474617242813,0.6476120948791504,0.18578782677650452,-0.11114837229251862,0.40136927366256714,0.4436245560646057,-0.04411463811993599,0.4537597894668579,0.3044726252555847,-0.07526519894599915,0.4879636764526367,0.21449771523475647,-0.09981843829154968,0.5195932388305664,0.1339988112449646,-0.11616719514131546,0.33114272356033325,0.44377899169921875,-0.05985582247376442,0.34829142689704895,0.32528364658355713,-0.09067808091640472,0.36158379912376404,0.24667921662330627,-0.10569126904010773,0.3780704438686371,0.17332389950752258,-0.11419340968132019,Paper
0.2903458774089813,0.8623645305633545,9.577890978107462e-07,0.36503899097442627,0.8073230981826782,-0.04015864431858063,0.41575852036476135,0.7202059626579285,-0.0741821825504303,0.46246036887168884,0.6469221711158752,-0.10527366399765015,0.5046794414520264,0.579873263835907,-0.1399695873260498,0.37004244327545166,0.6064321398735046,-0.10276027768850327,0.40555983781814575,0.47931337356567383,-0.15626049041748047,0.42694181203842163,0.4001000225543976,-0.18887189030647278,0.4454834461212158,0.32288309931755066,-0.21324926614761353,0.31710341572761536,0.6063004732131958,-0.11929499357938766,0.31254342198371887,0.457352876663208,-0.17980879545211792,0.3138222098350525,0.35131263732910156,-0.22264710068702698,0.3109726011753082,0.24796849489212036,-0.252948522567749,0.26953402161598206,0.6543102860450745,-0.135652095079422,0.21872597932815552,0.535316526889801,-0.19776688516139984,0.18425464630126953,0.4488794803619385,-0.23744964599609375,0.15602955222129822,0.36345145106315613,-0.26317358016967773,0.2320566177368164,0.7333887815475464,-0.15221545100212097,0.16894477605819702,0.6686548590660095,-0.20742253959178925,0.12744855880737305,0.6263314485549927,-0.23249414563179016,0.09217242896556854,0.5764245986938477,-0.24876715242862701,Paper
0.32375723123550415,0.8350713849067688,9.978233492802246e-07,0.3741935193538666,0.736983060836792,-0.019631946459412575,0.4050788879394531,0.6266347169876099,-0.050221409648656845,0.41625040769577026,0.5467735528945923,-0.07844534516334534,0.4286736845970154,0.4649967551231384,-0.112677201628685,0.39464640617370605,0.6129556894302368,-0.13374094665050507,0.4346080422401428,0.48848724365234375,-0.19251614809036255,0.4569496512413025,0.41428419947624207,-0.22330069541931152,0.479976624250412,0.348754346370697,-0.24692894518375397,0.36414632201194763,0.6458836197853088,-0.16426275670528412,0.3682250380516052,0.508779764175415,-0.2435825914144516,0.37143588066101074,0.40321406722068787,-0.2983834445476532,0.37018728256225586,0.3018389642238617,-0.33732593059539795,0.33219626545906067,0.7143875360488892,-0.18818452954292297,0.2922424077987671,0.6277796626091003,-0.27222636342048645,0.26188719272613525,0.5554905533790588,-0.3259164094924927,0.2343081533908844,0.47834348678588867,-0.36047640442848206,0.30018705129623413,0.7960041761398315,-0.20705457031726837,0.24675804376602173,0.786499559879303,-0.2795277535915375,0.21673473715782166,0.7675644159317017,-0.3135387897491455,0.18996202945709229,0.7364426255226135,-0.33756011724472046,Paper
0.5774747729301453,0.9993103742599487,3.855075192404911e-07,0.6139459013938904,0.8938239812850952,-0.00460893614217639,0.6427072286605835,0.7900320887565613,-0.025278661400079727,0.6550419330596924,0.7161492705345154,-0.046905942261219025,0.6603378057479858,0.6435101628303528,-0.07325023412704468,0.6416612863540649,0.7939901947975159,-0.10066510736942291,0.6495355367660522,0.6609019041061401,-0.14849141240119934,0.6525540947914124,0.578755795955658,-0.174102321267128,0.6536396145820618,0.5099753737449646,-0.1937379390001297,0.6159372925758362,0.8286624550819397,-0.13029153645038605,0.6101906299591064,0.700169563293457,-0.19451548159122467,0.6044463515281677,0.6069875955581665,-0.2353339046239853,0.5925120115280151,0.5229462385177612,-0.2649002969264984,0.5823570489883423,0.8826776742935181,-0.15410855412483215,0.5513520240783691,0.805584192276001,-0.2181541621685028,0.5359959006309509,0.74088054895401,-0.25660809874534607,0.5204682946205139,0.6724608540534973,-0.28190886974334717,0.5444808006286621,0.9450373649597168,-0.17398566007614136,0.5104840993881226,0.9217556118965149,-0.22986970841884613,0.49412912130355835,0.8939428329467773,-0.25687676668167114,0.4755997359752655,0.8559768795967102,-0.27650701999664307,Paper
0.5578149557113647,1.0450502634048462,5.901347890358011e-07,0.6020327210426331,0.9365822672843933,-0.006983144208788872,0.6264896392822266,0.8210731744766235,-0.02859024703502655,0.637346625328064,0.7329932451248169,-0.050257787108421326,0.6471843719482422,0.6543082594871521,-0.07717550545930862,0.6155252456665039,0.8260831236839294,-0.10253225266933441,0.6158967018127441,0.6884273886680603,-0.15208260715007782,0.6137426495552063,0.5995084047317505,-0.17858192324638367,0.6101357936859131,0.5265771150588989,-0.19814050197601318,0.5868182182312012,0.862930953502655,-0.1310274451971054,0.5699448585510254,0.7308169007301331,-0.19483759999275208,0.5566288828849792,0.6324157118797302,-0.2345515787601471,0.535630464553833,0.5488312244415283,-0.2629527449607849,0.5517661571502686,0.9244388341903687,-0.15388648211956024,0.518589198589325,0.849563479423523,-0.2187558263540268,0.49222517013549805,0.7825116515159607,-0.2565724849700928,0.46310561895370483,0.7127739787101746,-0.2813500761985779,0.5124059319496155,0.9952578544616699,-0.17283152043819427,0.4759737253189087,0.9827732443809509,-0.23182132840156555,0.45380717515945435,0.9593638777732849,-0.2593318223953247,0.4269106388092041,0.927263617515564,-0.27818727493286133,Paper
0.5701252222061157,0.8945901393890381,9.945590591087239e-07,0.4999581575393677,0.8368334770202637,-0.05943101644515991,0.4502186179161072,0.7344256639480591,-0.10086005181074142,0.4108472466468811,0.6466100811958313,-0.1353994607925415,0.3676010072231293,0.5614724159240723,-0.1739366203546524,0.52265864610672,0.6514230370521545,-0.12013253569602966,0.5333079099655151,0.49479225277900696,-0.17363210022449493,0.5437716245651245,0.3971220850944519,-0.20544396340847015,0.5582892298698425,0.3119381368160248,-0.22934621572494507,0.5878450870513916,0.677886962890625,-0.12790453433990479,0.6293768882751465,0.5280552506446838,-0.1783805787563324,0.6587069630622864,0.4350777864456177,-0.21353460848331451,0.6903239488601685,0.3483491837978363,-0.24136613309383392,0.6326223611831665,0.7368181943893433,-0.13810741901397705,0.7008228898048401,0.6340792179107666,-0.20111216604709625,0.7537436485290527,0.5725088119506836,-0.24069418013095856,0.8016488552093506,0.5103216171264648,-0.26800206303596497,0.6611229181289673,0.8170129656791687,-0.14969779551029205,0.7310527563095093,0.7970752716064453,-0.21612666547298431,0.785277247428894,0.7838287949562073,-0.24665217101573944,0.8316695690155029,0.7639445066452026,-0.26669129729270935,Paper
0.5941736698150635,0.8629830479621887,1.3587488183475216e-06,0.5194154381752014,0.7710788249969482,-0.03093494474887848,0.4780329763889313,0.6620472073554993,-0.08631771057844162,0.46297869086265564,0.5795082449913025,-0.13341151177883148,0.4238656163215637,0.48993155360221863,-0.18662218749523163,0.5234859585762024,0.6232882738113403,-0.23251408338546753,0.5313378572463989,0.483090341091156,-0.3294166326522827,0.54137122631073,0.38622942566871643,-0.3886800706386566,0.5587273836135864,0.30081281065940857,-0.4368720054626465,0.5784510374069214,0.6770256757736206,-0.26670730113983154,0.6096907258033752,0.5719954967498779,-0.4155009984970093,0.6310157775878906,0.47075778245925903,-0.514525830745697,0.6558584570884705,0.37678593397140503,-0.5870850682258606,0.6197112798690796,0.7497997283935547,-0.2866974472999573,0.6579859852790833,0.7133141756057739,-0.4222773611545563,0.6810925006866455,0.6543195843696594,-0.49391862750053406,0.7067391872406006,0.595385730266571,-0.5418753027915955,0.6502758264541626,0.8265599608421326,-0.29978883266448975,0.6566711664199829,0.8601304292678833,-0.4145120084285736,0.6833453178405762,0.8899821043014526,-0.46676376461982727,0.7102298140525818,0.9016896486282349,-0.504938006401062,Paper
0.6097477674484253,0.8391942977905273,1.4830469581283978e-06,0.5926438570022583,0.8579382300376892,-0.12563374638557434,0.5674134492874146,0.8195545673370361,-0.20097225904464722,0.5611652135848999,0.7832005620002747,-0.2531140148639679,0.5803514719009399,0.760622501373291,-0.3063361942768097,0.5389534831047058,0.6735321879386902,-0.1875266581773758,0.5483065843582153,0.5687058568000793,-0.2464802861213684,0.5560800433158875,0.49772030115127563,-0.2909988760948181,0.563826322555542,0.431937038898468,-0.322475403547287,0.5364632606506348,0.6476282477378845,-0.14420665800571442,0.5360349416732788,0.5181810855865479,-0.208418071269989,0.5431488752365112,0.4287954568862915,-0.25695547461509705,0.5519144535064697,0.342867374420166,-0.2915985882282257,0.5374729037284851,0.6410877704620361,-0.103009894490242,0.5292652249336243,0.541412889957428,-0.1522226631641388,0.5268057584762573,0.4669923484325409,-0.19093579053878784,0.5301005244255066,0.4029405117034912,-0.21820540726184845,0.5382676720619202,0.6452184915542603,-0.069305419921875,0.512350857257843,0.5792877674102783,-0.09795857220888138,0.5015117526054382,0.535318911075592,-0.11766248196363449,0.4970639944076538,0.4957122504711151,-0.13559992611408234,Paper
0.6066053509712219,0.8205981850624084,1.4636235619036597e-06,0.5872651934623718,0.8596329689025879,-0.15116021037101746,0.5523650646209717,0.8374691605567932,-0.2398865669965744,0.5325339436531067,0.8026302456855774,-0.2986804246902466,0.5401878356933594,0.7611604332923889,-0.35898104310035706,0.5263997316360474,0.692574679851532,-0.23703880608081818,0.5251333713531494,0.5927022099494934,-0.31508031487464905,0.5301541686058044,0.5234296917915344,-0.37251272797584534,0.5352538824081421,0.45517876744270325,-0.41159898042678833,0.5245777368545532,0.6473871469497681,-0.17974111437797546,0.5145520567893982,0.5195617079734802,-0.2614644467830658,0.5202267169952393,0.43380290269851685,-0.3200922906398773,0.5313571691513062,0.35057568550109863,-0.3630869686603546,0.527800440788269,0.622787356376648,-0.12432915717363358,0.5156197547912598,0.5108047127723694,-0.18826018273830414,0.5174958109855652,0.4318925142288208,-0.23748570680618286,0.5307673215866089,0.36553463339805603,-0.27160152792930603,0.5304515361785889,0.6088566184043884,-0.07694732397794724,0.5212887525558472,0.5219144225120544,-0.11649467051029205,0.5207301378250122,0.46418046951293945,-0.1476394385099411,0.5243967175483704,0.41153231263160706,-0.1745309829711914,Paper
0.6506641507148743,0.8191519975662231,1.7750842289387947e-06,0.5744946002960205,0.7702729105949402,-0.0406540147960186,0.5285314321517944,0.7446646690368652,-0.10679446905851364,0.5092062950134277,0.743120551109314,-0.17021453380584717,0.49495255947113037,0.749212920665741,-0.23758357763290405,0.518881618976593,0.6361236572265625,-0.16947497427463531,0.5019307732582092,0.5464452505111694,-0.25949305295944214,0.49691876769065857,0.48844340443611145,-0.3237195909023285,0.5033205151557922,0.41858819127082825,-0.37209779024124146,0.5449695587158203,0.6723451614379883,-0.1960466504096985,0.5304785966873169,0.5662552118301392,-0.3134969174861908,0.5251192450523376,0.4768994450569153,-0.4032377600669861,0.5296381711959839,0.38072678446769714,-0.47021904587745667,0.5744214653968811,0.7366102337837219,-0.21490460634231567,0.5369685292243958,0.7490006685256958,-0.30621853470802307,0.5076113343238831,0.7641146183013916,-0.35915082693099976,0.49391496181488037,0.7696021199226379,-0.39758068323135376,0.5972049236297607,0.8150791525840759,-0.23328416049480438,0.5441038012504578,0.8864508271217346,-0.2990998327732086,0.5127962231636047,0.9182299375534058,-0.3331800699234009,0.4822908043861389,0.9384654760360718,-0.3623487949371338,Paper
0.6158586740493774,0.8133407831192017,1.5376518831544672e-06,0.6008101105690002,0.7738996744155884,-0.071279376745224,0.5751678347587585,0.7275184988975525,-0.1283850073814392,0.5703395009040833,0.6806051135063171,-0.17271946370601654,0.5944727063179016,0.6313919425010681,-0.221385657787323,0.5165612101554871,0.6204809546470642,-0.158209428191185,0.5050022602081299,0.4974064230918884,-0.22581245005130768,0.4967283606529236,0.4173544645309448,-0.2708439826965332,0.49916890263557434,0.3477618992328644,-0.30382415652275085,0.5316070914268494,0.625220000743866,-0.15728269517421722,0.5282832384109497,0.4911373257637024,-0.24316444993019104,0.5342379212379456,0.392683207988739,-0.30727046728134155,0.5453446507453918,0.30604973435401917,-0.3502808213233948,0.5575687885284424,0.653984785079956,-0.15356215834617615,0.546197235584259,0.5686831474304199,-0.23497317731380463,0.5508896112442017,0.4915458559989929,-0.29154276847839355,0.5607597231864929,0.4219105839729309,-0.3283090889453888,0.5814332962036133,0.6933624744415283,-0.1502486616373062,0.5684016346931458,0.72054523229599,-0.22367596626281738,0.5713539719581604,0.7506935000419617,-0.2612946629524231,0.5737687945365906,0.7725396156311035,-0.285596638917923,Paper
0.5559439063072205,0.816630482673645,1.3771378917226684e-06,0.4876748025417328,0.7279692888259888,-0.03968292102217674,0.4433368146419525,0.6242733597755432,-0.09370480477809906,0.42399659752845764,0.5496701002120972,-0.14024370908737183,0.3845617175102234,0.4712004065513611,-0.1934874951839447,0.488166481256485,0.5835555791854858,-0.20912061631679535,0.4957526922225952,0.43521541357040405,-0.2972465753555298,0.5011729598045349,0.33853426575660706,-0.3518786132335663,0.5131983160972595,0.2499222457408905,-0.39552542567253113,0.5418953895568848,0.6273005604743958,-0.23997217416763306,0.5707117915153503,0.5084325075149536,-0.3664133846759796,0.590787947177887,0.4045785069465637,-0.4539669454097748,0.6118033528327942,0.304561972618103,-0.5185526013374329,0.585973858833313,0.6966030597686768,-0.2607426643371582,0.6295334100723267,0.6481903195381165,-0.38475745916366577,0.6546487808227539,0.5839744806289673,-0.4596009850502014,0.679458737373352,0.5214794874191284,-0.5102194547653198,0.6186056137084961,0.7771552205085754,-0.2763374447822571,0.647134006023407,0.7932109832763672,-0.3872680068016052,0.6833683252334595,0.8076348900794983,-0.4408755600452423,0.7155829668045044,0.8108737468719482,-0.4795224964618683,Paper
0.5322296023368835,0.797163724899292,1.2766256531904219e-06,0.45880332589149475,0.7380615472793579,-0.05279678478837013,0.41321447491645813,0.6384738683700562,-0.1082126647233963,0.3864883780479431,0.5636180639266968,-0.1552666574716568,0.3426021337509155,0.4824187159538269,-0.2106456309556961,0.4677165150642395,0.5657986998558044,-0.19579429924488068,0.4671652913093567,0.4191981554031372,-0.2774137854576111,0.4694828987121582,0.3244578242301941,-0.32972580194473267,0.47706338763237,0.23773643374443054,-0.3729240894317627,0.5258075594902039,0.6032971143722534,-0.22136549651622772,0.5594033598899841,0.4681263566017151,-0.3287694454193115,0.577357292175293,0.3659788966178894,-0.4073527455329895,0.5940159559249878,0.26015499234199524,-0.46744397282600403,0.5705525279045105,0.667508065700531,-0.24124975502490997,0.6290135383605957,0.5906421542167664,-0.35259923338890076,0.6633832454681396,0.514040470123291,-0.4292219579219818,0.6934055089950562,0.4398590326309204,-0.48343053460121155,0.6012308597564697,0.7479376196861267,-0.2580479383468628,0.6448661088943481,0.7451201677322388,-0.3669452667236328,0.6852321028709412,0.7470174431800842,-0.4259076714515686,0.7194006443023682,0.7392966747283936,-0.4686937630176544,Paper
0.5444918870925903,0.818609893321991,1.1828384458567598e-06,0.5161598324775696,0.7069314122200012,-0.01588621363043785,0.49157118797302246,0.6070279479026794,-0.05865944176912308,0.4787513315677643,0.5343757271766663,-0.09786741435527802,0.4614552855491638,0.45860445499420166,-0.14727699756622314,0.47747665643692017,0.5684082508087158,-0.1744993031024933,0.4789055585861206,0.44235897064208984,-0.2561267912387848,0.4833481013774872,0.35796767473220825,-0.30774250626564026,0.5003665685653687,0.282703697681427,-0.3476913869380951,0.49360522627830505,0.6105700731277466,-0.21198329329490662,0.5046478509902954,0.47578737139701843,-0.3282979130744934,0.5173419117927551,0.3768188953399658,-0.4118686318397522,0.5343303680419922,0.2837746739387512,-0.4722647964954376,0.5203670263290405,0.6749345064163208,-0.2386634200811386,0.524363100528717,0.5746173858642578,-0.35137301683425903,0.5339165925979614,0.483140766620636,-0.43430617451667786,0.5515038371086121,0.39839524030685425,-0.49210742115974426,0.546587347984314,0.7472331523895264,-0.25721850991249084,0.5440906882286072,0.7623658180236816,-0.3601900637149811,0.5471175312995911,0.7676740288734436,-0.4207783639431,0.5511294603347778,0.7579672932624817,-0.46540355682373047,Paper
0.7104039192199707,0.8490638732910156,8.803800142231921e-07,0.7314797639846802,0.7117011547088623,-0.009930657222867012,0.7381341457366943,0.6064310669898987,-0.027397900819778442,0.7418522834777832,0.4986810088157654,-0.04197319224476814,0.7465807199478149,0.41792404651641846,-0.05708474665880203,0.5988757610321045,0.5823009014129639,-0.04523054510354996,0.5359184145927429,0.45328882336616516,-0.06232106313109398,0.49917200207710266,0.3802031874656677,-0.07189539074897766,0.46804454922676086,0.3212532103061676,-0.07878671586513519,0.5538843274116516,0.6412792205810547,-0.04744986817240715,0.4585537016391754,0.5335553884506226,-0.07056433707475662,0.39669936895370483,0.47210893034935,-0.08772552758455276,0.3502200245857239,0.4312536120414734,-0.10064218193292618,0.5298301577568054,0.7089316844940186,-0.04656890407204628,0.4300283193588257,0.6479206681251526,-0.06781796365976334,0.36430245637893677,0.6078526377677917,-0.08652481436729431,0.31526413559913635,0.5787102580070496,-0.09924884885549545,0.5240708589553833,0.7671142816543579,-0.0438714399933815,0.43492260575294495,0.7441529631614685,-0.06415125727653503,0.38398849964141846,0.7328659296035767,-0.07669683545827866,0.3383670449256897,0.714516818523407,-0.08371564745903015,Paper
0.7134263515472412,0.8259950876235962,9.268903795600636e-07,0.7245499491691589,0.6814483404159546,0.002554462756961584,0.7211042642593384,0.576138973236084,-0.013226424343883991,0.7194748520851135,0.46252477169036865,-0.027133410796523094,0.7214539647102356,0.3813978433609009,-0.04161665588617325,0.588992714881897,0.564125657081604,-0.05221187323331833,0.5223751068115234,0.4395056962966919,-0.07471300661563873,0.4842863082885742,0.36728668212890625,-0.08515933156013489,0.45375514030456543,0.30687472224235535,-0.09143184870481491,0.5482439398765564,0.6286014914512634,-0.059292539954185486,0.44738972187042236,0.5273429155349731,-0.0935453325510025,0.378856897354126,0.4662819504737854,-0.11327099800109863,0.3286314606666565,0.42488545179367065,-0.1266111135482788,0.5266679525375366,0.7016446590423584,-0.060633741319179535,0.42517197132110596,0.6571760773658752,-0.09110449999570847,0.3567681312561035,0.6244993805885315,-0.11017872393131256,0.30790483951568604,0.6008841395378113,-0.1210978776216507,0.5209224224090576,0.7635222673416138,-0.05798786133527756,0.43357211351394653,0.7616379261016846,-0.08182550221681595,0.38232845067977905,0.7620381712913513,-0.09377051144838333,0.3345058858394623,0.7544821500778198,-0.09972752630710602,Paper
0.6701533794403076,0.7862944602966309,9.073581850316259e-07,0.5743726491928101,0.702991247177124,0.028619840741157532,0.5175814628601074,0.6305831670761108,-0.0027112571988254786,0.4750126600265503,0.5839190483093262,-0.036636434495449066,0.42611971497535706,0.5448591709136963,-0.07670556008815765,0.5297034382820129,0.5810149908065796,-0.16623061895370483,0.4750043451786041,0.49154970049858093,-0.25203609466552734,0.4320414364337921,0.4216638207435608,-0.30623897910118103,0.40242069959640503,0.3525428771972656,-0.3486904501914978,0.5538541078567505,0.6376121044158936,-0.22013695538043976,0.5003806352615356,0.5505379438400269,-0.3529314398765564,0.45566385984420776,0.47076505422592163,-0.4371130168437958,0.4101894199848175,0.38676518201828003,-0.49841246008872986,0.5818886756896973,0.7064772844314575,-0.2565062940120697,0.5463517308235168,0.6825963854789734,-0.3715018033981323,0.5128754377365112,0.6621799468994141,-0.4337409436702728,0.4851633906364441,0.6419541835784912,-0.47495314478874207,0.6078817248344421,0.7809782028198242,-0.2817744016647339,0.5817738175392151,0.8246358633041382,-0.36695584654808044,0.5687907934188843,0.8548433780670166,-0.4093669652938843,0.554657518863678,0.8738144040107727,-0.44368472695350647,Paper
0.6666862368583679,0.8512830138206482,5.78048343413684e-07,0.5989285111427307,0.8019195199012756,-0.01738528534770012,0.5506318807601929,0.732376217842102,-0.04268280789256096,0.537860095500946,0.6628551483154297,-0.06641414761543274,0.5274737477302551,0.6053053736686707,-0.09610836952924728,0.5427046418190002,0.6629027128219604,-0.09636537730693817,0.49270758032798767,0.5648451447486877,-0.15184588730335236,0.4579939842224121,0.48899775743484497,-0.19404366612434387,0.43464934825897217,0.4234206974506378,-0.22596126794815063,0.5750550627708435,0.674638032913208,-0.11748233437538147,0.5273469686508179,0.5869771242141724,-0.17764264345169067,0.4969569444656372,0.5335361957550049,-0.22331160306930542,0.4651232063770294,0.4760841131210327,-0.2575547993183136,0.6114068031311035,0.7091151475906372,-0.13539347052574158,0.5684855580329895,0.666314423084259,-0.201924130320549,0.5439972281455994,0.6337593197822571,-0.2491721659898758,0.5216640830039978,0.6017510890960693,-0.2811431884765625,0.6446759700775146,0.7533766031265259,-0.15005651116371155,0.6085150837898254,0.7931749820709229,-0.21153521537780762,0.5852102637290955,0.8219647407531738,-0.2427503764629364,0.565774142742157,0.8391040563583374,-0.26499834656715393,Paper
0.6041666269302368,0.8255860805511475,1.0453909453644883e-06,0.5329472422599792,0.7466697692871094,-0.009363926015794277,0.4815211296081543,0.6443825364112854,-0.04392517730593681,0.45334699749946594,0.5616081953048706,-0.07931750267744064,0.42924052476882935,0.4915062487125397,-0.1215888112783432,0.47891587018966675,0.5963013172149658,-0.14974887669086456,0.45242950320243835,0.4647417962551117,-0.23038820922374725,0.43322545289993286,0.37305963039398193,-0.2831437587738037,0.42572298645973206,0.28711071610450745,-0.3249034881591797,0.514305830001831,0.6348999738693237,-0.19305109977722168,0.49119633436203003,0.5149922370910645,-0.3064516484737396,0.4766917824745178,0.42356058955192566,-0.3875841498374939,0.4603438377380371,0.327871173620224,-0.4465189576148987,0.5594738125801086,0.6901319622993469,-0.22755441069602966,0.5733675360679626,0.6283772587776184,-0.33740293979644775,0.576080858707428,0.5772479176521301,-0.40725284814834595,0.5742941498756409,0.5206151008605957,-0.45417463779449463,0.6018481254577637,0.7593279480934143,-0.2564140856266022,0.613569974899292,0.767179012298584,-0.35455214977264404,0.6240702271461487,0.7677895426750183,-0.4083980917930603,0.6285908222198486,0.7493054270744324,-0.44759872555732727,Paper
0.6107808947563171,0.8510059118270874,1.131241447183129e-06,0.5234275460243225,0.7990703582763672,-0.04571573808789253,0.45938923954963684,0.6930520534515381,-0.08859585225582123,0.4288758337497711,0.611706554889679,-0.12638522684574127,0.38737475872039795,0.534102201461792,-0.17082302272319794,0.4870538115501404,0.61097252368927,-0.1607295721769333,0.4509658217430115,0.4683559536933899,-0.2360832691192627,0.4297903776168823,0.3778267502784729,-0.2871414124965668,0.41731569170951843,0.28763362765312195,-0.3292405307292938,0.5459727644920349,0.627967894077301,-0.18573373556137085,0.5428978800773621,0.4890938699245453,-0.2841900885105133,0.5416281223297119,0.3835774064064026,-0.3615945875644684,0.5411545038223267,0.2704339027404785,-0.4210595190525055,0.5970686078071594,0.6732380390167236,-0.2068224400281906,0.6336984038352966,0.5799591541290283,-0.30916833877563477,0.6543686985969543,0.510002076625824,-0.3831893801689148,0.6722574234008789,0.43651503324508667,-0.43549999594688416,0.6411136388778687,0.741726279258728,-0.2258976846933365,0.6851155757904053,0.7193968892097473,-0.32566723227500916,0.7279585003852844,0.6948779225349426,-0.3833589553833008,0.7660729289054871,0.6630184650421143,-0.42561662197113037,Paper
0.5885504484176636,0.9048119783401489,1.1086596032328089e-06,0.5055254697799683,0.856830894947052,-0.05760424584150314,0.44133460521698,0.7679136991500854,-0.09934015572071075,0.39597100019454956,0.6913437247276306,-0.1348966807126999,0.3499741554260254,0.6170985698699951,-0.17423075437545776,0.4907076954841614,0.6378975510597229,-0.11684664338827133,0.45078134536743164,0.49110037088394165,-0.17773523926734924,0.42580074071884155,0.3968803286552429,-0.21732382476329803,0.4086930751800537,0.3094417154788971,-0.24715688824653625,0.5557925701141357,0.6342508792877197,-0.12852640450000763,0.5570147037506104,0.47467607259750366,-0.19299109280109406,0.5569380521774292,0.3631473481655121,-0.23969776928424835,0.5580928325653076,0.2523135542869568,-0.2730264365673065,0.6104719042778015,0.6739022731781006,-0.14320111274719238,0.651487410068512,0.548771321773529,-0.2174776792526245,0.6817117929458618,0.46143868565559387,-0.2671506702899933,0.7074803113937378,0.37545037269592285,-0.29880011081695557,0.6568753719329834,0.7430078387260437,-0.1590559035539627,0.7226278781890869,0.6872490048408508,-0.23436856269836426,0.7664327621459961,0.6437301635742188,-0.27294066548347473,0.8022441267967224,0.5966067910194397,-0.29719844460487366,Paper
0.5923823714256287,0.9506913423538208,8.296667601825902e-07,0.5038595795631409,0.9025485515594482,-0.04173380136489868,0.4343210458755493,0.8006459474563599,-0.06660828739404678,0.38649463653564453,0.7194914221763611,-0.08779814094305038,0.3412448465824127,0.658114492893219,-0.11091359704732895,0.4996572434902191,0.6363442540168762,-0.06310616433620453,0.46260130405426025,0.49444204568862915,-0.10149989277124405,0.4398014545440674,0.40318986773490906,-0.12827278673648834,0.4226979613304138,0.3218396306037903,-0.14896062016487122,0.5663946866989136,0.627355694770813,-0.0735306516289711,0.5675134062767029,0.46921536326408386,-0.1133434996008873,0.5660760998725891,0.35847973823547363,-0.14666643738746643,0.5639100670814514,0.25781217217445374,-0.17064230144023895,0.6229029297828674,0.6591404676437378,-0.08784224838018417,0.6623048186302185,0.5237419605255127,-0.13893704116344452,0.687620222568512,0.42910313606262207,-0.1764644980430603,0.7059401869773865,0.3397411108016968,-0.200477734208107,0.6709412932395935,0.7203339338302612,-0.10345116257667542,0.7358781695365906,0.6418473720550537,-0.15729263424873352,0.777802586555481,0.5852401256561279,-0.184637188911438,0.8106104135513306,0.5260395407676697,-0.20107686519622803,Paper
0.6309061050415039,0.9326977133750916,7.920101552372216e-07,0.5367598533630371,0.8891353011131287,-0.04011724889278412,0.4535810351371765,0.800559401512146,-0.06373648345470428,0.3943760395050049,0.725810706615448,-0.08471424877643585,0.3455148935317993,0.6669726967811584,-0.1063401848077774,0.5183058977127075,0.5983074903488159,-0.04329933971166611,0.47369468212127686,0.46736636757850647,-0.07616694271564484,0.4462551176548004,0.3831530809402466,-0.10206300765275955,0.4266989231109619,0.30710989236831665,-0.12202955037355423,0.5833604335784912,0.5754839181900024,-0.052943162620067596,0.5768542289733887,0.41001617908477783,-0.08419753611087799,0.5711068511009216,0.30035966634750366,-0.11214354634284973,0.5665150284767151,0.20654121041297913,-0.1323545128107071,0.6426723003387451,0.5954850912094116,-0.06816578656435013,0.6708170175552368,0.44950878620147705,-0.10925682634115219,0.6870682239532471,0.3527936339378357,-0.14052049815654755,0.6984978914260864,0.265030175447464,-0.16075542569160461,0.6944665312767029,0.6476722955703735,-0.08574499189853668,0.7490516901016235,0.5523382425308228,-0.12740539014339447,0.7840998768806458,0.4848843216896057,-0.148161381483078,0.8116745352745056,0.41822102665901184,-0.16078658401966095,Paper
0.6682034134864807,0.8967565298080444,7.226516345326672e-07,0.5522491931915283,0.8759899139404297,-0.03858103230595589,0.44396907091140747,0.7992275953292847,-0.056525714695453644,0.36612093448638916,0.7323471307754517,-0.07292862981557846,0.2994624972343445,0.6864988803863525,-0.08899278938770294,0.49207836389541626,0.5605112910270691,-0.021027566865086555,0.42547470331192017,0.437664657831192,-0.04673774540424347,0.38632869720458984,0.36518537998199463,-0.07102558761835098,0.3557787537574768,0.2972791790962219,-0.09048110991716385,0.5551347732543945,0.520317018032074,-0.028896812349557877,0.5232897996902466,0.3587445020675659,-0.049937766045331955,0.5054199695587158,0.2539086639881134,-0.07291977852582932,0.4937874972820282,0.16383430361747742,-0.09079987555742264,0.6187219023704529,0.5228477120399475,-0.044249992817640305,0.6186315417289734,0.37071558833122253,-0.07436072081327438,0.6223528385162354,0.27184420824050903,-0.09829891473054886,0.624474287033081,0.1831820011138916,-0.11480560153722763,0.6808624267578125,0.555499255657196,-0.0633930042386055,0.7093929648399353,0.4408518671989441,-0.09448269754648209,0.7294746041297913,0.36366549134254456,-0.10922199487686157,0.745656430721283,0.2900376319885254,-0.11850729584693909,Paper
0.7063552141189575,0.875190794467926,7.336293492699042e-07,0.5856810808181763,0.8773044347763062,-0.04395325481891632,0.4652562737464905,0.828113317489624,-0.06225806102156639,0.37869828939437866,0.7781147956848145,-0.07927055656909943,0.3097177743911743,0.7342314720153809,-0.09326639771461487,0.4815848767757416,0.5601348876953125,-0.00533972168341279,0.40198376774787903,0.45455285906791687,-0.025477219372987747,0.3516892194747925,0.3924746811389923,-0.04569704085588455,0.31180518865585327,0.33555522561073303,-0.061169080436229706,0.5400463938713074,0.508635401725769,-0.008889035321772099,0.48846495151519775,0.36400485038757324,-0.01873849704861641,0.4549955129623413,0.2734966576099396,-0.029142290353775024,0.42864200472831726,0.19814014434814453,-0.03686758875846863,0.605272650718689,0.4953620135784149,-0.02298031374812126,0.5844163298606873,0.3548904061317444,-0.042750854045152664,0.5680323243141174,0.266499787569046,-0.05354616045951843,0.5510300993919373,0.1902814507484436,-0.05998861789703369,0.6717312335968018,0.5102219581604004,-0.043165143579244614,0.6800960302352905,0.39493632316589355,-0.06622250378131866,0.6811872124671936,0.31747037172317505,-0.0741221234202385,0.6809514760971069,0.2414298951625824,-0.07726871967315674,Paper
0.753359854221344,0.8597793579101562,8.010926535462204e-07,0.6281769275665283,0.8782517910003662,-0.05778859555721283,0.4990355968475342,0.8481948971748352,-0.08053258806467056,0.40171435475349426,0.807787299156189,-0.0990108922123909,0.3213963508605957,0.7632917165756226,-0.11308208853006363,0.48936665058135986,0.5724282264709473,-0.014088936150074005,0.39062193036079407,0.4721291661262512,-0.03837776184082031,0.3287811279296875,0.4169740080833435,-0.06259167939424515,0.27736786007881165,0.3641946613788605,-0.08028275519609451,0.5438628792762756,0.5081013441085815,-0.010256709530949593,0.4736807644367218,0.3661363124847412,-0.021918119862675667,0.42858561873435974,0.27649709582328796,-0.03506159409880638,0.39292895793914795,0.20312944054603577,-0.04504306986927986,0.6075559854507446,0.48388272523880005,-0.01843574084341526,0.5692775845527649,0.3476087749004364,-0.038564980030059814,0.5452104806900024,0.26384106278419495,-0.05056741461157799,0.521600604057312,0.192384272813797,-0.057916466146707535,0.6748838424682617,0.48481059074401855,-0.03406829386949539,0.6670520901679993,0.3669697046279907,-0.05626434460282326,0.6606762409210205,0.29335883259773254,-0.0642428770661354,0.6537102460861206,0.22043386101722717,-0.06762737035751343,Paper
0.7553454637527466,0.8547451496124268,9.623557843951858e-07,0.6250643134117126,0.8696367740631104,-0.0625346451997757,0.49691060185432434,0.8334182500839233,-0.08419456332921982,0.40122443437576294,0.7801680564880371,-0.10152429342269897,0.316148042678833,0.7325561046600342,-0.11397650837898254,0.4864662289619446,0.5674734115600586,0.001306695630773902,0.3899504244327545,0.4700640141963959,-0.014213373884558678,0.3287857174873352,0.4163498282432556,-0.033192407339811325,0.2779737114906311,0.36522039771080017,-0.04668089747428894,0.5401278734207153,0.5070643424987793,0.011425625532865524,0.4702376127243042,0.3706347942352295,0.014136089943349361,0.42417246103286743,0.28387635946273804,0.011437172070145607,0.38987278938293457,0.2147495150566101,0.009014624170958996,0.6028781533241272,0.4843354821205139,0.007546331733465195,0.5665175914764404,0.3507627546787262,0.001666853902861476,0.5408809185028076,0.2675609886646271,0.000306438363622874,0.5185965299606323,0.19882428646087646,-0.000140238887979649,0.6703438758850098,0.48286309838294983,-0.005574053153395653,0.6620504260063171,0.3681841492652893,-0.015265380963683128,0.6531643867492676,0.3003038167953491,-0.015553566627204418,0.6460728645324707,0.23235082626342773,-0.013502075336873531,Paper
0.7125164866447449,0.7810630798339844,1.1480302646305063e-06,0.5972949862480164,0.7969269752502441,-0.08213581144809723,0.485320508480072,0.7592648863792419,-0.11282110214233398,0.4029136896133423,0.7001590132713318,-0.1364489495754242,0.3291556239128113,0.6250302195549011,-0.15398865938186646,0.4585961103439331,0.5349469780921936,-0.0008500135154463351,0.3718417286872864,0.45161086320877075,-0.012495799921452999,0.3114549517631531,0.4038501977920532,-0.028565604239702225,0.2655220925807953,0.3703764081001282,-0.03905925527215004,0.5089784264564514,0.4803820252418518,0.021167710423469543,0.44318243861198425,0.363557904958725,0.032597679644823074,0.3975478410720825,0.29198694229125977,0.03637038916349411,0.3644072413444519,0.23593661189079285,0.03885173797607422,0.5669468641281128,0.455116331577301,0.026551080867648125,0.5292338728904724,0.33909186720848083,0.028605489060282707,0.504432201385498,0.26658692955970764,0.03267166018486023,0.48069658875465393,0.20960310101509094,0.03534023091197014,0.6294845938682556,0.4473901093006134,0.020307287573814392,0.6201725602149963,0.3458085358142853,0.015527507290244102,0.6115292310714722,0.2867601811885834,0.017269544303417206,0.6026076674461365,0.22966185212135315,0.02052699401974678,Paper
0.7241942882537842,0.766451895236969,9.750241360961809e-07,0.6051297187805176,0.7821913361549377,-0.07019690424203873,0.4904467761516571,0.7424241304397583,-0.09099690616130829,0.4068949222564697,0.6834069490432739,-0.10537812113761902,0.3298031687736511,0.6218291521072388,-0.11365024000406265,0.47490793466567993,0.5130778551101685,0.010716144926846027,0.38976168632507324,0.42876628041267395,0.007019189186394215,0.33345526456832886,0.38399428129196167,-0.0033437462989240885,0.2865997850894928,0.3488991856575012,-0.01087409071624279,0.5253773331642151,0.4598757326602936,0.029809636995196342,0.46107855439186096,0.3472697138786316,0.04649399593472481,0.4168505072593689,0.27910375595092773,0.052441589534282684,0.38404691219329834,0.22668153047561646,0.05616474151611328,0.5825352668762207,0.438456654548645,0.03385893255472183,0.5469809770584106,0.32563167810440063,0.039428092539310455,0.5231937766075134,0.2541588544845581,0.04423981159925461,0.49958765506744385,0.19480279088020325,0.04746893793344498,0.6445049047470093,0.4319806694984436,0.02765248902142048,0.6348891258239746,0.3326987028121948,0.024697521701455116,0.6274926662445068,0.2742841839790344,0.027255157008767128,0.6209084987640381,0.21460580825805664,0.031454503536224365,Paper
0.7764016389846802,0.8587408065795898,1.1013081575583783e-06,0.666334331035614,0.9231829643249512,-0.08736059069633484,0.5519923567771912,0.9188204407691956,-0.12102754414081573,0.4657823145389557,0.899282693862915,-0.14418897032737732,0.38812220096588135,0.8593775629997253,-0.16225238144397736,0.4738743305206299,0.6490049362182617,-0.03355863317847252,0.36421793699264526,0.5769531726837158,-0.0569489449262619,0.2897307872772217,0.5338195562362671,-0.08200117945671082,0.23018044233322144,0.4958733320236206,-0.0996599867939949,0.5178021788597107,0.5782692432403564,-0.012092293240129948,0.42697376012802124,0.45005831122398376,-0.01304080244153738,0.3668150305747986,0.3709316551685333,-0.019316978752613068,0.3221902549266815,0.3117583096027374,-0.0255010724067688,0.5762526988983154,0.5420442223548889,-0.005858571734279394,0.5172719955444336,0.41001206636428833,-0.01313235703855753,0.47292834520339966,0.32826724648475647,-0.02284044399857521,0.43244171142578125,0.262363076210022,-0.03163855895400047,0.6417918801307678,0.5261886119842529,-0.010746448300778866,0.620140016078949,0.4107372760772705,-0.024446511641144753,0.5992457866668701,0.34408020973205566,-0.03341507166624069,0.5762220025062561,0.27691376209259033,-0.0394296795129776,Paper
0.7833247184753418,0.8762816190719604,1.0383695325799636e-06,0.6778613328933716,0.9469965100288391,-0.08192375302314758,0.5646849870681763,0.947695255279541,-0.11337772011756897,0.4779687225818634,0.9350185394287109,-0.1345520168542862,0.39867618680000305,0.9235659837722778,-0.15107186138629913,0.4762836694717407,0.6740406155586243,-0.03429048880934715,0.36213961243629456,0.6067144274711609,-0.06006461754441261,0.2832208573818207,0.5672229528427124,-0.08650019764900208,0.22022876143455505,0.5335084795951843,-0.10484941303730011,0.5158352255821228,0.5990056991577148,-0.014000686816871166,0.42144694924354553,0.47524067759513855,-0.017663603648543358,0.3578106462955475,0.40105322003364563,-0.02487822249531746,0.30809834599494934,0.345158189535141,-0.031249387189745903,0.5720624923706055,0.5592378377914429,-0.007751562166959047,0.5108052492141724,0.42731547355651855,-0.017008814960718155,0.46611759066581726,0.3463790714740753,-0.026346512138843536,0.4261242747306824,0.28249892592430115,-0.03415193408727646,0.6370144486427307,0.543058454990387,-0.011842730455100536,0.6158056259155273,0.42935463786125183,-0.02618635818362236,0.5947829484939575,0.362235426902771,-0.034283895045518875,0.572414755821228,0.29564207792282104,-0.039095036685466766,Paper
0.770525336265564,0.8775646686553955,9.352977485832525e-07,0.6660282015800476,0.9411700963973999,-0.07231520116329193,0.5464426279067993,0.9442211389541626,-0.09859097003936768,0.4559204876422882,0.938166618347168,-0.11556629836559296,0.3768962025642395,0.9328988790512085,-0.12811461091041565,0.45548924803733826,0.6730639934539795,-0.03316253423690796,0.3408851623535156,0.609152615070343,-0.05669150501489639,0.265700101852417,0.5713587403297424,-0.0790383517742157,0.20525455474853516,0.5371018648147583,-0.09426070749759674,0.49645137786865234,0.5985254049301147,-0.016874538734555244,0.40173035860061646,0.47375285625457764,-0.021541839465498924,0.34222471714019775,0.3980849087238312,-0.027312666177749634,0.29523617029190063,0.337608277797699,-0.03170791640877724,0.555802047252655,0.5594128370285034,-0.013084721751511097,0.49500396847724915,0.42774704098701477,-0.02695016749203205,0.4545745253562927,0.34376323223114014,-0.03891706466674805,0.4169604182243347,0.2758629024028778,-0.04667406529188156,0.6225156188011169,0.5442714691162109,-0.017756162211298943,0.5991398692131042,0.4282418489456177,-0.035387348383665085,0.5820437073707581,0.3586309254169464,-0.04401572421193123,0.5633432865142822,0.2898360788822174,-0.04821638762950897,Paper
0.7453176975250244,0.9076448678970337,9.574283694746555e-07,0.6338961720466614,0.9509974718093872,-0.06171654537320137,0.5167475938796997,0.9575471878051758,-0.09073715656995773,0.42190733551979065,0.9717670679092407,-0.11435220390558243,0.3439410328865051,0.9851058721542358,-0.13492944836616516,0.4413647949695587,0.6824113726615906,-0.03126836568117142,0.3258577585220337,0.6108800172805786,-0.05997617170214653,0.2510609030723572,0.5695322751998901,-0.0848766565322876,0.19034677743911743,0.5328861474990845,-0.10085008293390274,0.4865264594554901,0.6093019247055054,-0.024219827726483345,0.3959324061870575,0.47695955634117126,-0.033183831721544266,0.33758312463760376,0.3954218327999115,-0.03979577496647835,0.29205459356307983,0.3323550224304199,-0.043776609003543854,0.5496195554733276,0.5716996192932129,-0.02880583330988884,0.4925081431865692,0.43353378772735596,-0.04424810782074928,0.4545896649360657,0.3478128910064697,-0.052051153033971786,0.4196147322654724,0.27982446551322937,-0.056005652993917465,0.6201218962669373,0.5600131154060364,-0.04125369340181351,0.600412905216217,0.4377635419368744,-0.0578216053545475,0.5842169523239136,0.3645640015602112,-0.061052341014146805,0.5673399567604065,0.2953024208545685,-0.060464296489953995,Paper
0.6681272983551025,0.7942528128623962,1.2610570365723106e-06,0.580062210559845,0.8393547534942627,-0.07490169256925583,0.5030096769332886,0.8201454281806946,-0.1274038851261139,0.4420836269855499,0.7998360991477966,-0.16600361466407776,0.3912773132324219,0.7930315136909485,-0.2085520178079605,0.4549613296985626,0.6541699171066284,-0.14723645150661469,0.3485065996646881,0.5832034349441528,-0.2070256471633911,0.277885377407074,0.5394468307495117,-0.2489446997642517,0.21560105681419373,0.5007860064506531,-0.2798035740852356,0.511402428150177,0.5835177302360535,-0.13762637972831726,0.4284774959087372,0.45886528491973877,-0.19769448041915894,0.3760104775428772,0.37664785981178284,-0.2371448129415512,0.3260136842727661,0.3108636736869812,-0.26580798625946045,0.579626202583313,0.5543729066848755,-0.12898202240467072,0.5260148048400879,0.40998172760009766,-0.1849788874387741,0.48985058069229126,0.3219517469406128,-0.21359437704086304,0.4588008522987366,0.2501600384712219,-0.23229238390922546,0.6464027166366577,0.5532500743865967,-0.12345301359891891,0.63132643699646,0.42963457107543945,-0.17309118807315826,0.6155925989151001,0.3520863652229309,-0.1913941204547882,0.5982872843742371,0.282818078994751,-0.20268605649471283,Paper
0.6680133938789368,0.7980108857154846,1.531115003672312e-06,0.5858253240585327,0.8440582752227783,-0.1082557886838913,0.5187212824821472,0.8196380138397217,-0.1780487298965454,0.46537551283836365,0.8026878237724304,-0.22792652249336243,0.4195192754268646,0.808226466178894,-0.28192222118377686,0.45801520347595215,0.639846682548523,-0.18068374693393707,0.3590274453163147,0.5631747245788574,-0.247957244515419,0.29177069664001465,0.5141862630844116,-0.29641562700271606,0.23240366578102112,0.4696287214756012,-0.33166685700416565,0.5204222798347473,0.5711798667907715,-0.15694792568683624,0.4397556483745575,0.4402555227279663,-0.22321894764900208,0.39023664593696594,0.35424989461898804,-0.2674097418785095,0.34121134877204895,0.2832023501396179,-0.2988772392272949,0.5930018424987793,0.544071614742279,-0.13628467917442322,0.541477620601654,0.396668016910553,-0.19788524508476257,0.5094448328018188,0.3121861219406128,-0.23064297437667847,0.4792042672634125,0.23996910452842712,-0.2518652379512787,0.6595363020896912,0.5424574613571167,-0.1215556263923645,0.6473215818405151,0.42177557945251465,-0.1744152009487152,0.6332705020904541,0.3460170030593872,-0.19543980062007904,0.6155378818511963,0.2744908630847931,-0.20929154753684998,Paper
0.7650870680809021,0.92344731092453,1.0146827662538271e-06,0.6413073539733887,0.9538914561271667,-0.08309022337198257,0.5179316401481628,0.9278658032417297,-0.11452671140432358,0.41826924681663513,0.8901118636131287,-0.13639909029006958,0.33335238695144653,0.8369418382644653,-0.15253615379333496,0.49292320013046265,0.6560811996459961,-0.03188038989901543,0.3867802619934082,0.5565438270568848,-0.05975649878382683,0.3163934051990509,0.5031782388687134,-0.08666712045669556,0.256379634141922,0.4528414011001587,-0.10536649823188782,0.5477014183998108,0.5880413055419922,-0.014042306691408157,0.4674396514892578,0.44048500061035156,-0.023108122870326042,0.41318047046661377,0.34641551971435547,-0.03439802676439285,0.3691178560256958,0.2720373868942261,-0.04325908049941063,0.613520622253418,0.5613043904304504,-0.010793689638376236,0.5675634741783142,0.4165709316730499,-0.027581384405493736,0.5375192761421204,0.32733672857284546,-0.038969580084085464,0.5066736936569214,0.251483291387558,-0.04617200791835785,0.6841136813163757,0.5562591552734375,-0.017436647787690163,0.6695051193237305,0.43180036544799805,-0.036410022526979446,0.6575317978858948,0.3577975630760193,-0.04387756064534187,0.6445660591125488,0.2820996642112732,-0.04732415825128555,Paper
0.612218976020813,0.7444833517074585,-4.899741838926275e-07,0.5325407385826111,0.6786153316497803,-0.011600950732827187,0.4877582788467407,0.6088424921035767,-0.031433381140232086,0.4536419212818146,0.5573521256446838,-0.05121898278594017,0.43606483936309814,0.516780436038971,-0.06591358780860901,0.5741980075836182,0.46007105708122253,-0.031735412776470184,0.46528270840644836,0.4695819020271301,-0.0616537369787693,0.4685426354408264,0.5345494747161865,-0.07353641092777252,0.5000678300857544,0.547171950340271,-0.08009617775678635,0.5986418128013611,0.49191904067993164,-0.04280339181423187,0.4738108217716217,0.5328430533409119,-0.06827342510223389,0.48200491070747375,0.5868028402328491,-0.0664387047290802,0.5134586095809937,0.58775794506073,-0.06473546475172043,0.6059186458587646,0.5470898151397705,-0.05638517811894417,0.4900054931640625,0.6003681421279907,-0.07689815759658813,0.49904125928878784,0.644960880279541,-0.06374774128198624,0.5276298522949219,0.6405400037765503,-0.05551433935761452,0.6026293635368347,0.6130282282829285,-0.07204461097717285,0.511044442653656,0.6599806547164917,-0.08978605270385742,0.5129855275154114,0.6901430487632751,-0.08651266992092133,0.5336249470710754,0.6890562176704407,-0.08134196698665619,rock
0.5867823958396912,0.7542368173599243,-5.121821686771e-07,0.512450098991394,0.6799548864364624,-0.013692624866962433,0.46919336915016174,0.6053144335746765,-0.03859804570674896,0.4441097676753998,0.5445488691329956,-0.06751257926225662,0.4630371630191803,0.5024466514587402,-0.08941606432199478,0.5480616688728333,0.46378663182258606,-0.012056207284331322,0.4715980589389801,0.4414430260658264,-0.052867013961076736,0.4625484347343445,0.5130756497383118,-0.06937846541404724,0.4821038246154785,0.5308024883270264,-0.07724550366401672,0.5902997255325317,0.4776768684387207,-0.026802444830536842,0.49545398354530334,0.49164554476737976,-0.06593474000692368,0.49721020460128784,0.5717130899429321,-0.06279221177101135,0.5281140208244324,0.5689355134963989,-0.05294086039066315,0.6164405345916748,0.5190078020095825,-0.04818974807858467,0.5241918563842773,0.5527955889701843,-0.07984648644924164,0.5248000025749207,0.6199581027030945,-0.06256632506847382,0.5552942752838135,0.6131830215454102,-0.046170398592948914,0.626448929309845,0.5689712762832642,-0.07272744923830032,0.5504043102264404,0.610945999622345,-0.09001857042312622,0.5485262274742126,0.6507610082626343,-0.0839267149567604,0.5736477971076965,0.644802451133728,-0.0754726305603981,rock
0.5872674584388733,0.6107045412063599,-5.778385911980877e-07,0.5049756765365601,0.6179913878440857,-0.006744681857526302,0.4388372600078583,0.5804738998413086,-0.006913261022418737,0.4108644425868988,0.5039125084877014,-0.013202955946326256,0.42924055457115173,0.44045501947402954,-0.015374600887298584,0.45351117849349976,0.4930967390537262,0.0383581817150116,0.4233258366584778,0.4414198696613312,0.010344892740249634,0.4401935040950775,0.4982270300388336,-0.006413614843040705,0.4620520770549774,0.5326268076896667,-0.011647923849523067,0.48388516902923584,0.4685262441635132,0.030913975089788437,0.45146504044532776,0.4170907735824585,0.0001600813993718475,0.4751448333263397,0.49068689346313477,-0.007574177347123623,0.5004976391792297,0.5161321759223938,-0.0012286341516301036,0.5192626118659973,0.45190346240997314,0.016067827120423317,0.48585793375968933,0.40363365411758423,-0.01418504398316145,0.5065695643424988,0.47772422432899475,-0.0030740872025489807,0.5297064781188965,0.5056328773498535,0.01639755629003048,0.5627659559249878,0.4414975941181183,-0.0003274360205978155,0.5266560316085815,0.41154244542121887,-0.01245184987783432,0.5360410809516907,0.4640718102455139,0.0013637999072670937,0.55434250831604,0.4833248555660248,0.017809676006436348,rock
0.5988298654556274,0.5208317637443542,-4.139256759572163e-07,0.5264277458190918,0.5424615144729614,-0.010771057568490505,0.45827627182006836,0.5222796201705933,-0.013561272993683815,0.4194503426551819,0.4594026803970337,-0.0213194377720356,0.4382267892360687,0.39888089895248413,-0.026303181424736977,0.46682214736938477,0.450059175491333,0.03170991316437721,0.4364316463470459,0.40889790654182434,0.007477186154574156,0.453534334897995,0.44610828161239624,-0.011354545131325722,0.4736577570438385,0.47368425130844116,-0.0196693018078804,0.49188679456710815,0.42092472314834595,0.02718595787882805,0.4618963301181793,0.37711068987846375,0.00012004932796116918,0.48693418502807617,0.4282987117767334,-0.012530837208032608,0.5112511515617371,0.4578538239002228,-0.011819535866379738,0.5208112597465515,0.3967207074165344,0.01622495986521244,0.487800270318985,0.35261088609695435,-0.010270226746797562,0.5116595029830933,0.4075661897659302,-0.007390332408249378,0.5360416173934937,0.4423549771308899,0.005052189342677593,0.5562993884086609,0.3775721788406372,0.0035739480517804623,0.5228859186172485,0.34813153743743896,-0.008802938275039196,0.5358215570449829,0.39008402824401855,-0.0009633998270146549,0.5553234219551086,0.41776514053344727,0.010400715284049511,rock
0.7179087400436401,0.341146856546402,-4.312426824526483e-07,0.6420283317565918,0.34160315990448,-0.021356884390115738,0.5728878974914551,0.29404982924461365,-0.027373453602194786,0.5525480508804321,0.2241358608007431,-0.036201559007167816,0.5822175741195679,0.1804092824459076,-0.0406562015414238,0.5767409801483154,0.25329649448394775,0.015433017164468765,0.549467146396637,0.19694669544696808,-0.018125664442777634,0.577387809753418,0.2289268970489502,-0.03845804184675217,0.5946286916732788,0.25465506315231323,-0.04603075236082077,0.608753502368927,0.22938942909240723,0.013074942864477634,0.5889983773231506,0.17047280073165894,-0.020917518064379692,0.6176815629005432,0.22476676106452942,-0.030134443193674088,0.6274262070655823,0.25350525975227356,-0.026207484304904938,0.641958475112915,0.21148443222045898,0.0026122115086764097,0.6256709694862366,0.15477296710014343,-0.03185618668794632,0.6494682431221008,0.21576470136642456,-0.02775365486741066,0.6590414643287659,0.2491791844367981,-0.013378624804317951,0.677013635635376,0.20034289360046387,-0.010436265729367733,0.6621437668800354,0.1579311043024063,-0.025617923587560654,0.6763178110122681,0.20378683507442474,-0.016364308074116707,0.6844925880432129,0.2335420846939087,-0.003833112772554159,rock
0.8056802749633789,0.32380300760269165,-4.6808688125565823e-07,0.7306104302406311,0.30423861742019653,-0.011258234269917011,0.6797485947608948,0.24348163604736328,-0.011711277067661285,0.67622971534729,0.16014155745506287,-0.01612902618944645,0.7101967930793762,0.11591882258653641,-0.016631780192255974,0.7177260518074036,0.17483076453208923,0.03200961649417877,0.70540851354599,0.12417774647474289,0.006067711394280195,0.7041886448860168,0.18195484578609467,-0.00947689451277256,0.7132632732391357,0.2082505226135254,-0.015395944006741047,0.7530834078788757,0.16801010072231293,0.0276827160269022,0.736777663230896,0.11684032529592514,0.0004954504547640681,0.7347908020019531,0.1889222413301468,-0.006919224280864,0.7479137182235718,0.20829933881759644,-0.0023055910132825375,0.7879193425178528,0.16843953728675842,0.015894973650574684,0.7714650630950928,0.12179923057556152,-0.01162718329578638,0.7673341631889343,0.1937078833580017,-0.0038194358348846436,0.779514729976654,0.2142268717288971,0.011788103729486465,0.8285424709320068,0.17400354146957397,0.002284239511936903,0.8065925240516663,0.1426720917224884,-0.0077947331592440605,0.8000646829605103,0.1929924339056015,0.0033291964791715145,0.8119062185287476,0.2095692902803421,0.016600577160716057,rock
0.8065410852432251,0.4046712815761566,-5.246740215625323e-07,0.7433856129646301,0.3283160328865051,-0.0042349365539848804,0.7176783680915833,0.2486678957939148,-0.01718308962881565,0.7105798125267029,0.1892460286617279,-0.034713175147771835,0.7310399413108826,0.14711332321166992,-0.04646576568484306,0.8080891370773315,0.1540614813566208,0.01133131142705679,0.7449951171875,0.11453647911548615,-0.019620968028903008,0.732909083366394,0.17336615920066833,-0.03653355687856674,0.7456841468811035,0.19461999833583832,-0.04597236216068268,0.8386706709861755,0.15799418091773987,-0.002171268919482827,0.7513427734375,0.13828003406524658,-0.03751080483198166,0.7479159235954285,0.21078403294086456,-0.04271477088332176,0.7771552205085754,0.2256678193807602,-0.038666967302560806,0.8533830046653748,0.17970749735832214,-0.021092811599373817,0.7652430534362793,0.1761113852262497,-0.04921236261725426,0.761845052242279,0.2427118867635727,-0.04066942259669304,0.79100501537323,0.2518603801727295,-0.030129140242934227,0.8525633811950684,0.2080143690109253,-0.04201609268784523,0.7743659019470215,0.22731319069862366,-0.062382616102695465,0.7757049202919006,0.2733035385608673,-0.06294907629489899,0.8051820993423462,0.2778890132904053,-0.05880999565124512,rock
0.7665435075759888,0.4134792685508728,-4.045986088385689e-07,0.7713735699653625,0.3222888708114624,0.004403763450682163,0.7597430348396301,0.2322721779346466,-0.007629537954926491,0.7351387739181519,0.16114169359207153,-0.020159106701612473,0.7127997279167175,0.12009385228157043,-0.030644265934824944,0.7857685685157776,0.1759198158979416,-0.038188718259334564,0.6830040812492371,0.14461421966552734,-0.054642606526613235,0.6803192496299744,0.1909804344177246,-0.052713461220264435,0.6990929841995239,0.2062089592218399,-0.05058828741312027,0.7685589790344238,0.20519794523715973,-0.05083202198147774,0.6582067012786865,0.1936779022216797,-0.06598526984453201,0.669120192527771,0.24032062292099,-0.054876040667295456,0.6938289403915405,0.25334790349006653,-0.04931345954537392,0.741997480392456,0.2446814924478531,-0.06180237978696823,0.6485583186149597,0.2562035620212555,-0.06673405319452286,0.6617077589035034,0.2951166033744812,-0.04983820766210556,0.6853712797164917,0.30366185307502747,-0.04403368756175041,0.7133379578590393,0.2873101234436035,-0.07320942729711533,0.6470636129379272,0.31366047263145447,-0.07821990549564362,0.6585551500320435,0.34002572298049927,-0.07495471090078354,0.677911102771759,0.33910855650901794,-0.07441126555204391,rock
0.7275180816650391,0.4386866092681885,-4.280388168353966e-07,0.7387837767601013,0.35386165976524353,-0.003971945960074663,0.7279555797576904,0.2561545968055725,-0.013708366081118584,0.7121530771255493,0.1790820062160492,-0.02215982787311077,0.7049607038497925,0.13028602302074432,-0.02896152064204216,0.7309167385101318,0.20072022080421448,-0.041908446699380875,0.6318366527557373,0.17710290849208832,-0.06049100309610367,0.6329672336578369,0.22519291937351227,-0.060268010944128036,0.653336763381958,0.24309413135051727,-0.057948824018239975,0.7100508809089661,0.2367795705795288,-0.04861669987440109,0.6073813438415527,0.23048843443393707,-0.06435464322566986,0.6183978915214539,0.2735436260700226,-0.05445047840476036,0.6430127620697021,0.2856060862541199,-0.04843640699982643,0.682673454284668,0.282513827085495,-0.0548892617225647,0.598319947719574,0.290778785943985,-0.06660498678684235,0.613458514213562,0.3253500163555145,-0.0534525103867054,0.6376213431358337,0.3343242406845093,-0.046580396592617035,0.6527041792869568,0.33088988065719604,-0.0615558885037899,0.5976870059967041,0.3473852276802063,-0.07301173359155655,0.6115538477897644,0.3742741346359253,-0.07035386562347412,0.6306682229042053,0.3793506622314453,-0.06740161776542664,rock
0.7050473093986511,0.47551557421684265,-3.040734952719504e-07,0.7097073793411255,0.3852022886276245,-0.0037631746381521225,0.6790415048599243,0.30468595027923584,-0.018906528130173683,0.6190469861030579,0.26625776290893555,-0.03305673599243164,0.572850227355957,0.26813045144081116,-0.045559823513031006,0.6906912326812744,0.22758780419826508,-0.04079407826066017,0.5936164259910583,0.21041494607925415,-0.06165900453925133,0.5982154011726379,0.2548762559890747,-0.0666307732462883,0.6194345951080322,0.2700080871582031,-0.06869760900735855,0.6668733358383179,0.2722984850406647,-0.05034661665558815,0.5665396451950073,0.2631832957267761,-0.06968604773283005,0.5812376737594604,0.3044362962245941,-0.06426966190338135,0.6078968048095703,0.31729334592819214,-0.06047613173723221,0.6385223269462585,0.3238517940044403,-0.05900699645280838,0.562072217464447,0.33482301235198975,-0.07206994295120239,0.5811421871185303,0.3665182590484619,-0.059141892939805984,0.6064934134483337,0.3727185130119324,-0.05157769098877907,0.6089534759521484,0.3770304322242737,-0.06802795827388763,0.5611957311630249,0.38849884271621704,-0.07701170444488525,0.5791443586349487,0.4136243462562561,-0.06994038820266724,0.5987503528594971,0.4162803888320923,-0.06413964927196503,rock
0.6952323913574219,0.4862942099571228,-3.2654386927788437e-07,0.6987411379814148,0.39006614685058594,-0.0035424616653472185,0.6657547354698181,0.3002176582813263,-0.018883144482970238,0.6010960340499878,0.2590445578098297,-0.03267287090420723,0.5511056780815125,0.2618418037891388,-0.044571805745363235,0.6747865676879883,0.2302984595298767,-0.04732300713658333,0.5691527724266052,0.21417438983917236,-0.06863828748464584,0.5768944621086121,0.2616984248161316,-0.07142826914787292,0.6008063554763794,0.27777770161628723,-0.07150305807590485,0.648159384727478,0.279302179813385,-0.05712537467479706,0.5420627593994141,0.2717225253582001,-0.07617095857858658,0.5596388578414917,0.31341850757598877,-0.06817680597305298,0.5876525044441223,0.32494083046913147,-0.06288641691207886,0.6182557344436646,0.3332844376564026,-0.06563153862953186,0.5342445373535156,0.3402186334133148,-0.07876161485910416,0.5582305192947388,0.37469083070755005,-0.06428424268960953,0.5867129564285278,0.38006946444511414,-0.05608464404940605,0.5891021490097046,0.38939276337623596,-0.07432635128498077,0.5408669114112854,0.40283775329589844,-0.08460824191570282,0.5626139044761658,0.4295850396156311,-0.07783300429582596,0.5843353867530823,0.4301474392414093,-0.07213536649942398,rock
0.6122307777404785,0.4686037003993988,-3.016461391780467e-07,0.6104515790939331,0.37003982067108154,0.0034672333858907223,0.5698200464248657,0.28344348073005676,-0.010258976370096207,0.49399206042289734,0.2638084888458252,-0.023712586611509323,0.43805915117263794,0.28038257360458374,-0.03672698512673378,0.5762578845024109,0.21877646446228027,-0.04056708887219429,0.47494494915008545,0.21105067431926727,-0.05974101647734642,0.4876396358013153,0.2515847980976105,-0.06569547206163406,0.5124216079711914,0.2639513611793518,-0.06842224299907684,0.5470345616340637,0.2755328118801117,-0.05246496573090553,0.4500684142112732,0.2692096531391144,-0.06743200123310089,0.469888836145401,0.3045268654823303,-0.06165154278278351,0.49857428669929504,0.31711164116859436,-0.05868912488222122,0.5181431174278259,0.33266887068748474,-0.06183395907282829,0.4429256319999695,0.33556684851646423,-0.06824324280023575,0.46654263138771057,0.36468151211738586,-0.052223432809114456,0.49313023686408997,0.372174471616745,-0.04428481310606003,0.49067384004592896,0.3911019563674927,-0.07081553339958191,0.44731733202934265,0.3926917016506195,-0.07371200621128082,0.4695870280265808,0.41630303859710693,-0.06159713864326477,0.4900621473789215,0.4200165867805481,-0.05298788473010063,rock
0.4925048053264618,0.3617994487285614,-2.0174704218334227e-07,0.48359471559524536,0.26392868161201477,0.00484747439622879,0.445792019367218,0.19724693894386292,-0.0038815834559500217,0.38979053497314453,0.18943074345588684,-0.013441729359328747,0.3519948422908783,0.2173367291688919,-0.0227144043892622,0.4284195899963379,0.13404738903045654,-0.02468438446521759,0.3512827157974243,0.1534944474697113,-0.03347392752766609,0.36351636052131653,0.19005253911018372,-0.03440776467323303,0.38501855731010437,0.19911839067935944,-0.0350603424012661,0.4058493673801422,0.17950443923473358,-0.03461534157395363,0.33627867698669434,0.20683279633522034,-0.04120447486639023,0.35461878776550293,0.2375398725271225,-0.03649461269378662,0.3800629675388336,0.24474097788333893,-0.03470292314887047,0.385357141494751,0.23465336859226227,-0.04209890589118004,0.33540093898773193,0.26816555857658386,-0.04259268566966057,0.357039213180542,0.29138582944869995,-0.03318268433213234,0.3814263641834259,0.29269933700561523,-0.030368471518158913,0.3680829107761383,0.2921782433986664,-0.04949874430894852,0.3423280119895935,0.3170686364173889,-0.04991957172751427,0.3646489977836609,0.3348905146121979,-0.04322671890258789,0.38430991768836975,0.33370745182037354,-0.03877810761332512,rock
0.4038998782634735,0.3823416829109192,-2.6520731921664265e-07,0.3890945613384247,0.28541114926338196,0.017309749498963356,0.3543006479740143,0.22241711616516113,0.015082147903740406,0.31147295236587524,0.20626790821552277,0.010217936709523201,0.2796972692012787,0.2265048623085022,0.003789367154240608,0.3203895688056946,0.1749371588230133,-0.019456977024674416,0.2583690583705902,0.19571620225906372,-0.019511369988322258,0.27350181341171265,0.2239464521408081,-0.014842983335256577,0.2940806448459625,0.23277272284030914,-0.01225906889885664,0.2996143698692322,0.22393319010734558,-0.03254752606153488,0.2507130205631256,0.25041720271110535,-0.025336291640996933,0.26760923862457275,0.2760564982891083,-0.015448242425918579,0.2894596755504608,0.2828611433506012,-0.013290244154632092,0.2841334044933319,0.2822452783584595,-0.04135759547352791,0.2539573907852173,0.3065568506717682,-0.028915004804730415,0.2714363634586334,0.32473188638687134,-0.01628696545958519,0.291811466217041,0.32932770252227783,-0.014806833118200302,0.273057758808136,0.3430323302745819,-0.049151211977005005,0.2596958875656128,0.35399335622787476,-0.03855356574058533,0.27915146946907043,0.36888939142227173,-0.026133762672543526,0.2949638068675995,0.3730449974536896,-0.01966475322842598,rock
0.3780646026134491,0.4415448307991028,-5.753181540057994e-07,0.3383331000804901,0.36087775230407715,0.04909294843673706,0.2926618456840515,0.3196997344493866,0.05063207447528839,0.2439507395029068,0.31777629256248474,0.04036395624279976,0.21146702766418457,0.33867374062538147,0.028133613988757133,0.279154896736145,0.2464102804660797,0.011916063725948334,0.19778430461883545,0.28682631254196167,0.012337671592831612,0.2134273797273636,0.33269160985946655,0.017952902242541313,0.23170022666454315,0.3347434401512146,0.019511178135871887,0.27471286058425903,0.2719062864780426,-0.02162257954478264,0.1981302946805954,0.34078583121299744,-0.016687696799635887,0.22497563064098358,0.3745836615562439,-0.005218265112489462,0.2501789927482605,0.36806944012641907,-0.0030590943060815334,0.26993247866630554,0.315245121717453,-0.050025127828121185,0.2073608934879303,0.3854162096977234,-0.035198599100112915,0.23772642016410828,0.41487962007522583,-0.02199837937951088,0.26288720965385437,0.4030504822731018,-0.0242807287722826,0.2636983096599579,0.36036446690559387,-0.07553385943174362,0.22484996914863586,0.4221877157688141,-0.0658094510436058,0.24982021749019623,0.44346046447753906,-0.05937335640192032,0.2708247900009155,0.4333650469779968,-0.06031874567270279,rock
0.3395402729511261,0.4691210091114044,-6.125487743702251e-07,0.26231956481933594,0.43203991651535034,0.07493065297603607,0.2207157164812088,0.38817182183265686,0.0820358470082283,0.18400225043296814,0.36670905351638794,0.06997550278902054,0.16041210293769836,0.34753382205963135,0.05404316633939743,0.230754092335701,0.29133516550064087,0.038755305111408234,0.1553320288658142,0.3405739665031433,0.04277384653687477,0.17375995218753815,0.3846909999847412,0.049869440495967865,0.1932458132505417,0.385500431060791,0.05122637748718262,0.23655205965042114,0.2993094325065613,-0.011308294720947742,0.15326018631458282,0.36758947372436523,-0.0048468830063939095,0.18280136585235596,0.41070491075515747,0.006909836083650589,0.20884989202022552,0.40192854404449463,0.009533729404211044,0.23816311359405518,0.3264925479888916,-0.05521373823285103,0.16680097579956055,0.4026932120323181,-0.03922250494360924,0.2050400972366333,0.4398694932460785,-0.024176059290766716,0.23461292684078217,0.4228936433792114,-0.026630904525518417,0.23360702395439148,0.36127012968063354,-0.094340480864048,0.1914028525352478,0.4347991645336151,-0.08126293122768402,0.22051271796226501,0.4598424434661865,-0.0723385363817215,0.24513410031795502,0.4435451626777649,-0.0736619159579277,rock
0.3022454082965851,0.6384074687957764,-4.0990747152136464e-07,0.2251698225736618,0.6551463007926941,-0.0037931036204099655,0.1674526333808899,0.631660521030426,-0.009577751159667969,0.12853413820266724,0.5923699140548706,-0.020966816693544388,0.11849773675203323,0.5400928854942322,-0.028546081855893135,0.1753670871257782,0.5358771085739136,0.028865817934274673,0.12863585352897644,0.5375720858573914,0.005541190505027771,0.15178333222866058,0.5732191801071167,-0.009904648177325726,0.17826202511787415,0.574723482131958,-0.017652396112680435,0.18984384834766388,0.5130126476287842,0.019487662240862846,0.1351148784160614,0.523199737071991,-0.007401228416711092,0.16320979595184326,0.5676289796829224,-0.015068591572344303,0.19055402278900146,0.5601927042007446,-0.012251602485775948,0.20855098962783813,0.4991881549358368,0.004410697612911463,0.1555950939655304,0.5245416760444641,-0.022096991539001465,0.18307209014892578,0.571632444858551,-0.017539557069540024,0.2096959501504898,0.5626437664031982,-0.006616889964789152,0.2292489856481552,0.49659669399261475,-0.012048452161252499,0.1835402101278305,0.539466142654419,-0.028756720945239067,0.20202742516994476,0.5748254656791687,-0.025641130283474922,0.22661001980304718,0.5666081309318542,-0.018098704516887665,rock
0.2668054401874542,0.7260068655014038,-3.9891796177471406e-07,0.18654105067253113,0.7418950796127319,-0.003053020453080535,0.12700608372688293,0.7148689031600952,-0.006628378760069609,0.09457910060882568,0.6563048362731934,-0.016186745837330818,0.1008375808596611,0.5983388423919678,-0.022807683795690536,0.1431376338005066,0.6386771202087402,0.029287025332450867,0.10171490162611008,0.6185099482536316,0.0067549762316048145,0.12165075540542603,0.657767117023468,-0.00741909584030509,0.14687158167362213,0.6641534566879272,-0.013978604227304459,0.16314750909805298,0.6146748065948486,0.019991407170891762,0.11657735705375671,0.5935270190238953,-0.007437065709382296,0.14072665572166443,0.6424625515937805,-0.015522787347435951,0.16827373206615448,0.6421493887901306,-0.012438194826245308,0.18650560081005096,0.5949988961219788,0.005026266910135746,0.13896608352661133,0.5889139771461487,-0.022153427824378014,0.1615620255470276,0.6403464674949646,-0.01740875095129013,0.18856091797351837,0.6403290033340454,-0.00494922511279583,0.21489909291267395,0.5790655612945557,-0.010992465540766716,0.16743728518486023,0.5979273319244385,-0.025992969051003456,0.18071086704730988,0.6349080204963684,-0.02106102555990219,0.20583118498325348,0.6331241726875305,-0.012140422128140926,rock
0.18560026586055756,0.6707472205162048,-1.371641502601051e-07,0.15355390310287476,0.6849291324615479,-0.007135103456676006,0.12491559982299805,0.7021861672401428,-0.0179875697940588,0.11441344022750854,0.7219653725624084,-0.028449388220906258,0.11806220561265945,0.7424479126930237,-0.03858929127454758,0.0913190245628357,0.6761336922645569,-0.024427389726042747,0.09268257021903992,0.7382091879844666,-0.041055161505937576,0.1088881716132164,0.7431521415710449,-0.04820656403899193,0.11480788886547089,0.7306104898452759,-0.05204484611749649,0.10809941589832306,0.6702842712402344,-0.0302327498793602,0.11394835263490677,0.7340088486671448,-0.04705618694424629,0.13083264231681824,0.7378630638122559,-0.04845120385289192,0.13625039160251617,0.7232320308685303,-0.04853244498372078,0.13045965135097504,0.6715373992919922,-0.03681251406669617,0.13369692862033844,0.7247288227081299,-0.05406941846013069,0.15157946944236755,0.729239821434021,-0.05013829842209816,0.1575472503900528,0.7131003141403198,-0.04581949859857559,0.15424783527851105,0.6759554743766785,-0.04388486593961716,0.15810194611549377,0.7144407629966736,-0.05890901759266853,0.1717969924211502,0.7177189588546753,-0.05804329738020897,0.17725174129009247,0.7024397253990173,-0.055113136768341064,rock
0.28892236948013306,0.8673845529556274,-6.246355610528553e-07,0.20802585780620575,0.8568810224533081,0.0010925569804385304,0.1637214571237564,0.8161100745201111,-0.00867360457777977,0.12948359549045563,0.7817423343658447,-0.02263474650681019,0.10705560445785522,0.7433584928512573,-0.031032351776957512,0.21689186990261078,0.6651826500892639,0.008043915033340454,0.12337914109230042,0.700552225112915,-0.0186567772179842,0.13555356860160828,0.7567289471626282,-0.03341999277472496,0.16213838756084442,0.7678819894790649,-0.041732266545295715,0.2257191389799118,0.6579987406730652,-0.006922832690179348,0.11598382145166397,0.719128429889679,-0.035455867648124695,0.1382715404033661,0.7788981795310974,-0.039929311722517014,0.1706932932138443,0.7766343951225281,-0.03958148509263992,0.2284681499004364,0.6731241941452026,-0.02538720704615116,0.1292685866355896,0.7469596266746521,-0.04735622555017471,0.1566724181175232,0.803196907043457,-0.03597007319331169,0.18673527240753174,0.7948103547096252,-0.027416158467531204,0.22721655666828156,0.704395592212677,-0.04584430158138275,0.1595921665430069,0.7782717943191528,-0.06492771208286285,0.18050555884838104,0.8163399696350098,-0.06409713625907898,0.20691537857055664,0.8034931421279907,-0.060681261122226715,rock
0.3408326506614685,0.8727442026138306,-6.377443924066029e-07,0.2556615471839905,0.8536000847816467,0.0047881463542580605,0.2141689509153366,0.8078964352607727,-0.004824881907552481,0.18266625702381134,0.7684009075164795,-0.019175298511981964,0.16421686112880707,0.7365567684173584,-0.02860982157289982,0.258571058511734,0.6559086441993713,0.0037060535978525877,0.15124860405921936,0.6929636001586914,-0.02685866504907608,0.16224205493927002,0.7491732835769653,-0.04439482092857361,0.18972325325012207,0.7616622447967529,-0.05310412123799324,0.26731908321380615,0.6571266651153564,-0.012662104330956936,0.15000727772712708,0.7164723873138428,-0.04139119014143944,0.17165037989616394,0.7738162279129028,-0.045119624584913254,0.20212648808956146,0.775204598903656,-0.04421195015311241,0.2691960036754608,0.6819133758544922,-0.03200092539191246,0.16653935611248016,0.761579692363739,-0.053381286561489105,0.194889098405838,0.8119329810142517,-0.04198555275797844,0.2247752696275711,0.8016502261161804,-0.03302686661481857,0.26618197560310364,0.7232785820960999,-0.05275322124361992,0.19384700059890747,0.7978598475456238,-0.06770157814025879,0.21630185842514038,0.8331565856933594,-0.06378336995840073,0.24302218854427338,0.8210201859474182,-0.058374352753162384,rock
0.40021950006484985,0.8567960858345032,-5.819360353598313e-07,0.32063883543014526,0.8215591907501221,0.004461120814085007,0.28777092695236206,0.7607913017272949,-0.0028343554586172104,0.2671315670013428,0.7139974236488342,-0.014713226817548275,0.2567981779575348,0.677198588848114,-0.023347819223999977,0.3407405614852905,0.6311947703361511,0.003834708360955119,0.24222147464752197,0.6658706665039062,-0.020865848287940025,0.24388380348682404,0.7160415649414062,-0.03614313527941704,0.26538315415382385,0.7319519519805908,-0.044895000755786896,0.347525417804718,0.6322604417800903,-0.01179300993680954,0.2341366708278656,0.6796641945838928,-0.037160445004701614,0.24529901146888733,0.7365373969078064,-0.04241000488400459,0.27303212881088257,0.7487425804138184,-0.043420832604169846,0.3478606045246124,0.6551218032836914,-0.029572511091828346,0.24456602334976196,0.7184244394302368,-0.04769628867506981,0.26206159591674805,0.7701529860496521,-0.038076113909482956,0.2892121970653534,0.772890031337738,-0.03149689361453056,0.34285932779312134,0.6940339207649231,-0.048987798392772675,0.2693597674369812,0.7538818120956421,-0.06404038518667221,0.28435251116752625,0.7897798418998718,-0.06179983541369438,0.31004196405410767,0.785895824432373,-0.058141060173511505,rock
0.49989867210388184,0.8311357498168945,-6.041572646608984e-07,0.41931721568107605,0.7834358215332031,-0.003285221289843321,0.38020315766334534,0.717154860496521,-0.014218893833458424,0.35187187790870667,0.6680709719657898,-0.028339378535747528,0.33578312397003174,0.6303339004516602,-0.03816770017147064,0.4561539888381958,0.5838536620140076,0.0006894339458085597,0.36216846108436584,0.6006519198417664,-0.02803122252225876,0.36379754543304443,0.6573173999786377,-0.045765120536088943,0.38599929213523865,0.6698654890060425,-0.056261174380779266,0.47086191177368164,0.5872986316680908,-0.012184574268758297,0.36154669523239136,0.6214816570281982,-0.04253354296088219,0.37111198902130127,0.6853470206260681,-0.04849252477288246,0.40023091435432434,0.6928390264511108,-0.048634741455316544,0.4748246967792511,0.6134222745895386,-0.02838628925383091,0.3748358488082886,0.6673082113265991,-0.05187412351369858,0.3894630968570709,0.7237153649330139,-0.041557036340236664,0.41774678230285645,0.724020779132843,-0.032505303621292114,0.46923911571502686,0.6517485976219177,-0.04677591100335121,0.39377281069755554,0.7080325484275818,-0.06509880721569061,0.4059278964996338,0.7473962903022766,-0.06302256137132645,0.43237680196762085,0.7421475648880005,-0.05816493555903435,rock
0.6159548163414001,0.8174136877059937,-4.99312818647013e-07,0.552072286605835,0.7493495345115662,0.0014916168292984366,0.5142775774002075,0.6856816411018372,-0.012911024503409863,0.491580069065094,0.6348091959953308,-0.03303765878081322,0.5014104843139648,0.5970130562782288,-0.04797741770744324,0.5892078876495361,0.5775119066238403,0.003844799008220434,0.5170561075210571,0.5680287480354309,-0.02341379038989544,0.5215709209442139,0.6261352300643921,-0.03574661165475845,0.5429784655570984,0.6315760016441345,-0.042774636298418045,0.6110439300537109,0.5891743302345276,-0.013344603590667248,0.5219511389732361,0.5942934155464172,-0.04236755520105362,0.5311782956123352,0.6551761031150818,-0.0416862852871418,0.5593876242637634,0.6553909182548523,-0.036495041102170944,0.6199421286582947,0.6192920804023743,-0.034191571176052094,0.5365118980407715,0.6358541250228882,-0.05645235627889633,0.5437478423118591,0.6899227499961853,-0.04302803799510002,0.5715495347976685,0.6880937814712524,-0.03131904453039169,0.6178559064865112,0.6566178202629089,-0.05657689645886421,0.553918182849884,0.6783398985862732,-0.06843720376491547,0.5548543334007263,0.7105172872543335,-0.06263285130262375,0.5765082836151123,0.7101947665214539,-0.055958185344934464,rock
0.6452824473381042,0.849091649055481,-4.746377442188532e-07,0.5771089196205139,0.7853970527648926,-0.0047154612839221954,0.5413211584091187,0.7138927578926086,-0.016607895493507385,0.5194312334060669,0.6621119976043701,-0.03257758170366287,0.5196824669837952,0.6232101321220398,-0.04322798550128937,0.6110100150108337,0.603837788105011,0.00657612644135952,0.5443825721740723,0.5973783135414124,-0.02138696424663067,0.5508041381835938,0.653407096862793,-0.03557407855987549,0.5730792284011841,0.656522274017334,-0.043313369154930115,0.6337986588478088,0.6149229407310486,-0.006371176335960627,0.5513252019882202,0.6236761808395386,-0.034584470093250275,0.5593679547309875,0.6812011003494263,-0.03587902709841728,0.5846531391143799,0.6792429685592651,-0.03176192566752434,0.6446792483329773,0.6461087465286255,-0.02411363273859024,0.5641438961029053,0.6688153743743896,-0.048098668456077576,0.570111870765686,0.7215963006019592,-0.03790992125868797,0.5954505801200867,0.7161082625389099,-0.027424072846770287,0.6441553235054016,0.6849370002746582,-0.04380219802260399,0.5786657333374023,0.7158610224723816,-0.055848222225904465,0.582231342792511,0.7493533492088318,-0.050906334072351456,0.6050816178321838,0.7448963522911072,-0.04454491659998894,rock
0.6820974946022034,0.8814237117767334,-4.334422953888861e-07,0.6175975799560547,0.8097844123840332,-0.008202334865927696,0.5779039859771729,0.7323147654533386,-0.022554604336619377,0.5539347529411316,0.6766415238380432,-0.04010822996497154,0.5705677270889282,0.655363142490387,-0.05173896253108978,0.6572263240814209,0.6234841346740723,0.0003632655425462872,0.5820103287696838,0.6271237134933472,-0.028827881440520287,0.5886739492416382,0.6879629492759705,-0.04387933015823364,0.6121167540550232,0.6898452043533325,-0.05258270353078842,0.6824432611465454,0.6383218765258789,-0.012529744766652584,0.5924602150917053,0.6590828895568848,-0.04101847857236862,0.6017925143241882,0.7172716856002808,-0.04189123585820198,0.6301572918891907,0.7130299806594849,-0.037743035703897476,0.6939866542816162,0.6759931445121765,-0.03032882884144783,0.6101934313774109,0.701358437538147,-0.05489133298397064,0.6146261692047119,0.7526885271072388,-0.04445258900523186,0.6422954201698303,0.7480273842811584,-0.03351597487926483,0.6938378810882568,0.7215141654014587,-0.05051395669579506,0.6302382349967957,0.7475618720054626,-0.06393412500619888,0.6289272904396057,0.7770203351974487,-0.06000727042555809,0.6492456793785095,0.775689423084259,-0.05385620892047882,rock
0.7514996528625488,0.8511852025985718,-4.5011685756435327e-07,0.6890666484832764,0.774361252784729,-0.007532409392297268,0.6546491384506226,0.6959449052810669,-0.018973425030708313,0.6361042261123657,0.6401956677436829,-0.03346964344382286,0.6517853140830994,0.6103882789611816,-0.04185408353805542,0.7332220077514648,0.5961649417877197,0.003687846940010786,0.6641789674758911,0.5819582343101501,-0.024830544367432594,0.6647801399230957,0.6393102407455444,-0.042164091020822525,0.686251699924469,0.6480981707572937,-0.052919745445251465,0.7597522735595703,0.6100771427154541,-0.008054222911596298,0.6734212636947632,0.6127634644508362,-0.03587251901626587,0.6772796511650085,0.6696491241455078,-0.03947174921631813,0.7048072814941406,0.6725190877914429,-0.03768610581755638,0.7739602327346802,0.6440598368644714,-0.024700360372662544,0.6906073689460754,0.6572034955024719,-0.04771282151341438,0.6907545328140259,0.7061140537261963,-0.03817402943968773,0.7162767052650452,0.7055877447128296,-0.028365639969706535,0.7752392292022705,0.6874070763587952,-0.043894797563552856,0.7078467607498169,0.7082839012145996,-0.056522443890571594,0.704136312007904,0.7356343269348145,-0.05263882130384445,0.7231299877166748,0.7346363067626953,-0.046889010816812515,rock
0.7554816007614136,0.7126727104187012,-4.5319214336814184e-07,0.6965442895889282,0.6427176594734192,-0.004607360810041428,0.6685135364532471,0.5718702077865601,-0.011784691363573074,0.6591042876243591,0.5193674564361572,-0.022806786000728607,0.6775920987129211,0.48798882961273193,-0.02822241000831127,0.7464842796325684,0.4961337149143219,0.013733524829149246,0.6878362894058228,0.4801691770553589,-0.011236260645091534,0.6866099834442139,0.5375738143920898,-0.02618696354329586,0.7064874768257141,0.5486726760864258,-0.0355968102812767,0.7697213888168335,0.5011226534843445,0.0023181268479675055,0.6978713870048523,0.4932175278663635,-0.027012253180146217,0.6978551149368286,0.5551535487174988,-0.0312225129455328,0.7249322533607483,0.5630466938018799,-0.02832905948162079,0.7834900617599487,0.5211362838745117,-0.01395215280354023,0.7110018730163574,0.5197198987007141,-0.039823926985263824,0.7096423506736755,0.578105628490448,-0.029184728860855103,0.7356309294700623,0.5850364565849304,-0.01694576069712639,0.7871909141540527,0.5506227016448975,-0.03232531249523163,0.7241501212120056,0.5621026158332825,-0.04994357377290726,0.7227030992507935,0.6000490188598633,-0.04608282819390297,0.7462713718414307,0.6056526899337769,-0.03881612420082092,rock
0.7588876485824585,0.5924720764160156,-4.14397675285727e-07,0.6991621851921082,0.5269500017166138,8.234697475018038e-07,0.6743539571762085,0.4596652388572693,-0.0031959624029695988,0.6697537302970886,0.40503761172294617,-0.01220016274601221,0.68868088722229,0.3701297640800476,-0.016649648547172546,0.7324161529541016,0.39568406343460083,0.024532968178391457,0.697581946849823,0.36059659719467163,0.0027243047952651978,0.6921840906143188,0.41282206773757935,-0.00959007441997528,0.7069656848907471,0.42898938059806824,-0.01591554470360279,0.7545589208602905,0.39955759048461914,0.013020182959735394,0.7102001309394836,0.36915114521980286,-0.013234852813184261,0.7056810855865479,0.4289020597934723,-0.017311234027147293,0.7280857563018799,0.44115495681762695,-0.012749237939715385,0.7750114798545837,0.41196346282958984,-0.003395139705389738,0.7235791087150574,0.39546847343444824,-0.026641443371772766,0.7190816402435303,0.452409565448761,-0.017055125907063484,0.7412899732589722,0.46334829926490784,-0.004053308628499508,0.7903132438659668,0.434057354927063,-0.021257786080241203,0.7407960891723633,0.43033403158187866,-0.03293940797448158,0.735973060131073,0.4673296809196472,-0.02579452469944954,0.7560468316078186,0.4772714674472809,-0.016362909227609634,rock
0.7590545415878296,0.5229743719100952,-4.2810620470845606e-07,0.6974495649337769,0.44944655895233154,0.01593761518597603,0.673671543598175,0.38703885674476624,0.015831103548407555,0.6684641242027283,0.3368552327156067,0.00573915708810091,0.6871209144592285,0.2983804941177368,-0.00015801069093868136,0.7475236654281616,0.3245340585708618,0.047077812254428864,0.7001347541809082,0.29843688011169434,0.025992216542363167,0.6961324214935303,0.3496738076210022,0.010869136080145836,0.7153622508049011,0.36335331201553345,0.002037809230387211,0.7673444747924805,0.328119695186615,0.025196081027388573,0.7067597508430481,0.3030339777469635,-0.00021499705326277763,0.7031514048576355,0.3630312383174896,-0.006432210095226765,0.7324040532112122,0.37581896781921387,-0.004441407509148121,0.7817254662513733,0.3385465741157532,-0.001546757761389017,0.7190808653831482,0.3205487132072449,-0.0220875795930624,0.7141029834747314,0.38164612650871277,-0.011642169207334518,0.7428070902824402,0.39270907640457153,-3.36436387442518e-05,0.7919444441795349,0.3567725419998169,-0.02908327244222164,0.7367004156112671,0.35056638717651367,-0.03936628997325897,0.7316133379936218,0.39113619923591614,-0.03218793869018555,0.7562243938446045,0.402294784784317,-0.023623010143637657,rock
0.7579959034919739,0.4909612536430359,-3.8283215531009773e-07,0.6988033652305603,0.43026867508888245,0.0026639201678335667,0.6748080849647522,0.3675300180912018,0.0007501677609980106,0.670191764831543,0.31582820415496826,-0.007248934358358383,0.6884509921073914,0.2786107063293457,-0.01050514355301857,0.7366502285003662,0.3161388337612152,0.028762582689523697,0.7064675092697144,0.27453404664993286,0.00638989731669426,0.7015852332115173,0.31987208127975464,-0.007786428090184927,0.7174210548400879,0.33915820717811584,-0.015424834564328194,0.7549174427986145,0.3174936771392822,0.016723573207855225,0.7122398614883423,0.2793392241001129,-0.01164496224373579,0.7097157835960388,0.33506104350090027,-0.018818333745002747,0.7354571223258972,0.35103046894073486,-0.0159261804074049,0.772316038608551,0.32309243083000183,-0.00015453364176210016,0.7232362627983093,0.2942214608192444,-0.024785298854112625,0.7193461656570435,0.3515005111694336,-0.017560694366693497,0.7448506951332092,0.36721110343933105,-0.005680770147591829,0.7872752547264099,0.3362947106361389,-0.018198303878307343,0.7370548248291016,0.3266955316066742,-0.033640798181295395,0.7339338064193726,0.36519598960876465,-0.029944734647870064,0.7571190595626831,0.3791293203830719,-0.022141380235552788,rock
0.7590963840484619,0.42695993185043335,-4.0832506442711747e-07,0.7026200294494629,0.3579643964767456,0.007410996127873659,0.67965167760849,0.2916603982448578,0.004697352647781372,0.6746652126312256,0.23495611548423767,-0.005889782216399908,0.6973226070404053,0.198520690202713,-0.012539329938590527,0.7490336298942566,0.23009370267391205,0.03725988417863846,0.7067741751670837,0.2004513293504715,0.013875247910618782,0.7041977047920227,0.24935442209243774,-0.0018852620851248503,0.7229284644126892,0.268104612827301,-0.010271006263792515,0.7702499628067017,0.22950179874897003,0.021333103999495506,0.7159736752510071,0.20162974298000336,-0.005484122782945633,0.7140797972679138,0.2596597969532013,-0.012261471711099148,0.7395943403244019,0.27550962567329407,-0.009343636222183704,0.7870962023735046,0.23734620213508606,0.0003046831116080284,0.7275530099868774,0.21799764037132263,-0.022869059816002846,0.7252450585365295,0.2791236937046051,-0.01565534807741642,0.751341700553894,0.2927994430065155,-0.004443795885890722,0.7991288900375366,0.25461262464523315,-0.021668249741196632,0.7408259510993958,0.25168147683143616,-0.0351959690451622,0.7402514219284058,0.29414448142051697,-0.03110290691256523,0.7659768462181091,0.3058435618877411,-0.02352464199066162,rock
0.7031694054603577,0.38326069712638855,-5.031068326388777e-07,0.654071033000946,0.3261687457561493,-0.0019139971118420362,0.6342774033546448,0.2661554515361786,-0.00761478953063488,0.62954181432724,0.21660935878753662,-0.01867985725402832,0.6450178623199463,0.18187934160232544,-0.024875860661268234,0.7047572135925293,0.195547953248024,0.022919325157999992,0.6715558767318726,0.16148725152015686,-0.0022747754119336605,0.6565971374511719,0.20554763078689575,-0.01781756803393364,0.6654812097549438,0.23295849561691284,-0.025317257270216942,0.7227298617362976,0.19819045066833496,0.011534338817000389,0.6699530482292175,0.17115923762321472,-0.018714243546128273,0.659635603427887,0.22548054158687592,-0.024899691343307495,0.6820149421691895,0.24729807674884796,-0.021161392331123352,0.7369816303253174,0.20953108370304108,-0.005273933056741953,0.6827378273010254,0.19248263537883759,-0.03155537322163582,0.6737751364707947,0.24333125352859497,-0.023156816139817238,0.6950417160987854,0.26156723499298096,-0.010387895628809929,0.7457734942436218,0.22982332110404968,-0.023914512246847153,0.6986345052719116,0.21728515625,-0.03904574736952782,0.688656747341156,0.25262677669525146,-0.0338297076523304,0.7045111656188965,0.27108877897262573,-0.02483595721423626,rock
0.6222676634788513,0.38032084703445435,-5.184858764550881e-07,0.5694868564605713,0.3244818449020386,-0.0022851189132779837,0.551338791847229,0.2719636559486389,-0.009756626561284065,0.5411533117294312,0.23004062473773956,-0.021385380998253822,0.5443522334098816,0.19323274493217468,-0.027929022908210754,0.6300288438796997,0.18032696843147278,0.017768431454896927,0.5682728290557861,0.16467708349227905,-0.009436107240617275,0.5610140562057495,0.21265417337417603,-0.028319433331489563,0.5769056677818298,0.23941951990127563,-0.037846099585294724,0.6439528465270996,0.18135103583335876,0.00668436661362648,0.5634589195251465,0.1741112917661667,-0.02257857844233513,0.5615853667259216,0.230347141623497,-0.030256660655140877,0.5857406258583069,0.24867282807826996,-0.029066624119877815,0.6493723392486572,0.19223089516162872,-0.009123902767896652,0.5708494782447815,0.19286873936653137,-0.032590821385383606,0.5704876780509949,0.24533310532569885,-0.02486029453575611,0.5928629636764526,0.26022887229919434,-0.01451319269835949,0.645754873752594,0.21198242902755737,-0.0271124467253685,0.5826017260551453,0.21795766055583954,-0.04254414141178131,0.5807268619537354,0.2554984390735626,-0.03943278267979622,0.5993447303771973,0.2704470157623291,-0.032115112990140915,rock
0.17995192110538483,0.5537014007568359,-2.668638501290843e-07,0.25517284870147705,0.47062188386917114,-0.02257087640464306,0.2897094786167145,0.3910776674747467,-0.04635688289999962,0.29972392320632935,0.32755690813064575,-0.06992102414369583,0.2759220004081726,0.2824457287788391,-0.0847868099808693,0.16298766434192657,0.23390011489391327,-0.027096688747406006,0.2557428181171417,0.21404406428337097,-0.06576161831617355,0.27456578612327576,0.2831701636314392,-0.08262520283460617,0.25982674956321716,0.31131434440612793,-0.09219098836183548,0.129012793302536,0.24939431250095367,-0.03771475329995155,0.244828000664711,0.25178635120391846,-0.07473509758710861,0.2570595145225525,0.32953929901123047,-0.07918441295623779,0.23481355607509613,0.3427073359489441,-0.0783022940158844,0.11881347000598907,0.29382839798927307,-0.053211238235235214,0.23900358378887177,0.32322797179222107,-0.08457689732313156,0.24516750872135162,0.3846673369407654,-0.07678782939910889,0.21933740377426147,0.3881741762161255,-0.06960694491863251,0.12705889344215393,0.353458434343338,-0.0722619891166687,0.2334401160478592,0.3941103518009186,-0.09335040301084518,0.24152500927448273,0.4349972903728485,-0.09328456223011017,0.22056065499782562,0.435780793428421,-0.09095590561628342,rock
0.16018003225326538,0.5764690637588501,-2.963643055409193e-07,0.24056994915008545,0.5036026835441589,-0.01934696175158024,0.2851455807685852,0.41886579990386963,-0.04094422981142998,0.30007314682006836,0.34781041741371155,-0.06309455633163452,0.2809785306453705,0.29088476300239563,-0.07651357352733612,0.1776832640171051,0.2535247206687927,-0.01861916109919548,0.26255103945732117,0.23767316341400146,-0.057162635028362274,0.2767300605773926,0.314247727394104,-0.0745394304394722,0.2610476315021515,0.3386223018169403,-0.08496881276369095,0.13912451267242432,0.2598814368247986,-0.03106531873345375,0.24861100316047668,0.262254536151886,-0.07049877941608429,0.25771617889404297,0.3507124185562134,-0.0762859657406807,0.2355855405330658,0.3640338182449341,-0.0750424936413765,0.12117782235145569,0.29786860942840576,-0.04856037721037865,0.23791079223155975,0.3344883322715759,-0.0822577103972435,0.24196593463420868,0.4044298231601715,-0.07418014109134674,0.2149353325366974,0.40525487065315247,-0.06570640951395035,0.12155010551214218,0.3534795045852661,-0.06925389915704727,0.226284459233284,0.40264466404914856,-0.09093599766492844,0.23264028131961823,0.4482090175151825,-0.09019245207309723,0.20910006761550903,0.4452894628047943,-0.08710503578186035,rock
0.2682567536830902,0.4629533290863037,-5.199873385208775e-07,0.3607928156852722,0.40162214636802673,-0.01642174832522869,0.4099161624908447,0.3182709813117981,-0.0327342264354229,0.4297179579734802,0.24918752908706665,-0.05040657892823219,0.4263761043548584,0.18218861520290375,-0.05958273634314537,0.32470351457595825,0.1557096242904663,-0.0062004076316952705,0.4140316843986511,0.16351890563964844,-0.04376750811934471,0.4110206961631775,0.2388334423303604,-0.06353944540023804,0.3802580237388611,0.25793835520744324,-0.07539746165275574,0.2932908236980438,0.14933538436889648,-0.018029779195785522,0.4030120074748993,0.1725456863641739,-0.0539587177336216,0.397320032119751,0.2519197165966034,-0.061980366706848145,0.3681403398513794,0.26181313395500183,-0.06259777396917343,0.27399253845214844,0.17493334412574768,-0.03541780263185501,0.3814548850059509,0.22792094945907593,-0.06755269318819046,0.3765439987182617,0.29750052094459534,-0.06236129254102707,0.34795081615448,0.297281414270401,-0.05507828667759895,0.2692299783229828,0.22089917957782745,-0.05575719475746155,0.36080095171928406,0.2809496223926544,-0.07580459862947464,0.35677629709243774,0.329956591129303,-0.07524491101503372,0.32911351323127747,0.32687023282051086,-0.07210442423820496,rock
0.4193980097770691,0.3574901223182678,6.710283173561038e-08,0.485578715801239,0.3709225654602051,-0.04439118504524231,0.530966579914093,0.3135837912559509,-0.07355259358882904,0.5552613735198975,0.24327915906906128,-0.0955001562833786,0.5650844573974609,0.1823263168334961,-0.10959416627883911,0.4812590777873993,0.15336726605892181,-0.06904663145542145,0.5366619825363159,0.1806844025850296,-0.11821731179952621,0.5366691946983337,0.2455505132675171,-0.1342238485813141,0.519416868686676,0.26277148723602295,-0.14034754037857056,0.4479580521583557,0.13518518209457397,-0.06719648838043213,0.5280340313911438,0.19070538878440857,-0.12258337438106537,0.5168151259422302,0.27171117067337036,-0.1292290836572647,0.49117791652679443,0.27275964617729187,-0.12606120109558105,0.4263463616371155,0.15477636456489563,-0.06994117051362991,0.503583550453186,0.22439521551132202,-0.12396267801523209,0.4901944100856781,0.2993023097515106,-0.11218756437301636,0.4591671824455261,0.29349595308303833,-0.0962887853384018,0.408770889043808,0.1899089515209198,-0.07559289783239365,0.4807455539703369,0.2612285315990448,-0.11392246186733246,0.47037744522094727,0.31408071517944336,-0.11004319041967392,0.44137656688690186,0.31003880500793457,-0.10137622803449631,rock
0.45217493176460266,0.42479103803634644,-4.9202037644136e-07,0.5384148955345154,0.40929800271987915,-0.024451909586787224,0.6093433499336243,0.3079819679260254,-0.03334680572152138,0.6241136193275452,0.20255888998508453,-0.0414205901324749,0.6195119619369507,0.12406452000141144,-0.041443824768066406,0.5865222215652466,0.18878793716430664,-0.009128193370997906,0.6367045044898987,0.15531989932060242,-0.04015359655022621,0.6223496794700623,0.23649050295352936,-0.05205487832427025,0.5934993624687195,0.25204232335090637,-0.05799764767289162,0.5393416881561279,0.16947755217552185,-0.01328556053340435,0.5902074575424194,0.14285403490066528,-0.04663233458995819,0.5803897380828857,0.2368840128183365,-0.05317716673016548,0.5539478659629822,0.2423648238182068,-0.052766524255275726,0.49782902002334595,0.17215397953987122,-0.02325635962188244,0.5554277300834656,0.16853943467140198,-0.06411204487085342,0.5498055815696716,0.25984203815460205,-0.057483505457639694,0.5231688618659973,0.2612656354904175,-0.04626358300447464,0.460591197013855,0.1909794807434082,-0.03466732054948807,0.5256574153900146,0.21244174242019653,-0.06565205007791519,0.5188592672348022,0.27177783846855164,-0.06210264191031456,0.4884457588195801,0.2656155526638031,-0.05448326840996742,rock
0.6233580112457275,0.4627634286880493,-4.815477723241202e-07,0.712137758731842,0.4517167806625366,-0.021126501262187958,0.7920060753822327,0.36202266812324524,-0.029881540685892105,0.8292347192764282,0.26463842391967773,-0.039369139820337296,0.8398640155792236,0.18078838288784027,-0.042376648634672165,0.7697814702987671,0.2328045815229416,0.00017901536193676293,0.8358662128448486,0.2379787564277649,-0.0320381224155426,0.8069016933441162,0.30765125155448914,-0.0468839630484581,0.7762473225593567,0.3056814968585968,-0.055008143186569214,0.7292728424072266,0.20676113665103912,-0.005127797834575176,0.8031253814697266,0.21448956429958344,-0.0410357229411602,0.7704291343688965,0.3026619553565979,-0.04840835556387901,0.7430245876312256,0.29852041602134705,-0.046607352793216705,0.6956233978271484,0.20353230834007263,-0.016567613929510117,0.7719118595123291,0.22851671278476715,-0.05540725216269493,0.7434577345848083,0.31046804785728455,-0.04895593598484993,0.7132752537727356,0.3040020763874054,-0.03698630630970001,0.6673180460929871,0.21720728278160095,-0.02969229966402054,0.740428626537323,0.2561826705932617,-0.05416271090507507,0.7205485105514526,0.3084612488746643,-0.04995064437389374,0.6896474361419678,0.2987750172615051,-0.04225057736039162,rock
0.6089712381362915,0.49959391355514526,-4.801586896974186e-07,0.6833047866821289,0.5226110219955444,-0.021232452243566513,0.7719558477401733,0.474601149559021,-0.03160078078508377,0.8211046457290649,0.406554639339447,-0.04314006119966507,0.8560870885848999,0.34335631132125854,-0.04733964055776596,0.7977198362350464,0.32780927419662476,-0.010982790030539036,0.8576374650001526,0.3239482343196869,-0.04393613710999489,0.8283563256263733,0.3907693028450012,-0.055431172251701355,0.7990946173667908,0.4036293923854828,-0.059329643845558167,0.7612659931182861,0.29423898458480835,-0.017104793339967728,0.8220025300979614,0.32059526443481445,-0.054392606019973755,0.7844483852386475,0.4010472595691681,-0.06120651215314865,0.7548050284385681,0.4035564661026001,-0.05865785852074623,0.7238174676895142,0.2848721742630005,-0.02866867184638977,0.779800534248352,0.32957011461257935,-0.06834633648395538,0.7464183568954468,0.4056076109409332,-0.06086565554141998,0.7187281847000122,0.404270201921463,-0.04807833209633827,0.6857690811157227,0.29482588171958923,-0.04193027690052986,0.7419670224189758,0.3517113924026489,-0.06878068298101425,0.7182972431182861,0.40081918239593506,-0.06355809420347214,0.6918839812278748,0.390372097492218,-0.05425829812884331,rock
0.47323793172836304,0.6227839589118958,-4.63014458773614e-07,0.5365451574325562,0.6624341607093811,-0.028746234253048897,0.6298019289970398,0.6524299383163452,-0.033168669790029526,0.6786394119262695,0.5618196129798889,-0.03631022199988365,0.6916761994361877,0.4859241247177124,-0.030499396845698357,0.6609241962432861,0.618604302406311,0.01435347180813551,0.7207343578338623,0.5977681875228882,-0.017433471977710724,0.671209990978241,0.6246082186698914,-0.03222037851810455,0.648033857345581,0.6236866116523743,-0.03746509179472923,0.635739803314209,0.5648005604743958,0.015717830508947372,0.6848844289779663,0.5374183058738708,-0.019553957507014275,0.6299861073493958,0.587369441986084,-0.0300959013402462,0.6178447604179382,0.5826905369758606,-0.028066370636224747,0.6039926409721375,0.5225857496261597,0.00887402892112732,0.6478444933891296,0.5040265917778015,-0.03510654717683792,0.5974939465522766,0.564357340335846,-0.030475759878754616,0.5861465930938721,0.5567982196807861,-0.015501080080866814,0.5677096843719482,0.4811238944530487,0.0006282057147473097,0.6042438745498657,0.48983192443847656,-0.025848880410194397,0.5742968916893005,0.5328010320663452,-0.01773832179605961,0.5626319050788879,0.5229097604751587,-0.004964481573551893,rock
0.19833596050739288,0.8290510177612305,-2.478356861956854e-07,0.26354119181632996,0.835877537727356,-0.02378356270492077,0.3370833098888397,0.8145061731338501,-0.050123412162065506,0.35396480560302734,0.7612619996070862,-0.07599509507417679,0.3134559988975525,0.7089822888374329,-0.09714531153440475,0.3638007938861847,0.6083604097366333,-0.03432070463895798,0.4103187322616577,0.630043089389801,-0.08310879021883011,0.39109331369400024,0.6974671483039856,-0.11328800022602081,0.366028368473053,0.7271096110343933,-0.1298144906759262,0.30850815773010254,0.5680649280548096,-0.04611751437187195,0.3419463038444519,0.623828113079071,-0.08593487739562988,0.32417726516723633,0.7008043527603149,-0.10063516348600388,0.30766552686691284,0.715007483959198,-0.10704350471496582,0.24682873487472534,0.5725716352462769,-0.0624331496655941,0.2645776867866516,0.6780571937561035,-0.0945839062333107,0.2531207799911499,0.7394527792930603,-0.09099205583333969,0.24297355115413666,0.7298297882080078,-0.08692927658557892,0.18859556317329407,0.6059367060661316,-0.08193692564964294,0.2030489444732666,0.7174167633056641,-0.1009070873260498,0.19727396965026855,0.7615100741386414,-0.09673015028238297,0.1895686388015747,0.7408937215805054,-0.09156697988510132,rock
0.2608129382133484,0.893469512462616,3.284940817138704e-07,0.2424299120903015,0.8233923316001892,-0.019276568666100502,0.25581586360931396,0.7582262754440308,-0.033304646611213684,0.2867562770843506,0.7156744003295898,-0.042646680027246475,0.3043401837348938,0.6780712008476257,-0.05083240941166878,0.29177126288414,0.7529087066650391,-0.04135074466466904,0.3348262906074524,0.6999828219413757,-0.06016526371240616,0.34937548637390137,0.6723982095718384,-0.06928101181983948,0.3557244539260864,0.6514714360237122,-0.07285609841346741,0.3251504898071289,0.7964173555374146,-0.040031835436820984,0.38526007533073425,0.747873067855835,-0.053077332675457,0.4159570634365082,0.7178267240524292,-0.05901169404387474,0.4372888207435608,0.6910741925239563,-0.0629478469491005,0.3486545979976654,0.8370129466056824,-0.03914250433444977,0.4036419093608856,0.792621374130249,-0.051719021052122116,0.42932239174842834,0.7576194405555725,-0.054852861911058426,0.4443429708480835,0.7279642820358276,-0.05573997274041176,0.36604398488998413,0.8688644766807556,-0.03880088031291962,0.4012533724308014,0.8240865468978882,-0.047725412994623184,0.4142836928367615,0.7905943393707275,-0.04671685770153999,0.4188767671585083,0.7628728747367859,-0.04433239623904228,rock
0.5420616865158081,0.9169854521751404,1.2052868214595946e-07,0.5813989639282227,0.8148866295814514,-0.018773142248392105,0.6469287276268005,0.7451151609420776,-0.05296490713953972,0.7287873029708862,0.7470458149909973,-0.08629496395587921,0.7814285159111023,0.7886652946472168,-0.11549067497253418,0.5927448272705078,0.6465449929237366,-0.07445633411407471,0.7079213261604309,0.6651685833930969,-0.10865994542837143,0.7210825681686401,0.7154853343963623,-0.11731532216072083,0.7050239443778992,0.74111407995224,-0.12217801064252853,0.5868622064590454,0.7105744481086731,-0.08786467462778091,0.7226449847221375,0.7394178509712219,-0.11741690337657928,0.721318781375885,0.7926203608512878,-0.11011756211519241,0.7018963098526001,0.8024615049362183,-0.10609947144985199,0.5940123796463013,0.7853589057922363,-0.1015762910246849,0.7287194132804871,0.8222001791000366,-0.12000783532857895,0.7106354236602783,0.8531014919281006,-0.10345305502414703,0.6786264181137085,0.8534692525863647,-0.09386120736598969,0.6107713580131531,0.8614413142204285,-0.11840531975030899,0.7211948037147522,0.8826175928115845,-0.12318853288888931,0.7043944001197815,0.8951388597488403,-0.1113419234752655,0.6746187806129456,0.8916519284248352,-0.104639433324337,rock
0.5890034437179565,0.9398795366287231,3.5552483268475044e-07,0.6271798014640808,0.8366926312446594,-0.021751755848526955,0.7138680815696716,0.7755956649780273,-0.060063786804676056,0.8073736429214478,0.8035255670547485,-0.09486814588308334,0.8536651134490967,0.8727390766143799,-0.12517309188842773,0.6540672779083252,0.7149532437324524,-0.1052357628941536,0.7733219861984253,0.7156414985656738,-0.14133766293525696,0.7741895318031311,0.7441437244415283,-0.15178096294403076,0.7463587522506714,0.7610371112823486,-0.15799996256828308,0.6419654488563538,0.791498064994812,-0.11833956837654114,0.7821803092956543,0.8049138784408569,-0.15495775640010834,0.7842864394187927,0.8299584984779358,-0.15282833576202393,0.7654895782470703,0.8394011855125427,-0.15315020084381104,0.645938515663147,0.8707741498947144,-0.1286776065826416,0.7921836376190186,0.8945015668869019,-0.1458621621131897,0.7719451785087585,0.9026294350624084,-0.12574629485607147,0.7325546145439148,0.898260772228241,-0.11552588641643524,0.6616069674491882,0.9466229677200317,-0.1421690285205841,0.7841970920562744,0.9561299085617065,-0.14613713324069977,0.7695989012718201,0.9577614068984985,-0.1298365741968155,0.7372004985809326,0.9552900791168213,-0.12109915912151337,rock
0.6168153285980225,0.8999496698379517,3.690221035412833e-07,0.639849066734314,0.7859269976615906,-0.0068767075426876545,0.7078534960746765,0.7148815989494324,-0.031415607780218124,0.786453902721405,0.7071743011474609,-0.05330734699964523,0.838768482208252,0.7251490950584412,-0.07079550623893738,0.6864391565322876,0.6811408400535583,-0.07942977547645569,0.7936770915985107,0.6759532690048218,-0.1062563806772232,0.7981917262077332,0.7039857506752014,-0.11187578737735748,0.7795839309692383,0.7247990965843201,-0.11291570216417313,0.6954954862594604,0.7573153376579285,-0.09095093607902527,0.8170468807220459,0.7507206797599792,-0.11286336928606033,0.8502997159957886,0.7702863216400146,-0.11087815463542938,0.8617212772369385,0.7938244938850403,-0.11198313534259796,0.7123795747756958,0.8332846760749817,-0.09838129580020905,0.8325133919715881,0.829936146736145,-0.10881500691175461,0.8138843774795532,0.8378567695617676,-0.09153208881616592,0.778163731098175,0.8432430028915405,-0.08233819901943207,0.7353106141090393,0.904347836971283,-0.10596994310617447,0.8194350600242615,0.8834113478660583,-0.10627539455890656,0.7951585054397583,0.8817586898803711,-0.08852625638246536,0.761677086353302,0.8821708559989929,-0.07733380794525146,rock
0.6147599816322327,0.7948598265647888,-2.6264912023066245e-08,0.656302809715271,0.7030458450317383,-0.008946770802140236,0.7187299132347107,0.6411858201026917,-0.03432004153728485,0.7938740849494934,0.6347992420196533,-0.05860824137926102,0.8507534861564636,0.6649864315986633,-0.07691981643438339,0.688999354839325,0.5401304960250854,-0.06252750754356384,0.8018497824668884,0.5723555088043213,-0.08612863719463348,0.7949267625808716,0.6225193738937378,-0.08408258110284805,0.7680933475494385,0.6351801156997681,-0.08317610621452332,0.684556245803833,0.5850906372070312,-0.07688996195793152,0.8115180730819702,0.6290944814682007,-0.09865395724773407,0.7962510585784912,0.6768090724945068,-0.08887901157140732,0.7707071304321289,0.6768693327903748,-0.08416248857975006,0.6898561120033264,0.6461541652679443,-0.0898919329047203,0.8079326152801514,0.7027216553688049,-0.10285060107707977,0.7859978079795837,0.7324067950248718,-0.08619097620248795,0.7559657692909241,0.7198662757873535,-0.07839489728212357,0.701908528804779,0.7147670984268188,-0.10423131287097931,0.7904865741729736,0.7592214941978455,-0.10732866078615189,0.7688344120979309,0.7767171859741211,-0.0964961126446724,0.7388181090354919,0.7622331380844116,-0.09139379113912582,rock
0.47701114416122437,0.6872414946556091,-5.0889632063899626e-08,0.5661749839782715,0.6326932907104492,-0.015764543786644936,0.6135109663009644,0.5681410431861877,-0.03728582337498665,0.6433658599853516,0.5213578939437866,-0.060641806572675705,0.6522176861763,0.4838367998600006,-0.07588917762041092,0.5419555902481079,0.3988296389579773,-0.027132945135235786,0.6271467804908752,0.3936029076576233,-0.06453749537467957,0.6256607174873352,0.45938971638679504,-0.07944729179143906,0.603357195854187,0.47930943965911865,-0.0872771292924881,0.5130009651184082,0.41051536798477173,-0.04031303897500038,0.622806191444397,0.4348154366016388,-0.07925839722156525,0.6165190935134888,0.5031691193580627,-0.08513965457677841,0.5924378037452698,0.5044071674346924,-0.08555839955806732,0.4984948933124542,0.4505767226219177,-0.05718332529067993,0.6054115295410156,0.5073845982551575,-0.08848468214273453,0.5948687791824341,0.562478244304657,-0.08018333464860916,0.565517246723175,0.5560784339904785,-0.07242399454116821,0.49641385674476624,0.504808783531189,-0.07695109397172928,0.5902631878852844,0.5627629160881042,-0.09497417509555817,0.5853566527366638,0.6043572425842285,-0.0917542353272438,0.5605370998382568,0.6007418632507324,-0.08798325061798096,rock
0.31946539878845215,0.5806138515472412,-1.144550338949557e-07,0.38533851504325867,0.5102013349533081,-0.014017579145729542,0.4211159944534302,0.42674025893211365,-0.030407384037971497,0.42989590764045715,0.3637913465499878,-0.04761059954762459,0.4079380929470062,0.32474285364151,-0.05795377120375633,0.33271199464797974,0.27498337626457214,-0.017880264669656754,0.3994903862476349,0.2538873255252838,-0.05509713664650917,0.4155811071395874,0.32228797674179077,-0.07447954267263412,0.40214627981185913,0.3533998429775238,-0.0851927325129509,0.2928558886051178,0.2854911684989929,-0.03000694327056408,0.37844252586364746,0.2812098264694214,-0.0672498494386673,0.396576464176178,0.3545114994049072,-0.07665405422449112,0.38219600915908813,0.37758931517601013,-0.07827424257993698,0.2704430818557739,0.3249845504760742,-0.04620593413710594,0.3659588694572449,0.3556039333343506,-0.0792023167014122,0.3760862350463867,0.4174708425998688,-0.0770488902926445,0.35419562458992004,0.42741644382476807,-0.0718255415558815,0.2649982273578644,0.38009434938430786,-0.06466034799814224,0.3604893684387207,0.4244280755519867,-0.08617997169494629,0.3714814782142639,0.46763283014297485,-0.08817147463560104,0.35259366035461426,0.4733891785144806,-0.08689828962087631,rock
0.23724903166294098,0.5701605081558228,-2.3140826499457035e-07,0.29376891255378723,0.4910481572151184,-0.021661115810275078,0.320072740316391,0.405737042427063,-0.044999945908784866,0.3199240565299988,0.34311535954475403,-0.06877925246953964,0.28737273812294006,0.31207698583602905,-0.0842217281460762,0.20722047984600067,0.2575185298919678,-0.020750699564814568,0.27597346901893616,0.23031488060951233,-0.0592278353869915,0.30160120129585266,0.2780572772026062,-0.07417705655097961,0.29792940616607666,0.3076479434967041,-0.08061351627111435,0.1672363430261612,0.2740848958492279,-0.03085247427225113,0.261872798204422,0.2726687788963318,-0.06792008131742477,0.2808018624782562,0.3450050950050354,-0.07158420979976654,0.26216381788253784,0.35741496086120605,-0.0681280642747879,0.15079014003276825,0.31765568256378174,-0.046286772936582565,0.2586106061935425,0.34781357645988464,-0.0792614296078682,0.2702612578868866,0.4062260389328003,-0.07099466025829315,0.24685664474964142,0.4090365171432495,-0.06143167242407799,0.1520688682794571,0.3761391341686249,-0.06519249081611633,0.25311368703842163,0.4158487915992737,-0.08763410896062851,0.2634996175765991,0.45364445447921753,-0.08773249387741089,0.24108077585697174,0.45247966051101685,-0.08401764184236526,rock
0.18311846256256104,0.5980308055877686,-2.7019194703825633e-07,0.24350298941135406,0.505864143371582,-0.026399735361337662,0.26685816049575806,0.4261206388473511,-0.052909206598997116,0.2643446922302246,0.3697148263454437,-0.07865995168685913,0.2313053011894226,0.3396762013435364,-0.09501007199287415,0.13608857989311218,0.28682830929756165,-0.03007877804338932,0.2092297077178955,0.2561381161212921,-0.0698394924402237,0.23585839569568634,0.31564077734947205,-0.08649436384439468,0.22414842247962952,0.3447876572608948,-0.09600880742073059,0.09923681616783142,0.3114798665046692,-0.039490651339292526,0.1996711790561676,0.2994271516799927,-0.07937806844711304,0.2266056388616562,0.36821648478507996,-0.08532000333070755,0.20876023173332214,0.38208064436912537,-0.08503557741641998,0.088417187333107,0.35950714349746704,-0.054118480533361435,0.19966918230056763,0.3733891546726227,-0.08760641515254974,0.21924246847629547,0.4278010427951813,-0.08020300418138504,0.19583848118782043,0.43327540159225464,-0.07290905714035034,0.09743764251470566,0.41963058710098267,-0.07270661741495132,0.20203782618045807,0.4452717900276184,-0.09654737263917923,0.21944506466388702,0.47694116830825806,-0.09846833348274231,0.20008385181427002,0.47587859630584717,-0.09700722992420197,rock
0.1487458050251007,0.7113631963729858,6.552863851538859e-08,0.19998419284820557,0.6065013408660889,-0.0355430506169796,0.22156301140785217,0.5295796394348145,-0.07229939103126526,0.22164283692836761,0.4829060733318329,-0.10663684457540512,0.19743740558624268,0.48911169171333313,-0.13217607140541077,0.07291864603757858,0.4229866862297058,-0.05436704680323601,0.1415746957063675,0.37307441234588623,-0.103385791182518,0.18336108326911926,0.3990517854690552,-0.1226157620549202,0.189126655459404,0.42854949831962585,-0.13114161789417267,0.043053142726421356,0.4624205529689789,-0.061373304575681686,0.14994755387306213,0.42727452516555786,-0.11197246611118317,0.18420365452766418,0.48561951518058777,-0.11759646981954575,0.16545911133289337,0.5027801394462585,-0.11519823968410492,0.0431089922785759,0.5165660381317139,-0.07365182787179947,0.16314803063869476,0.5116261839866638,-0.11472328752279282,0.18218959867954254,0.5553518533706665,-0.10665063560009003,0.15428262948989868,0.5630239248275757,-0.09739421308040619,0.06177063286304474,0.5758105516433716,-0.0903441458940506,0.1691344529390335,0.5820779800415039,-0.1162765696644783,0.1788197010755539,0.6078041195869446,-0.11670152842998505,0.15071021020412445,0.6108662486076355,-0.1141260415315628,rock
0.12112554907798767,0.8309432864189148,5.35274921276141e-07,0.19772061705589294,0.7539232969284058,0.015987079590559006,0.25469398498535156,0.7041212916374207,-0.016519850119948387,0.2983555495738983,0.6801478266716003,-0.05992982164025307,0.3163965344429016,0.7004078030586243,-0.09823482483625412,0.22264349460601807,0.6087685227394104,-0.06666313856840134,0.23767323791980743,0.49254265427589417,-0.12214336544275284,0.24171605706214905,0.4215000867843628,-0.15705715119838715,0.2410167157649994,0.35913100838661194,-0.18380671739578247,0.180982768535614,0.6385154128074646,-0.10806039720773697,0.23536282777786255,0.5999255776405334,-0.18922491371631622,0.2747221291065216,0.5842311978340149,-0.21917472779750824,0.29485830664634705,0.5776398181915283,-0.23611140251159668,0.1566108763217926,0.6927968263626099,-0.14466950297355652,0.2696128487586975,0.6992165446281433,-0.1965337097644806,0.3074822723865509,0.7460978627204895,-0.17226260900497437,0.30396270751953125,0.7676537036895752,-0.15076789259910583,0.1543925404548645,0.7435159087181091,-0.18241682648658752,0.2608172595500946,0.7641685009002686,-0.20288421213626862,0.27696681022644043,0.7911439538002014,-0.18122057616710663,0.2617871165275574,0.7947632074356079,-0.1644711047410965,Sissors
0.1329346001148224,0.8342317342758179,3.257096068409737e-07,0.19739706814289093,0.7851954698562622,-0.02759742923080921,0.2495269626379013,0.73992919921875,-0.055104922503232956,0.2794468402862549,0.7366566061973572,-0.08193854242563248,0.2660852074623108,0.7483029961585999,-0.10432315617799759,0.20659872889518738,0.6282039880752563,-0.07177673280239105,0.2060471773147583,0.5139819383621216,-0.11303643137216568,0.20014266669750214,0.44597530364990234,-0.13684861361980438,0.19273266196250916,0.3863360583782196,-0.15355715155601501,0.15649005770683289,0.6492118835449219,-0.08174318075180054,0.16995921730995178,0.6206440329551697,-0.1341048777103424,0.1844307780265808,0.6215982437133789,-0.15356306731700897,0.1879698634147644,0.6177813410758972,-0.16309741139411926,0.1260693371295929,0.692050576210022,-0.09315042942762375,0.19660578668117523,0.7334867119789124,-0.14247475564479828,0.23124219477176666,0.7623341679573059,-0.15157601237297058,0.23590382933616638,0.76397705078125,-0.15104207396507263,0.11539597809314728,0.743019163608551,-0.10705708712339401,0.20213322341442108,0.789577841758728,-0.1388491690158844,0.23561996221542358,0.8133140802383423,-0.14434896409511566,0.24106445908546448,0.8157280683517456,-0.14495544135570526,Sissors
0.09558489173650742,0.9049451351165771,2.831452832197101e-07,0.16156713664531708,0.8444139957427979,-0.018146757036447525,0.2015344649553299,0.7904823422431946,-0.04643172398209572,0.21103298664093018,0.7518907189369202,-0.07546280324459076,0.21078896522521973,0.739787757396698,-0.10321950912475586,0.15583421289920807,0.6852613687515259,-0.0724414512515068,0.1607474833726883,0.5772073268890381,-0.1199493259191513,0.15630987286567688,0.5066015720367432,-0.14808252453804016,0.14449311792850494,0.44872963428497314,-0.16675682365894318,0.11536593735218048,0.7056589722633362,-0.08634133636951447,0.16973677277565002,0.7099733948707581,-0.13959412276744843,0.19975407421588898,0.7448805570602417,-0.14976228773593903,0.21330025792121887,0.76804518699646,-0.15148529410362244,0.08665993809700012,0.7558508515357971,-0.10081670433282852,0.15795043110847473,0.8038946390151978,-0.15077941119670868,0.19319626688957214,0.8286480903625488,-0.14584870636463165,0.21242684125900269,0.8342331051826477,-0.1355094164609909,0.07277752459049225,0.8168701529502869,-0.11665849387645721,0.13965559005737305,0.8541868329048157,-0.14819180965423584,0.1759377121925354,0.8671431541442871,-0.14189991354942322,0.197679340839386,0.8635189533233643,-0.1329648643732071,Sissors
0.07802389562129974,0.9218586683273315,5.070906468063185e-07,0.1283961832523346,0.8508152961730957,0.00918099656701088,0.19534972310066223,0.8096993565559387,-0.007874265313148499,0.2451137751340866,0.8147104382514954,-0.02987435832619667,0.27816709876060486,0.8142538666725159,-0.04986216127872467,0.20556573569774628,0.7344886660575867,-0.04625948891043663,0.24601992964744568,0.6552411913871765,-0.08242117613554001,0.2510553300380707,0.5883127450942993,-0.10980749130249023,0.24992746114730835,0.5304484367370605,-0.12887020409107208,0.18199525773525238,0.7726267576217651,-0.06815459579229355,0.27698424458503723,0.7910552024841309,-0.10249447077512741,0.3321208953857422,0.8089405298233032,-0.11434774845838547,0.37612250447273254,0.8220656514167786,-0.12428620457649231,0.16600729525089264,0.8292362689971924,-0.08670323342084885,0.276170939207077,0.8778422474861145,-0.10332382470369339,0.26082316040992737,0.8974131345748901,-0.08009956777095795,0.23061509430408478,0.9001688957214355,-0.06569422036409378,0.15958957374095917,0.8908201456069946,-0.10702649503946304,0.2509094774723053,0.92574542760849,-0.11032913625240326,0.23639234900474548,0.9332718849182129,-0.0858679711818695,0.2094755470752716,0.9294270873069763,-0.06824192404747009,Sissors
0.15201182663440704,0.8902449607849121,6.06398202762648e-07,0.20347005128860474,0.8149982690811157,0.012573963962495327,0.2746850848197937,0.7884015440940857,-0.004598821513354778,0.3328428268432617,0.8113585114479065,-0.025127988308668137,0.3622029721736908,0.8394208550453186,-0.043604977428913116,0.28422239422798157,0.7233740091323853,-0.055528126657009125,0.3218787908554077,0.6441904306411743,-0.09179359674453735,0.33590734004974365,0.5765329599380493,-0.12026533484458923,0.3444962203502655,0.5191019773483276,-0.14083214104175568,0.26414254307746887,0.7678307890892029,-0.07756464183330536,0.35755449533462524,0.7758233547210693,-0.11159668862819672,0.41775667667388916,0.7801246047019958,-0.12936894595623016,0.4615776240825653,0.7859374284744263,-0.14457494020462036,0.2494848668575287,0.8283236622810364,-0.0939437597990036,0.3546272814273834,0.8732824325561523,-0.10809462517499924,0.3475143611431122,0.8817971348762512,-0.08874163776636124,0.32259196043014526,0.8787974715232849,-0.07695688307285309,0.2439998984336853,0.8898329734802246,-0.11091259866952896,0.3250679671764374,0.9188663959503174,-0.11093328148126602,0.31214439868927,0.9161509275436401,-0.0878099575638771,0.28832969069480896,0.9052126407623291,-0.07139020413160324,Sissors
0.23642519116401672,0.8833795189857483,6.02305817665183e-07,0.28550267219543457,0.8064954876899719,0.013909589499235153,0.3517901599407196,0.7738850712776184,-0.0005445074639283121,0.4036153554916382,0.7797179818153381,-0.018482010811567307,0.4431716501712799,0.7896221876144409,-0.034212835133075714,0.37510666251182556,0.7213114500045776,-0.050595272332429886,0.42209482192993164,0.6494007706642151,-0.088665671646595,0.438743531703949,0.5839240550994873,-0.11564995348453522,0.4492262005805969,0.5284250974655151,-0.13282619416713715,0.35919517278671265,0.7633587718009949,-0.07229555398225784,0.45861077308654785,0.7710785865783691,-0.10639969259500504,0.5226755738258362,0.781231164932251,-0.12237118184566498,0.5701287984848022,0.7922635674476624,-0.1339089423418045,0.34478217363357544,0.8222618699073792,-0.08883436024188995,0.4454950988292694,0.8766025900840759,-0.10592586547136307,0.43730640411376953,0.8890758752822876,-0.08839371055364609,0.41362330317497253,0.8864973187446594,-0.07529173046350479,0.33521533012390137,0.8818289041519165,-0.10532158613204956,0.4112498164176941,0.9198780655860901,-0.1082652136683464,0.3980106711387634,0.9186351299285889,-0.08594683557748795,0.3757701516151428,0.9058828353881836,-0.06810938566923141,Sissors
0.33890336751937866,0.9030002355575562,6.638622380705783e-07,0.39222267270088196,0.8284446001052856,0.02377338707447052,0.45667731761932373,0.7964028120040894,0.014356333762407303,0.5086196660995483,0.8032271265983582,-0.0012850682251155376,0.5452934503555298,0.808212399482727,-0.013919028453528881,0.48233562707901,0.7436293363571167,-0.029528077691793442,0.533473014831543,0.6789253950119019,-0.058530740439891815,0.5526177287101746,0.6214497089385986,-0.07787767052650452,0.5652104616165161,0.5683854818344116,-0.09089552611112595,0.47525763511657715,0.782263994216919,-0.055827874690294266,0.5751306414604187,0.7948580384254456,-0.08982415497303009,0.6374558806419373,0.8016570210456848,-0.10696189105510712,0.6856120824813843,0.8096914291381836,-0.11878927052021027,0.4637998640537262,0.8365271091461182,-0.07606944441795349,0.5515992641448975,0.8945996761322021,-0.08935780823230743,0.5259536504745483,0.9042398929595947,-0.0644293949007988,0.49643474817276,0.8968468904495239,-0.04633588343858719,0.4559711217880249,0.8975055813789368,-0.09615285694599152,0.5224341154098511,0.9362821578979492,-0.09280668944120407,0.4983483552932739,0.9402309656143188,-0.06398431956768036,0.47147995233535767,0.9275531768798828,-0.04205372557044029,Sissors
0.4249795079231262,0.868076503276825,6.570981554432365e-07,0.47798508405685425,0.797484815120697,0.028390245512127876,0.5326063632965088,0.7710574865341187,0.021118616685271263,0.5812453627586365,0.7701696753501892,0.00668990658596158,0.6190105676651001,0.7808039784431458,-0.006166462320834398,0.5619686841964722,0.7167750000953674,-0.022344252094626427,0.6066829562187195,0.6477994918823242,-0.05346795171499252,0.6285032033920288,0.5897657871246338,-0.07603415101766586,0.644217848777771,0.538020133972168,-0.0900818407535553,0.5614425539970398,0.7501423954963684,-0.04890600964426994,0.6589673161506653,0.7575774192810059,-0.07835283875465393,0.7210433483123779,0.7623049020767212,-0.09510183334350586,0.7674897909164429,0.7655768990516663,-0.10574733465909958,0.5549136996269226,0.8016993403434753,-0.06929800659418106,0.6260960102081299,0.8559385538101196,-0.07894359529018402,0.6028168797492981,0.864573061466217,-0.05744221806526184,0.5770672559738159,0.8561849594116211,-0.04101486876606941,0.5493118762969971,0.8588899970054626,-0.089056096971035,0.599839448928833,0.8981603384017944,-0.08370929956436157,0.577894389629364,0.9032949209213257,-0.056242235004901886,0.5575850605964661,0.8929682374000549,-0.03420175984501839,Sissors
0.4608425796031952,0.8819084167480469,6.973597237447393e-07,0.5132203102111816,0.812462329864502,0.02093077450990677,0.5715112686157227,0.7827699780464172,0.011537703685462475,0.6228248476982117,0.7858004570007324,-0.004098675213754177,0.6615372896194458,0.8014479875564575,-0.017963388934731483,0.6004854440689087,0.7375673651695251,-0.028064711019396782,0.6516329050064087,0.6747034192085266,-0.057151924818754196,0.6773408651351929,0.6210405826568604,-0.07494346797466278,0.6969460248947144,0.571866512298584,-0.08608673512935638,0.6007624864578247,0.769026517868042,-0.052869487553834915,0.7010034322738647,0.7900238037109375,-0.08558890968561172,0.7624061107635498,0.7987551093101501,-0.10218511521816254,0.8079960346221924,0.8065391778945923,-0.11195120215415955,0.5921247005462646,0.8188529014587402,-0.07216700911521912,0.6654843091964722,0.886477530002594,-0.08837433159351349,0.6392081379890442,0.8929570913314819,-0.07042354345321655,0.6125678420066833,0.8794260621070862,-0.05500362440943718,0.5824199914932251,0.8761186599731445,-0.09091802686452866,0.6359483599662781,0.9262880682945251,-0.09226805716753006,0.6130887269973755,0.9293922185897827,-0.06914878636598587,0.5907639861106873,0.9125068783760071,-0.049572497606277466,Sissors
0.5743454694747925,0.8770075440406799,3.2781528602754406e-07,0.6031893491744995,0.8190582990646362,0.009128930047154427,0.6509009599685669,0.7951245903968811,-0.0002563745656516403,0.6930482387542725,0.8024291396141052,-0.011901425197720528,0.7231447696685791,0.8228445053100586,-0.024682139977812767,0.6633135080337524,0.7584033012390137,-0.031826186925172806,0.7053043246269226,0.700474739074707,-0.053499992936849594,0.7319931983947754,0.6556254625320435,-0.06553296744823456,0.7494626045227051,0.6173489689826965,-0.07264959812164307,0.6663817167282104,0.7839484214782715,-0.0451972521841526,0.7302114367485046,0.7967305779457092,-0.0606531947851181,0.7554589509963989,0.8204180598258972,-0.0595986470580101,0.7683162689208984,0.8348745107650757,-0.057355575263500214,0.6649696826934814,0.8297646641731262,-0.0563250407576561,0.7285239696502686,0.8760051727294922,-0.0690043643116951,0.7444180250167847,0.9005703330039978,-0.06152496114373207,0.7499064207077026,0.9111268520355225,-0.05469381436705589,0.6621871590614319,0.8820686340332031,-0.0661035105586052,0.705376386642456,0.9212473034858704,-0.06542710959911346,0.7090266942977905,0.9313863515853882,-0.051458414644002914,0.7078887820243835,0.9310677647590637,-0.04112948849797249,Sissors
0.6807794570922852,0.7622199058532715,1.126097458836739e-06,0.7409536242485046,0.7603674530982971,-0.005483381915837526,0.7885138392448425,0.7541093230247498,-0.029071517288684845,0.8267084360122681,0.763866662979126,-0.05650348588824272,0.8508380651473999,0.7796745896339417,-0.08079814165830612,0.783603310585022,0.6314303874969482,-0.04490888491272926,0.8298057913780212,0.5788314342498779,-0.07751207053661346,0.8587850332260132,0.53715980052948,-0.09834027290344238,0.8818415403366089,0.497787743806839,-0.11429581046104431,0.7685988545417786,0.6332666873931885,-0.06330934166908264,0.8441309332847595,0.6183878183364868,-0.11848606914281845,0.8987948298454285,0.5941646099090576,-0.15283745527267456,0.942136287689209,0.578864574432373,-0.17212261259555817,0.7529829740524292,0.6633504629135132,-0.07722965627908707,0.82928067445755,0.7361063957214355,-0.11377359926700592,0.8339623808860779,0.7790997624397278,-0.1049148365855217,0.8301678895950317,0.7993359565734863,-0.09091635793447495,0.7461663484573364,0.7081971168518066,-0.09258551150560379,0.8002285957336426,0.770304799079895,-0.10719140619039536,0.8103955388069153,0.8017712831497192,-0.09227286279201508,0.8129669427871704,0.8123199939727783,-0.07697328925132751,Sissors
0.6483747363090515,0.7588716149330139,7.782937245792709e-07,0.7310360670089722,0.747400164604187,0.004141220357269049,0.7822710871696472,0.7206856608390808,-0.012177624739706516,0.8188087344169617,0.708829939365387,-0.037320129573345184,0.8302299380302429,0.7061488628387451,-0.057069145143032074,0.7763899564743042,0.5878795385360718,-0.01773628406226635,0.8237838745117188,0.5106748342514038,-0.04644584283232689,0.8532682657241821,0.452608197927475,-0.06547753512859344,0.8734924793243408,0.3995024263858795,-0.08041593432426453,0.7559241056442261,0.5857565402984619,-0.04283568263053894,0.8326091766357422,0.5599310994148254,-0.09117468446493149,0.8826522827148438,0.5239792466163635,-0.11891991645097733,0.9171306490898132,0.4942609667778015,-0.13388144969940186,0.736345112323761,0.6104129552841187,-0.0661369189620018,0.8166152834892273,0.6800749897956848,-0.09545174986124039,0.8080070614814758,0.7245173454284668,-0.08154891431331635,0.7880375981330872,0.7360314726829529,-0.0656033381819725,0.7273134589195251,0.6545008420944214,-0.0922253355383873,0.7926594614982605,0.7265148758888245,-0.10046122223138809,0.7898533940315247,0.754481315612793,-0.08499465137720108,0.7764166593551636,0.7556790113449097,-0.07072161883115768,Sissors
0.6447047591209412,0.720617413520813,7.445531196026423e-07,0.7264789342880249,0.7051758766174316,0.0029876944608986378,0.7831543684005737,0.6771133542060852,-0.014583161100745201,0.8234964609146118,0.6598020792007446,-0.042037658393383026,0.8239508867263794,0.6566248536109924,-0.06473318487405777,0.7714450359344482,0.547921359539032,-0.013197407126426697,0.8137122392654419,0.47616297006607056,-0.04212205484509468,0.8433049917221069,0.4212576150894165,-0.0614517480134964,0.8641635179519653,0.37564587593078613,-0.07669594883918762,0.7470716834068298,0.5410184264183044,-0.04007089510560036,0.8059329390525818,0.49627435207366943,-0.08926568925380707,0.8473260998725891,0.4442802965641022,-0.11907687783241272,0.8781608939170837,0.4009512662887573,-0.13563863933086395,0.7236574292182922,0.5590851902961731,-0.06570054590702057,0.806135356426239,0.6168485283851624,-0.09823635220527649,0.8002334237098694,0.6673069596290588,-0.08606235682964325,0.7823765277862549,0.6846420168876648,-0.07064986974000931,0.7138175964355469,0.6007853746414185,-0.09432414919137955,0.7854740023612976,0.663561999797821,-0.10705208778381348,0.7845938205718994,0.6971462965011597,-0.0942835882306099,0.7695795893669128,0.7022730112075806,-0.0813450738787651,Sissors
0.6483873128890991,0.686231791973114,8.481137001581374e-07,0.7275664806365967,0.6662729382514954,-0.0013293748488649726,0.7797228693962097,0.6371991634368896,-0.022573793306946754,0.8184208869934082,0.6142017245292664,-0.05258428305387497,0.8171224594116211,0.6129775047302246,-0.07857031375169754,0.7606405019760132,0.5033109784126282,-0.021902844309806824,0.8061716556549072,0.43413597345352173,-0.05249889940023422,0.8375356197357178,0.3820421099662781,-0.07186125963926315,0.8589749336242676,0.33787667751312256,-0.08666769415140152,0.735733151435852,0.49906906485557556,-0.04588940367102623,0.7929395437240601,0.45336833596229553,-0.09758779406547546,0.8321079015731812,0.40042373538017273,-0.1287723183631897,0.8619373440742493,0.3541160225868225,-0.14591246843338013,0.7117896676063538,0.5196386575698853,-0.06806626915931702,0.791523277759552,0.573062002658844,-0.10439291596412659,0.7944195866584778,0.6269017457962036,-0.09449471533298492,0.7842366695404053,0.6513587832450867,-0.07903412729501724,0.7012684345245361,0.5599854588508606,-0.09290681779384613,0.7658795118331909,0.6092786192893982,-0.10825307667255402,0.7780258059501648,0.6473425626754761,-0.09644126147031784,0.7745860815048218,0.6624234914779663,-0.08307601511478424,Sissors
0.6550918817520142,0.6553885340690613,7.390618748104316e-07,0.7252649664878845,0.638467013835907,-0.011299255304038525,0.7764600515365601,0.6096771955490112,-0.03382101655006409,0.8120837807655334,0.5881338119506836,-0.06213245913386345,0.8117720484733582,0.5760005712509155,-0.0867224782705307,0.7629948854446411,0.4754217565059662,-0.030846506357192993,0.8031181693077087,0.40151211619377136,-0.06362249702215195,0.8275249004364014,0.3442468047142029,-0.08466149866580963,0.8451055288314819,0.2947739362716675,-0.09899874776601791,0.73220294713974,0.46701425313949585,-0.0502878874540329,0.7849183678627014,0.4067966938018799,-0.09644908457994461,0.8202514052391052,0.34774523973464966,-0.12243451923131943,0.8477379679679871,0.29535436630249023,-0.13545352220535278,0.7054563164710999,0.4844309687614441,-0.06963211297988892,0.7835840582847595,0.5293145775794983,-0.10897082090377808,0.7860263586044312,0.5831745266914368,-0.10343935340642929,0.7746551036834717,0.6105051040649414,-0.08954831212759018,0.6917948722839355,0.5250445604324341,-0.09187272191047668,0.758902907371521,0.5694275498390198,-0.11188828945159912,0.767848014831543,0.6068878173828125,-0.10186037421226501,0.7616421580314636,0.6236438751220703,-0.08864690363407135,Sissors
0.6763922572135925,0.6533770561218262,6.984557785472134e-07,0.7344040274620056,0.6436772346496582,-0.021043209359049797,0.7898259162902832,0.6024155020713806,-0.03931785002350807,0.8163779973983765,0.5564173460006714,-0.06053369492292404,0.7951837778091431,0.5251194834709167,-0.07760822772979736,0.7861339449882507,0.4630621373653412,-0.027084724977612495,0.8382478952407837,0.394319623708725,-0.05510162562131882,0.8692762851715088,0.3522339463233948,-0.07084088027477264,0.8922747373580933,0.31310582160949707,-0.08019337803125381,0.7445183992385864,0.44173452258110046,-0.03857427090406418,0.7713679671287537,0.34640830755233765,-0.07816894352436066,0.7920876741409302,0.28152740001678467,-0.09980463981628418,0.8053175806999207,0.22705963253974915,-0.10826827585697174,0.7089070081710815,0.45126718282699585,-0.05161144956946373,0.767410159111023,0.4722675681114197,-0.0939861536026001,0.7778745889663696,0.5354281663894653,-0.09596831351518631,0.773292064666748,0.5715548396110535,-0.0841229259967804,0.6875430941581726,0.4846316874027252,-0.06725404411554337,0.746825635433197,0.5243834853172302,-0.09236731380224228,0.7588311433792114,0.5683909058570862,-0.08941417932510376,0.7569246292114258,0.5940300822257996,-0.07937809824943542,Sissors
0.6626108288764954,0.6409919261932373,7.253316312016977e-07,0.7203962802886963,0.6253675222396851,-0.020279744639992714,0.7721691727638245,0.5810989737510681,-0.03751542419195175,0.7934359908103943,0.5339928269386292,-0.057189248502254486,0.7708137631416321,0.49987536668777466,-0.07247831672430038,0.766572117805481,0.4491881728172302,-0.023754633963108063,0.8202910423278809,0.38941431045532227,-0.05014576390385628,0.8536927103996277,0.3529279828071594,-0.06638167798519135,0.8812355995178223,0.3197667896747589,-0.07691861689090729,0.7243847846984863,0.42567136883735657,-0.03442579507827759,0.7443606853485107,0.3285554051399231,-0.07428034394979477,0.7615914940834045,0.2630859613418579,-0.09868453443050385,0.7757039070129395,0.21087852120399475,-0.10994459688663483,0.6869571805000305,0.4346449375152588,-0.0461677685379982,0.739649772644043,0.4432777166366577,-0.08977694064378738,0.7512649893760681,0.5080722570419312,-0.09207173436880112,0.7494720220565796,0.5488753318786621,-0.08064452558755875,0.6651217937469482,0.4681859016418457,-0.06017475947737694,0.7181816101074219,0.49771201610565186,-0.08945250511169434,0.7399253845214844,0.5428513288497925,-0.08822893351316452,0.7479404807090759,0.571785032749176,-0.07893203943967819,Sissors
0.5976159572601318,0.5902835130691528,6.405625185834651e-07,0.6540446281433105,0.5687698125839233,-0.017802631482481956,0.7007384896278381,0.5129502415657043,-0.031139828264713287,0.7160407900810242,0.4538438022136688,-0.04806604981422424,0.6880984902381897,0.42410141229629517,-0.060771845281124115,0.6864291429519653,0.3923489451408386,-0.01477101445198059,0.734158456325531,0.32492193579673767,-0.038976866751909256,0.7635706663131714,0.2857431173324585,-0.054241083562374115,0.7865971922874451,0.24902406334877014,-0.06481850892305374,0.646152138710022,0.3727356195449829,-0.026256773620843887,0.6565163135528564,0.2662075161933899,-0.06508248299360275,0.669810950756073,0.1975753754377365,-0.0887155681848526,0.6786890625953674,0.1438148021697998,-0.0997157171368599,0.6115995049476624,0.38544192910194397,-0.03924711421132088,0.6533788442611694,0.36398443579673767,-0.0835079625248909,0.6724973320960999,0.43183955550193787,-0.08512850105762482,0.67572021484375,0.4775901138782501,-0.07298074662685394,0.5908852815628052,0.41992276906967163,-0.05429534614086151,0.6420097351074219,0.43017587065696716,-0.08500690758228302,0.666524350643158,0.47344881296157837,-0.08419422805309296,0.6761155128479004,0.5042201280593872,-0.07531634718179703,Sissors
0.49428486824035645,0.5684645771980286,6.814417474743095e-07,0.5504584312438965,0.5496181845664978,-0.02668006345629692,0.5941517949104309,0.49488914012908936,-0.042890530079603195,0.5949482917785645,0.43737393617630005,-0.060184210538864136,0.5617399215698242,0.4003930687904358,-0.07411520928144455,0.5819864869117737,0.36039647459983826,-0.02443729154765606,0.6262867450714111,0.28729015588760376,-0.04966038465499878,0.653935968875885,0.24495555460453033,-0.0655609741806984,0.6765021085739136,0.2037435621023178,-0.0752168595790863,0.5379671454429626,0.34083786606788635,-0.03138698637485504,0.5417003631591797,0.22825174033641815,-0.06468966603279114,0.5498255491256714,0.15612392127513885,-0.08619154989719391,0.5551348924636841,0.09779661893844604,-0.09562856703996658,0.5000418424606323,0.35593611001968384,-0.040714018046855927,0.5326655507087708,0.34501105546951294,-0.08732736855745316,0.5551376938819885,0.40600451827049255,-0.09865589439868927,0.5616052150726318,0.4500732123851776,-0.09201660752296448,0.47471633553504944,0.392883837223053,-0.051847271621227264,0.5171141028404236,0.40911850333213806,-0.08691899478435516,0.5476019978523254,0.45132291316986084,-0.0915285125374794,0.5649219155311584,0.4855460226535797,-0.08547233790159225,Sissors
0.4125349223613739,0.5773714780807495,6.918130566191394e-07,0.4636923372745514,0.5539793372154236,-0.03134186565876007,0.5025014281272888,0.49337559938430786,-0.04971844702959061,0.4900730848312378,0.4352492094039917,-0.06794828921556473,0.4497789144515991,0.4006437659263611,-0.08258704096078873,0.4827207326889038,0.3642258942127228,-0.02925971895456314,0.5235563516616821,0.283034086227417,-0.0549972839653492,0.5477792024612427,0.23721298575401306,-0.07007651776075363,0.5655137300491333,0.194135382771492,-0.07899085432291031,0.4347618818283081,0.3506675362586975,-0.03434043750166893,0.42589041590690613,0.23132295906543732,-0.07024334371089935,0.4232202172279358,0.15860120952129364,-0.09193335473537445,0.41867294907569885,0.09700396656990051,-0.10051677376031876,0.39530810713768005,0.37238070368766785,-0.04161195456981659,0.4220992624759674,0.3535776734352112,-0.09152666479349136,0.4484117925167084,0.4197736978530884,-0.10028085857629776,0.45766744017601013,0.46616387367248535,-0.0901593491435051,0.36858129501342773,0.4129214584827423,-0.05070354416966438,0.40457332134246826,0.4162086248397827,-0.08744493126869202,0.4372326731681824,0.4605035185813904,-0.0882343128323555,0.4556264579296112,0.4951740503311157,-0.07818601280450821,Sissors
0.3548116087913513,0.5961885452270508,7.191441113718611e-07,0.4040168523788452,0.5633031725883484,-0.0337054505944252,0.4341805577278137,0.4947715401649475,-0.05287780985236168,0.4081878364086151,0.44310709834098816,-0.07170097529888153,0.362794429063797,0.4161929190158844,-0.08719464391469955,0.40463492274284363,0.3675163984298706,-0.02939557656645775,0.43538373708724976,0.2840822637081146,-0.057405102998018265,0.45380285382270813,0.2337944358587265,-0.07442180812358856,0.4664342999458313,0.1879715919494629,-0.08427190035581589,0.35462069511413574,0.36432158946990967,-0.034398164600133896,0.33587029576301575,0.24876880645751953,-0.07170373201370239,0.32652178406715393,0.1756609082221985,-0.09444443881511688,0.31541186571121216,0.113250732421875,-0.10352558642625809,0.31576889753341675,0.3944541811943054,-0.042218081653118134,0.33323270082473755,0.3690895736217499,-0.09458793699741364,0.3666365444660187,0.43170997500419617,-0.10426553338766098,0.38203164935112,0.47628694772720337,-0.09405897557735443,0.28938889503479004,0.44109830260276794,-0.05187809839844704,0.31945401430130005,0.43515530228614807,-0.08978235721588135,0.35332241654396057,0.47714829444885254,-0.0898958146572113,0.37157395482063293,0.5089079737663269,-0.07911719381809235,Sissors
0.24318014085292816,0.6501917839050293,6.55493408885377e-07,0.29592907428741455,0.6059136390686035,-0.03945128247141838,0.31602177023887634,0.522434651851654,-0.05818258225917816,0.27353817224502563,0.4718824625015259,-0.07572367042303085,0.22030051052570343,0.4501882791519165,-0.09053947776556015,0.27332380414009094,0.40194714069366455,-0.031188923865556717,0.2878901958465576,0.3121061325073242,-0.0598224438726902,0.29445692896842957,0.25437766313552856,-0.07796189934015274,0.2964746654033661,0.20076970756053925,-0.08946119248867035,0.22203677892684937,0.40916478633880615,-0.03435225412249565,0.18690036237239838,0.2988608479499817,-0.07349502295255661,0.16374614834785461,0.2282198667526245,-0.0985284075140953,0.14121298491954803,0.16738355159759521,-0.10940825194120407,0.18750549852848053,0.44910725951194763,-0.04108229652047157,0.18610739707946777,0.41573166847229004,-0.09894758462905884,0.22609363496303558,0.4752599895000458,-0.11245942860841751,0.24907095730304718,0.5177835822105408,-0.10397625714540482,0.16586938500404358,0.5049135088920593,-0.049707408994436264,0.1802096962928772,0.4812077581882477,-0.09388664364814758,0.21920067071914673,0.5178074240684509,-0.09732434153556824,0.24517656862735748,0.5466892719268799,-0.08848917484283447,Sissors
0.21991772949695587,0.7244696617126465,6.365860940604762e-07,0.2668953835964203,0.6777317523956299,-0.03900304436683655,0.28610050678253174,0.5953003168106079,-0.05653984472155571,0.23864446580410004,0.5541259050369263,-0.07323500514030457,0.18500126898288727,0.5391883850097656,-0.08699750155210495,0.24215668439865112,0.4704224169254303,-0.029075872153043747,0.2503134608268738,0.3744761645793915,-0.05938948318362236,0.2551305592060089,0.3144758939743042,-0.0766763687133789,0.25474461913108826,0.2606567144393921,-0.08610213547945023,0.18949805200099945,0.4815922677516937,-0.03179892152547836,0.14898504316806793,0.3756651282310486,-0.07125536352396011,0.12376518547534943,0.3084057569503784,-0.09316723048686981,0.0998869314789772,0.2542259097099304,-0.09999125450849533,0.15492606163024902,0.521754801273346,-0.03898710012435913,0.1535356640815735,0.5085466504096985,-0.09525686502456665,0.19180436432361603,0.5651877522468567,-0.10832062363624573,0.21360725164413452,0.602843165397644,-0.0986054539680481,0.13386131823062897,0.5752533078193665,-0.04847739636898041,0.1552400290966034,0.5765920281410217,-0.08890115469694138,0.19112728536128998,0.6145102977752686,-0.09235324710607529,0.21290653944015503,0.639297366142273,-0.08325985819101334,Sissors
0.20424985885620117,0.8332705497741699,1.440381396378143e-07,0.2454214096069336,0.8013274073600769,-0.04287515580654144,0.2566819190979004,0.7329866886138916,-0.06419788300991058,0.21091414988040924,0.6960641145706177,-0.0796445980668068,0.16055375337600708,0.6899951100349426,-0.09410778433084488,0.20260502398014069,0.6649011969566345,-0.037796176970005035,0.19885122776031494,0.619938313961029,-0.06596323847770691,0.1939373016357422,0.5994797945022583,-0.08054903149604797,0.20070210099220276,0.5886592268943787,-0.0879153162240982,0.16021260619163513,0.6803125143051147,-0.02811308018863201,0.1320599913597107,0.6600938439369202,-0.060956601053476334,0.14574269950389862,0.6980564594268799,-0.069572813808918,0.16654500365257263,0.7260328531265259,-0.06648066639900208,0.13363409042358398,0.7037608623504639,-0.022905005142092705,0.12108296900987625,0.7037045955657959,-0.06255549937486649,0.154835045337677,0.7423721551895142,-0.06147061660885811,0.1851576268672943,0.7675621509552002,-0.049404289573431015,0.11780054122209549,0.7353713512420654,-0.020147837698459625,0.12066051363945007,0.7396488189697266,-0.05466166138648987,0.15142132341861725,0.7647234797477722,-0.05665278434753418,0.17744183540344238,0.7816047072410583,-0.0487012080848217,Sissors
0.18939052522182465,0.93721604347229,8.092910093182581e-07,0.23655545711517334,0.8972703218460083,-0.04750531539320946,0.25503093004226685,0.8277362585067749,-0.07355516403913498,0.1955370455980301,0.8191645741462708,-0.09679439663887024,0.13143885135650635,0.8298039436340332,-0.11767079681158066,0.1984262764453888,0.708238959312439,-0.0464625358581543,0.2006097137928009,0.6083067655563354,-0.08418873697519302,0.2026389241218567,0.5483899116516113,-0.10518606007099152,0.1995571255683899,0.49335891008377075,-0.11672069132328033,0.1449253261089325,0.7204318642616272,-0.046905625611543655,0.0892200842499733,0.6301156282424927,-0.09520842880010605,0.053721003234386444,0.5731971263885498,-0.1218177080154419,0.020288750529289246,0.5140044689178467,-0.1303364485502243,0.1126936674118042,0.7600478529930115,-0.05162303149700165,0.10484325885772705,0.7818058133125305,-0.11441285908222198,0.1453961431980133,0.8435332775115967,-0.12576685845851898,0.17139600217342377,0.868051290512085,-0.11328983306884766,0.09411515295505524,0.8097655773162842,-0.05883314460515976,0.09678107500076294,0.8360799551010132,-0.10125280171632767,0.13579268753528595,0.8766459226608276,-0.09917736053466797,0.164302259683609,0.8920296430587769,-0.08508119732141495,Sissors
0.21757981181144714,0.9824115633964539,1.0340318112866953e-06,0.27781346440315247,0.955721914768219,-0.060060445219278336,0.3043231666088104,0.9149702191352844,-0.10045643150806427,0.25250887870788574,0.9207371473312378,-0.13619764149188995,0.18893864750862122,0.9289201498031616,-0.16935063898563385,0.23804783821105957,0.7806977033615112,-0.07811664789915085,0.23420533537864685,0.6705085635185242,-0.131813183426857,0.2312333881855011,0.6053175926208496,-0.1636940836906433,0.21885240077972412,0.5470829010009766,-0.18307490646839142,0.17930039763450623,0.7955488562583923,-0.07745103538036346,0.12352194637060165,0.7284891605377197,-0.14130598306655884,0.0822877436876297,0.6878446936607361,-0.17252111434936523,0.03900155425071716,0.6394715309143066,-0.18302923440933228,0.14326702058315277,0.8373345136642456,-0.08166424930095673,0.14720827341079712,0.8903375864028931,-0.15150603652000427,0.19457396864891052,0.9424134492874146,-0.1563553661108017,0.22387109696865082,0.9544630646705627,-0.14028865098953247,0.12423299998044968,0.8889621496200562,-0.09067028015851974,0.14769385755062103,0.9504207372665405,-0.13991311192512512,0.1939433366060257,0.9794622659683228,-0.13820905983448029,0.22432351112365723,0.9781949520111084,-0.12397575378417969,Sissors
0.2305634468793869,0.9692219495773315,9.675941328168847e-07,0.28758949041366577,0.9533405900001526,-0.08244681358337402,0.3253282904624939,0.9200998544692993,-0.14565256237983704,0.29311472177505493,0.9177605509757996,-0.19966642558574677,0.22803319990634918,0.9357106685638428,-0.2541310489177704,0.2600756287574768,0.7696683406829834,-0.1375240534543991,0.25022727251052856,0.6577712893486023,-0.20525887608528137,0.23956327140331268,0.5845904350280762,-0.24767474830150604,0.21699140965938568,0.5242085456848145,-0.27668312191963196,0.19962868094444275,0.7965914607048035,-0.12959221005439758,0.17098355293273926,0.7582820653915405,-0.20327243208885193,0.14536333084106445,0.7620818614959717,-0.22637547552585602,0.11212517321109772,0.7402325868606567,-0.2342803031206131,0.16408509016036987,0.8487744331359863,-0.12662342190742493,0.18451187014579773,0.9126718044281006,-0.1898128092288971,0.21764928102493286,0.9511649012565613,-0.1770000159740448,0.23494546115398407,0.9509585499763489,-0.15773679316043854,0.14370973408222198,0.9066823720932007,-0.13211332261562347,0.1757020652294159,0.9613876342773438,-0.1733817160129547,0.2079165130853653,0.9830543994903564,-0.16351844370365143,0.22775793075561523,0.9755538702011108,-0.14953500032424927,Sissors
0.724183976650238,0.6331496238708496,6.189785040078277e-07,0.6968598961830139,0.5799621939659119,0.002085053361952305,0.6426836252212524,0.5491815209388733,-0.009614855982363224,0.5921591520309448,0.5635172128677368,-0.02328171208500862,0.5601758360862732,0.585655689239502,-0.03917291760444641,0.6217223405838013,0.5086678266525269,-0.03429873287677765,0.5801384449005127,0.45896148681640625,-0.05626552551984787,0.5535823106765747,0.41519802808761597,-0.07103562355041504,0.5326041579246521,0.3799343407154083,-0.08191804587841034,0.6268945336341858,0.5376066565513611,-0.047550689429044724,0.5464307069778442,0.5507746934890747,-0.07173323631286621,0.4948050379753113,0.5555427074432373,-0.08697807043790817,0.4602431058883667,0.5567271709442139,-0.09976067394018173,0.6319830417633057,0.5896464586257935,-0.05712353065609932,0.5532531142234802,0.6341320276260376,-0.07190851122140884,0.574784517288208,0.6557717323303223,-0.057107191532850266,0.5994380712509155,0.6567166447639465,-0.0458243265748024,0.6394377946853638,0.6438428163528442,-0.06685864180326462,0.576603889465332,0.6841500997543335,-0.07665984332561493,0.5901586413383484,0.6959559917449951,-0.06408833712339401,0.6071730256080627,0.6946464776992798,-0.05292947217822075,Sissors
0.6617459058761597,0.6431546807289124,7.219990152407263e-07,0.621128499507904,0.5877668261528015,0.01589648239314556,0.5668929219245911,0.558286190032959,0.008132329210639,0.5188469290733337,0.5776020884513855,-0.003273296169936657,0.4827718138694763,0.5974872708320618,-0.01661297120153904,0.5285462141036987,0.5210409760475159,-0.02866264618933201,0.47571301460266113,0.45461782813072205,-0.05583026260137558,0.44698366522789,0.3940848112106323,-0.07556873559951782,0.4289770722389221,0.34225302934646606,-0.08748850971460342,0.5395299792289734,0.5496507883071899,-0.04462141916155815,0.44726499915122986,0.5831906795501709,-0.06816291064023972,0.3863452970981598,0.5982510447502136,-0.08449475467205048,0.3465893268585205,0.6090693473815918,-0.09775569289922714,0.5494706034660339,0.5982262492179871,-0.055520012974739075,0.4829510450363159,0.6718249917030334,-0.0651787593960762,0.5088397264480591,0.6908717155456543,-0.05102234333753586,0.5335344076156616,0.6854148507118225,-0.04054638370871544,0.556803286075592,0.6469892859458923,-0.06542029231786728,0.512185275554657,0.7135182023048401,-0.06878557801246643,0.5377165675163269,0.7260760068893433,-0.05285139009356499,0.5585242509841919,0.7166618704795837,-0.03868941217660904,Sissors
0.6062389016151428,0.5294694304466248,6.764884687981976e-07,0.5692054629325867,0.4742664694786072,0.008175531402230263,0.5203508138656616,0.44540759921073914,-0.007524798158556223,0.47186294198036194,0.4601707458496094,-0.02559521421790123,0.4371207356452942,0.474551796913147,-0.04633627459406853,0.4873245358467102,0.41186729073524475,-0.04360693320631981,0.4408583641052246,0.34791260957717896,-0.07589953392744064,0.41761448979377747,0.2891562283039093,-0.09824623167514801,0.40305668115615845,0.23811686038970947,-0.11325015127658844,0.49966904520988464,0.43683022260665894,-0.05915523320436478,0.4094109535217285,0.47470420598983765,-0.09159670770168304,0.3540838360786438,0.49587878584861755,-0.10895201563835144,0.31779542565345764,0.5105912685394287,-0.12249289453029633,0.5087928175926208,0.48353278636932373,-0.07027094066143036,0.4429658055305481,0.558993935585022,-0.085074283182621,0.46692153811454773,0.579990565776825,-0.069456085562706,0.4907382130622864,0.5748330950737,-0.05910385027527809,0.514573335647583,0.5285244584083557,-0.08136843889951706,0.473978191614151,0.5979637503623962,-0.09007042646408081,0.49791234731674194,0.6104434728622437,-0.0769788846373558,0.5165839791297913,0.5989492535591125,-0.06581898778676987,Sissors
0.6693669557571411,0.518913209438324,3.2636930313856283e-07,0.6170094609260559,0.4541560709476471,0.030702978372573853,0.5626404881477356,0.4219079315662384,0.025139538571238518,0.5115344524383545,0.4277259111404419,0.010116961784660816,0.47373542189598083,0.44068482518196106,-0.006479819305241108,0.5262194871902466,0.354056179523468,-0.013788390904664993,0.4811783730983734,0.2736409902572632,-0.03709498792886734,0.46301114559173584,0.20992709696292877,-0.051092538982629776,0.4488310217857361,0.1552909016609192,-0.06030770763754845,0.535408079624176,0.3764778673648834,-0.03773133456707001,0.4349747896194458,0.40217867493629456,-0.06509935110807419,0.3783516585826874,0.4111979603767395,-0.07857096195220947,0.33967769145965576,0.41777509450912476,-0.0894971564412117,0.545094907283783,0.41926008462905884,-0.05615513399243355,0.4754111170768738,0.49575942754745483,-0.06709134578704834,0.5034521222114563,0.5279078483581543,-0.05418113246560097,0.5317166447639465,0.5313084125518799,-0.045400626957416534,0.5508133769035339,0.4592498242855072,-0.07279012352228165,0.5027140974998474,0.5250712633132935,-0.07328999042510986,0.5228966474533081,0.5561627745628357,-0.06002761796116829,0.5450673699378967,0.5580028295516968,-0.0499008372426033,Sissors
0.8254002332687378,0.5638947486877441,2.742512776876538e-07,0.7762877941131592,0.5094029307365417,0.01740098185837269,0.7201666831970215,0.4751024842262268,0.004856666550040245,0.6709741353988647,0.4825358986854553,-0.01442206371575594,0.6351428627967834,0.4906759560108185,-0.03485812246799469,0.7055423259735107,0.3744617700576782,-0.024287564679980278,0.6667664051055908,0.27962353825569153,-0.055152054876089096,0.6517706513404846,0.21141770482063293,-0.0761374905705452,0.645531952381134,0.15290185809135437,-0.08895299583673477,0.7142906188964844,0.39657437801361084,-0.04566149413585663,0.6102391481399536,0.39674532413482666,-0.07225066423416138,0.552984893321991,0.4012433886528015,-0.08525317162275314,0.514940619468689,0.4076986312866211,-0.09574421495199203,0.7214292287826538,0.44289132952690125,-0.0635005533695221,0.6417084336280823,0.5010363459587097,-0.07643367350101471,0.6648103594779968,0.528593122959137,-0.06311437487602234,0.6919928789138794,0.5324512720108032,-0.05376322194933891,0.7234379053115845,0.49201834201812744,-0.08102048933506012,0.6618143320083618,0.5432977676391602,-0.08551489561796188,0.6739466190338135,0.5682929754257202,-0.07222453504800797,0.6902057528495789,0.5682715773582458,-0.061615828424692154,Sissors
0.9171764850616455,0.6109366416931152,3.870269438266405e-07,0.8576867580413818,0.5415228605270386,0.06505538523197174,0.8091304302215576,0.5044111609458923,0.0514645092189312,0.7680560350418091,0.5002437233924866,0.02176508679986,0.7338690757751465,0.49408817291259766,-0.011713031679391861,0.8078799843788147,0.39999738335609436,-0.02323652058839798,0.7837464809417725,0.30584025382995605,-0.05380043014883995,0.7800572514533997,0.23044277727603912,-0.07611092180013657,0.779583752155304,0.1707674264907837,-0.09306619316339493,0.8271865844726562,0.43316078186035156,-0.06780572980642319,0.7230656147003174,0.4101083278656006,-0.09926249086856842,0.6636471152305603,0.4027620851993561,-0.10821396112442017,0.6172041893005371,0.396296888589859,-0.11872955411672592,0.8341735601425171,0.48310333490371704,-0.10188958793878555,0.7400505542755127,0.5136911869049072,-0.09291284531354904,0.7572096586227417,0.553992748260498,-0.05357719585299492,0.7823149561882019,0.5685889720916748,-0.03519822284579277,0.8331433534622192,0.5234513878822327,-0.13339339196681976,0.7634088397026062,0.5575529336929321,-0.11166729778051376,0.7659783959388733,0.5909687280654907,-0.07967371493577957,0.7791683077812195,0.6022757887840271,-0.06162247061729431,Sissors
0.9407486915588379,0.6607534885406494,3.153574823500094e-07,0.8733187317848206,0.6033824682235718,0.05911163613200188,0.8230180740356445,0.5713681578636169,0.04440367594361305,0.7828003764152527,0.5710268020629883,0.014589876867830753,0.7474378943443298,0.5635702610015869,-0.02002701349556446,0.826148509979248,0.46024012565612793,-0.023960698395967484,0.8019134998321533,0.37183552980422974,-0.05113155394792557,0.7969166040420532,0.30046045780181885,-0.07371143996715546,0.7923763394355774,0.2424412965774536,-0.09161423146724701,0.8439524173736572,0.49123242497444153,-0.064095638692379,0.7475156188011169,0.4846941828727722,-0.0886753723025322,0.6915249228477478,0.4839845299720764,-0.09803905338048935,0.6458032131195068,0.48364490270614624,-0.11138775944709778,0.8524697422981262,0.5399688482284546,-0.09430336207151413,0.7652672529220581,0.5781548619270325,-0.08144274353981018,0.7873551249504089,0.6113988757133484,-0.048268239945173264,0.8167209625244141,0.6201903223991394,-0.03677661716938019,0.8515043258666992,0.5814884305000305,-0.12224783003330231,0.7842001914978027,0.619686484336853,-0.10027778148651123,0.7900766134262085,0.6484758853912354,-0.07322052121162415,0.807961106300354,0.6537814140319824,-0.06046145036816597,Sissors
0.8945361971855164,0.9697353839874268,5.865624075340747e-07,0.8506264090538025,0.9014521837234497,0.008311324752867222,0.7950314879417419,0.8715572357177734,-0.0023281853646039963,0.7458065748214722,0.8945872187614441,-0.016146251931786537,0.712931752204895,0.9286808371543884,-0.03138542175292969,0.7708253860473633,0.8320959210395813,-0.030531596392393112,0.7304024696350098,0.7735459208488464,-0.054636333137750626,0.7171832919120789,0.7223455905914307,-0.0714176595211029,0.7111331820487976,0.6768426895141602,-0.08210061490535736,0.7728453278541565,0.8763284087181091,-0.04473288729786873,0.677058756351471,0.884924590587616,-0.069997139275074,0.617491602897644,0.8841968774795532,-0.0857934057712555,0.5758620500564575,0.8860353231430054,-0.09866240620613098,0.7787744402885437,0.9331749081611633,-0.05452253296971321,0.7011013031005859,0.9576824903488159,-0.07045608013868332,0.7226438522338867,0.9614894390106201,-0.057837389409542084,0.7485529184341431,0.9604323506355286,-0.046639736741781235,0.7880592942237854,0.9840244650840759,-0.06347985565662384,0.7297706007957458,0.9955944418907166,-0.06905032694339752,0.7486129999160767,0.9999555945396423,-0.05110767111182213,0.7710585594177246,0.9997067451477051,-0.035391516983509064,Sissors
0.7696890830993652,0.9601331353187561,6.783639037166722e-07,0.7235817313194275,0.9010961055755615,0.005950229242444038,0.665830671787262,0.8803153038024902,-0.007580162025988102,0.6170527338981628,0.9102708101272583,-0.0247522983700037,0.5874038934707642,0.9501558542251587,-0.042373400181531906,0.6353973746299744,0.8392624855041504,-0.028835801407694817,0.5838195085525513,0.7774821519851685,-0.0559639111161232,0.5644735097885132,0.7251836657524109,-0.07306396216154099,0.5535818338394165,0.6792017221450806,-0.0825607031583786,0.6335139274597168,0.8811547756195068,-0.04312925785779953,0.5390235781669617,0.8940644860267639,-0.06786368787288666,0.47938770055770874,0.8997124433517456,-0.08202645927667618,0.43533870577812195,0.9061412215232849,-0.09262485057115555,0.641365110874176,0.9383282661437988,-0.05389099568128586,0.5751619935035706,0.9739534854888916,-0.07109985500574112,0.6027224063873291,0.9750283360481262,-0.059066709131002426,0.6295419931411743,0.9714905023574829,-0.04720379412174225,0.652522623538971,0.9912861585617065,-0.06428977847099304,0.6078314781188965,1.0153573751449585,-0.07219631969928741,0.6295102834701538,1.0171047449111938,-0.056521207094192505,0.6491169929504395,1.0141324996948242,-0.041767511516809464,Sissors
0.6570896506309509,0.9210195541381836,6.395918035195791e-07,0.6066700220108032,0.8488898277282715,0.010576187632977962,0.5383768677711487,0.8268766403198242,0.00433371402323246,0.4914282560348511,0.8536263704299927,-0.006804984528571367,0.4613534212112427,0.8941186666488647,-0.019080154597759247,0.5027956366539001,0.7865185141563416,-0.013397262431681156,0.4454314112663269,0.7260574698448181,-0.03364231437444687,0.42045384645462036,0.6737433075904846,-0.046344220638275146,0.40436702966690063,0.6303764581680298,-0.052558548748493195,0.4958328306674957,0.8333054184913635,-0.026905838400125504,0.40378445386886597,0.8587707281112671,-0.04442298039793968,0.34776753187179565,0.87347012758255,-0.054450757801532745,0.3063175082206726,0.8826557993888855,-0.06145242229104042,0.5027377605438232,0.8916508555412292,-0.03750542551279068,0.4501061737537384,0.9402350187301636,-0.04814397543668747,0.4801141619682312,0.941990077495575,-0.03849567845463753,0.5063222050666809,0.9328329563140869,-0.029014095664024353,0.5160388946533203,0.9467471837997437,-0.04759183153510094,0.4828729033470154,0.9777548313140869,-0.04888947680592537,0.5078936815261841,0.9762447476387024,-0.03321892395615578,0.5282085537910461,0.9645348787307739,-0.01915309578180313,Sissors
0.5100655555725098,0.9010312557220459,5.519963224287494e-07,0.45679470896720886,0.834746241569519,0.013843590393662453,0.39028558135032654,0.8129919767379761,0.010700722225010395,0.3395211696624756,0.8351126313209534,0.0013443120988085866,0.30655956268310547,0.8723136186599731,-0.008949455805122852,0.35169610381126404,0.7662688493728638,-0.0016904871445149183,0.30172014236450195,0.7017233371734619,-0.019958708435297012,0.28000232577323914,0.6456811428070068,-0.030555006116628647,0.26657983660697937,0.600393533706665,-0.03480222821235657,0.3426935076713562,0.8011248111724854,-0.016590600833296776,0.24806497991085052,0.8369479775428772,-0.03133165091276169,0.19490613043308258,0.8516563177108765,-0.038924526423215866,0.15588998794555664,0.8608576655387878,-0.04342352971434593,0.3495800793170929,0.8504547476768494,-0.029550490900874138,0.3038966953754425,0.9289805293083191,-0.04135298728942871,0.3352237641811371,0.9398534893989563,-0.038337524980306625,0.3606233596801758,0.9315857887268066,-0.032571204006671906,0.36007940769195557,0.9012421369552612,-0.04171295836567879,0.3312600553035736,0.9570930004119873,-0.044473424553871155,0.354422926902771,0.9742967486381531,-0.035010505467653275,0.37309134006500244,0.9709375500679016,-0.025628741830587387,Sissors
0.47312110662460327,0.8490437865257263,4.953350867253903e-07,0.4154375493526459,0.7848011255264282,0.03547205403447151,0.3579656183719635,0.7615985870361328,0.03343464434146881,0.3018694221973419,0.7701728940010071,0.021491218358278275,0.26152801513671875,0.7862575650215149,0.00812165904790163,0.3168518543243408,0.7127116322517395,-0.0007132679456844926,0.26738524436950684,0.6374382376670837,-0.022226223722100258,0.24970778822898865,0.5759536027908325,-0.03700563684105873,0.2374863624572754,0.5246571898460388,-0.04503557085990906,0.3197583258152008,0.7343320846557617,-0.024653544649481773,0.22229662537574768,0.7687884569168091,-0.04452420771121979,0.16442792117595673,0.7755067348480225,-0.05610402673482895,0.12489347159862518,0.7801557779312134,-0.06532945483922958,0.32971036434173584,0.7787882089614868,-0.043373532593250275,0.2687963843345642,0.8621490001678467,-0.04785504192113876,0.2954425513744354,0.8895598649978638,-0.037359818816185,0.3233944773674011,0.8897257447242737,-0.030462883412837982,0.3362632989883423,0.8260719776153564,-0.05983200669288635,0.2933495044708252,0.8929365873336792,-0.05451378971338272,0.3111633062362671,0.922555148601532,-0.04109754413366318,0.3306255638599396,0.9242106676101685,-0.031157897785305977,Sissors
0.4656427502632141,0.7365143895149231,4.187328102034371e-07,0.40916600823402405,0.6773355007171631,0.009459673427045345,0.3494071960449219,0.6552878022193909,0.0011190761579200625,0.2927507758140564,0.6706660389900208,-0.01285792887210846,0.2538588047027588,0.6942813992500305,-0.0282144658267498,0.3136296272277832,0.6015334725379944,-0.01069413498044014,0.27163082361221313,0.5312474966049194,-0.03381354734301567,0.25247541069984436,0.47286516427993774,-0.04651685059070587,0.23949027061462402,0.42287373542785645,-0.0522443950176239,0.3104959726333618,0.6213383674621582,-0.023699069395661354,0.22405369579792023,0.6598387956619263,-0.04493391886353493,0.17571724951267242,0.6779389381408691,-0.05247117206454277,0.14187036454677582,0.689749538898468,-0.05661536753177643,0.3177940249443054,0.6624158620834351,-0.035576049238443375,0.262241929769516,0.7465785145759583,-0.05631459504365921,0.285063236951828,0.778054416179657,-0.05524666979908943,0.31297558546066284,0.7887345552444458,-0.049477625638246536,0.328452467918396,0.7082337141036987,-0.046521902084350586,0.2909667491912842,0.7738317251205444,-0.0584024116396904,0.30376139283180237,0.8034565448760986,-0.055042751133441925,0.31881260871887207,0.8164536356925964,-0.04892406985163689,Sissors
0.48306387662887573,0.642062783241272,4.60428793758183e-07,0.42016297578811646,0.612792432308197,0.019210102036595345,0.35892343521118164,0.6015193462371826,0.011426734738051891,0.30366164445877075,0.6252346038818359,-0.00491236662492156,0.265903115272522,0.652295708656311,-0.021630410104990005,0.33434751629829407,0.5079683661460876,-4.453800283954479e-05,0.290745347738266,0.43858492374420166,-0.019489716738462448,0.27106761932373047,0.383711576461792,-0.031388986855745316,0.2576623260974884,0.3355209231376648,-0.03845776990056038,0.3372281789779663,0.5216064453125,-0.020755324512720108,0.24168682098388672,0.5527353882789612,-0.04200340434908867,0.18697306513786316,0.5627015829086304,-0.053456880152225494,0.14925043284893036,0.5682904124259949,-0.0615367591381073,0.3466610312461853,0.5584385395050049,-0.03921477124094963,0.2853389382362366,0.6490748524665833,-0.05522647872567177,0.3145964741706848,0.682153046131134,-0.051019322127103806,0.34355950355529785,0.6863707304000854,-0.04504723846912384,0.35428696870803833,0.600178062915802,-0.05660754814743996,0.3121797740459442,0.6782861351966858,-0.06404148787260056,0.33150553703308105,0.7100765109062195,-0.057823486626148224,0.3517683744430542,0.7142354846000671,-0.051123470067977905,Sissors
0.487255334854126,0.5924177765846252,4.6466672642964113e-07,0.4234335422515869,0.6066769361495972,0.005879781674593687,0.3775673806667328,0.5881410837173462,-0.0008799743955023587,0.3442263603210449,0.5760895609855652,-0.010633205994963646,0.3204149007797241,0.5677047967910767,-0.021432124078273773,0.382489949464798,0.46157780289649963,-0.013468182645738125,0.35422858595848083,0.4198635220527649,-0.02550983801484108,0.333698034286499,0.38105064630508423,-0.037826791405677795,0.31720179319381714,0.3496779799461365,-0.04901526868343353,0.3942359387874603,0.4515908658504486,-0.026374174281954765,0.32670867443084717,0.46850645542144775,-0.03778068348765373,0.2835448384284973,0.46961909532546997,-0.0505526103079319,0.2550024390220642,0.4706992506980896,-0.0628960132598877,0.40505966544151306,0.4701351225376129,-0.03698531538248062,0.3336639106273651,0.5496612191200256,-0.04184839874505997,0.3455914258956909,0.6000654697418213,-0.03573782369494438,0.36534038186073303,0.6244339346885681,-0.03299941495060921,0.41365164518356323,0.508824348449707,-0.04846685007214546,0.3596183657646179,0.5835263133049011,-0.05543595179915428,0.35551732778549194,0.6221007108688354,-0.05255667492747307,0.3607215881347656,0.6431268453598022,-0.04972510412335396,Sissors
0.5299345850944519,0.6686126589775085,4.5439702489602496e-07,0.4496415853500366,0.6418159604072571,0.012043014168739319,0.40632301568984985,0.5953042507171631,0.0003326903679408133,0.37760329246520996,0.5579197406768799,-0.02087121643126011,0.3681497275829315,0.5289861559867859,-0.041454169899225235,0.43255648016929626,0.4682314693927765,-0.007999487221240997,0.38524529337882996,0.3939463198184967,-0.02865862101316452,0.36178770661354065,0.34348389506340027,-0.04047119617462158,0.3464388847351074,0.29546642303466797,-0.04840768873691559,0.45099252462387085,0.4684498608112335,-0.033100277185440063,0.36539751291275024,0.41942933201789856,-0.06381690502166748,0.32183516025543213,0.3721257448196411,-0.07986994087696075,0.2940950393676758,0.3327760696411133,-0.08828400075435638,0.4626888930797577,0.49251115322113037,-0.05659366026520729,0.37096402049064636,0.5329301953315735,-0.08364887535572052,0.37463173270225525,0.5966324806213379,-0.0762787014245987,0.3924556076526642,0.6319491863250732,-0.06421024352312088,0.46626150608062744,0.5298965573310852,-0.0805247500538826,0.39089688658714294,0.5731676816940308,-0.09442305564880371,0.3812893033027649,0.6210914850234985,-0.08562351018190384,0.3856033980846405,0.6523251533508301,-0.0754733681678772,Sissors
0.5480758547782898,0.6756561994552612,5.789993338112254e-07,0.4645247161388397,0.65787672996521,0.0004290738143026829,0.42265576124191284,0.6134916543960571,-0.017686206847429276,0.39354076981544495,0.574715256690979,-0.04357249662280083,0.38679569959640503,0.5529208183288574,-0.06802383810281754,0.4529566466808319,0.4713164269924164,-0.02059309557080269,0.4062488079071045,0.39454805850982666,-0.04651496559381485,0.3834007978439331,0.34004712104797363,-0.061785027384757996,0.36946138739585876,0.2902114689350128,-0.07253792881965637,0.4748450815677643,0.4720084071159363,-0.041757453233003616,0.3845624327659607,0.4171736240386963,-0.08278769999742508,0.3365119397640228,0.36459028720855713,-0.10520152747631073,0.30714744329452515,0.3211844563484192,-0.11700218915939331,0.48685482144355774,0.499546617269516,-0.061519842594861984,0.3923913836479187,0.5402089357376099,-0.0932338610291481,0.39709505438804626,0.6016417741775513,-0.08210539072751999,0.4171464443206787,0.6324825882911682,-0.0661861002445221,0.48874643445014954,0.5395633578300476,-0.08312909305095673,0.409999281167984,0.5824148058891296,-0.09684678912162781,0.4046766757965088,0.6286059617996216,-0.08463703840970993,0.4145565330982208,0.6557309031486511,-0.0716196671128273,Sissors
0.5314194560050964,0.6463612914085388,4.947360139340162e-07,0.46625444293022156,0.6416650414466858,-0.003891661996021867,0.4289492964744568,0.5990771651268005,-0.01790311001241207,0.40431442856788635,0.5657286047935486,-0.0355234369635582,0.3928782343864441,0.5376023054122925,-0.05372042581439018,0.4728483259677887,0.472048282623291,-0.021089522168040276,0.4282554090023041,0.437797874212265,-0.04341110587120056,0.40055838227272034,0.40216606855392456,-0.06493888795375824,0.38142675161361694,0.369965523481369,-0.08355773985385895,0.48975521326065063,0.4610486924648285,-0.03685702383518219,0.4233757555484772,0.4366614520549774,-0.06535756587982178,0.38774532079696655,0.40465784072875977,-0.09073280543088913,0.367936372756958,0.3757476210594177,-0.10958202183246613,0.4983787536621094,0.4788406193256378,-0.0510590523481369,0.4076633155345917,0.514015257358551,-0.07114315778017044,0.41112545132637024,0.5768764019012451,-0.06379334628582001,0.4315343499183655,0.60895836353302,-0.05752986669540405,0.49639469385147095,0.5172266364097595,-0.06755369156599045,0.42185986042022705,0.5749701261520386,-0.08790569007396698,0.41580650210380554,0.6192059516906738,-0.08552281558513641,0.42540743947029114,0.6437832713127136,-0.08084382116794586,Sissors
0.586773693561554,0.62380051612854,6.005366230965592e-07,0.510345458984375,0.5954148769378662,-0.008322393521666527,0.47273316979408264,0.5445382595062256,-0.027003513649106026,0.4444224536418915,0.500988245010376,-0.052386391907930374,0.43502816557884216,0.4609318673610687,-0.07559599727392197,0.5110355615615845,0.41256392002105713,-0.020662812516093254,0.4785909950733185,0.33128052949905396,-0.05182630568742752,0.4629998207092285,0.2725371718406677,-0.07262521237134933,0.45601993799209595,0.22069288790225983,-0.08685776591300964,0.54027259349823,0.412915974855423,-0.038863226771354675,0.4712703227996826,0.34869664907455444,-0.08545564860105515,0.43547195196151733,0.2864513695240021,-0.11384379863739014,0.4140844941139221,0.2306753247976303,-0.12897618114948273,0.5591377019882202,0.43616509437561035,-0.05705026909708977,0.46709129214286804,0.4628404974937439,-0.09453585743904114,0.46635568141937256,0.5242770314216614,-0.08316638320684433,0.4823175072669983,0.554438591003418,-0.06581440567970276,0.5662562847137451,0.4734730124473572,-0.07809177786111832,0.4869295656681061,0.5065849423408508,-0.09799773246049881,0.48002147674560547,0.5519218444824219,-0.08559954911470413,0.488485187292099,0.5775775909423828,-0.0707658976316452,Sissors
0.5963420867919922,0.6220188736915588,6.237480647541815e-07,0.5204372406005859,0.5916252136230469,-0.004131043795496225,0.4833337962627411,0.5430160760879517,-0.020927418023347855,0.4551306366920471,0.4975348114967346,-0.04548463970422745,0.44720834493637085,0.4609871208667755,-0.0677081048488617,0.5192916393280029,0.4126676321029663,-0.015408280305564404,0.4900752007961273,0.3272649347782135,-0.04499870911240578,0.47659868001937866,0.2670525312423706,-0.0632125586271286,0.47277191281318665,0.2158670872449875,-0.07498345524072647,0.5454750061035156,0.41298723220825195,-0.03533438965678215,0.47238099575042725,0.34750232100486755,-0.08167535811662674,0.43395254015922546,0.28369492292404175,-0.10914746671915054,0.4128738045692444,0.23106712102890015,-0.12310625612735748,0.5629504323005676,0.4361247718334198,-0.055104609578847885,0.47371798753738403,0.46915873885154724,-0.09268829971551895,0.4718470871448517,0.5305907130241394,-0.08275626599788666,0.48690134286880493,0.5637967586517334,-0.06555966287851334,0.5697803497314453,0.471700519323349,-0.07732253521680832,0.49175184965133667,0.5099908709526062,-0.09561724215745926,0.48578664660453796,0.5537543296813965,-0.0836380273103714,0.4943472743034363,0.578908383846283,-0.06896477937698364,Sissors
0.679400622844696,0.6264533996582031,5.064406423116452e-07,0.6134026050567627,0.5923193097114563,-0.008337954990565777,0.5728610754013062,0.5431438684463501,-0.026601430028676987,0.5428390502929688,0.5035437345504761,-0.05177856609225273,0.5459990501403809,0.47971776127815247,-0.07471936196088791,0.6072984933853149,0.40823236107826233,-0.01934797689318657,0.5764261484146118,0.3193284571170807,-0.05180692300200462,0.563963770866394,0.25907132029533386,-0.07178308069705963,0.562260091304779,0.20618081092834473,-0.08414261043071747,0.6348110437393188,0.4082699716091156,-0.037291768938302994,0.5670679211616516,0.33735761046409607,-0.07982083410024643,0.5350399613380432,0.27642402052879333,-0.10321606695652008,0.5179569125175476,0.22170962393283844,-0.11417707055807114,0.6558704376220703,0.43126651644706726,-0.05635330453515053,0.5687161684036255,0.45847657322883606,-0.0931229367852211,0.5585632920265198,0.515219509601593,-0.08715181052684784,0.5673759579658508,0.5444725751876831,-0.07288579642772675,0.6642208099365234,0.46904459595680237,-0.0780639573931694,0.5897487998008728,0.49439534544944763,-0.09614689648151398,0.5776411294937134,0.5353131890296936,-0.08646834641695023,0.5826530456542969,0.5594581365585327,-0.07385369390249252,Sissors
0.6943443417549133,0.6147345304489136,3.630410674304585e-07,0.6406497359275818,0.5998716950416565,-0.0029747376684099436,0.5997644066810608,0.5596618056297302,-0.017529388889670372,0.5774517059326172,0.5248072147369385,-0.03908942639827728,0.5861989855766296,0.4931947886943817,-0.05935712158679962,0.6364346146583557,0.44721874594688416,-0.00063005939591676,0.6084626317024231,0.40225929021835327,-0.023714346811175346,0.5857422351837158,0.3577023446559906,-0.04134552553296089,0.5711793303489685,0.32485488057136536,-0.05539814010262489,0.6678521037101746,0.4365428388118744,-0.02151067741215229,0.6306235194206238,0.38837480545043945,-0.05059608444571495,0.6037193536758423,0.3438357710838318,-0.07122091948986053,0.5862835645675659,0.30387696623802185,-0.082877017557621,0.6933280825614929,0.4496714174747467,-0.044096000492572784,0.625312328338623,0.45871078968048096,-0.0720914974808693,0.6155948042869568,0.5084909200668335,-0.06810150295495987,0.6237847208976746,0.535685658454895,-0.059332869946956635,0.7078407406806946,0.47873520851135254,-0.06892838329076767,0.6396447420120239,0.5100120306015015,-0.09322624653577805,0.6228891611099243,0.5467416644096375,-0.09204739332199097,0.6221505999565125,0.5730069875717163,-0.08564817905426025,Sissors
0.7419095635414124,0.6274033784866333,5.540393317460257e-07,0.6941801905632019,0.6094332337379456,-0.011579620651900768,0.6555967926979065,0.5672029256820679,-0.03209097310900688,0.6371550559997559,0.5259367227554321,-0.05788148194551468,0.6560244560241699,0.49456945061683655,-0.08188821375370026,0.6963357925415039,0.45450645685195923,-0.017030414193868637,0.6753948926925659,0.38770338892936707,-0.04692819342017174,0.6609722971916199,0.33083945512771606,-0.06811795383691788,0.6519575119018555,0.2865602970123291,-0.08440132439136505,0.7334212064743042,0.4467156231403351,-0.03548593446612358,0.6974001526832581,0.38043758273124695,-0.07218199223279953,0.6743413805961609,0.3298999071121216,-0.0952850729227066,0.6626937389373779,0.28101032972335815,-0.10752085596323013,0.761924147605896,0.46471747756004333,-0.05534080043435097,0.6893506646156311,0.4741923213005066,-0.08557184040546417,0.6770769357681274,0.5348142981529236,-0.07448911666870117,0.6877855658531189,0.5659436583518982,-0.06009473651647568,0.7790472507476807,0.4958890676498413,-0.0787382498383522,0.7078865170478821,0.5201126933097839,-0.10185511410236359,0.6927052140235901,0.5624940395355225,-0.09398398548364639,0.6955481171607971,0.5877524018287659,-0.08237143605947495,Sissors
0.7581305503845215,0.6369489431381226,6.175329758661974e-07,0.7204257845878601,0.6267635226249695,-0.019753260537981987,0.6841612458229065,0.5767437815666199,-0.03975517302751541,0.6654714941978455,0.53129643201828,-0.062126874923706055,0.6925867795944214,0.5024805068969727,-0.08277253061532974,0.726384699344635,0.4642552137374878,-0.02663182094693184,0.7089194655418396,0.392958402633667,-0.05686100572347641,0.697660505771637,0.33406245708465576,-0.07846517115831375,0.6920855641365051,0.288951575756073,-0.09497682750225067,0.7658053636550903,0.45662665367126465,-0.03779353201389313,0.7360517978668213,0.38718709349632263,-0.07593202590942383,0.7106528282165527,0.3296210765838623,-0.10208813846111298,0.6950520277023315,0.28126344084739685,-0.11630420386791229,0.7956424355506897,0.47607919573783875,-0.04994940385222435,0.730198860168457,0.4778839945793152,-0.08145328611135483,0.710861325263977,0.5366611480712891,-0.0734509751200676,0.7130007147789001,0.5701565742492676,-0.06021687760949135,0.8128160834312439,0.5111702084541321,-0.06559568643569946,0.7423468828201294,0.5371559262275696,-0.0892384722828865,0.724629819393158,0.579334557056427,-0.08326704055070877,0.7242611646652222,0.6063717007637024,-0.07261618226766586,Sissors
0.7617098689079285,0.6546388864517212,5.926310109316546e-07,0.7105723023414612,0.6234591603279114,-0.020070621743798256,0.6658720970153809,0.559298038482666,-0.03680777549743652,0.6791727542877197,0.49787864089012146,-0.05638783797621727,0.7165467739105225,0.46333202719688416,-0.07513455301523209,0.6872697472572327,0.45035380125045776,-0.02558000385761261,0.6544183492660522,0.3636821508407593,-0.05277879908680916,0.6355028748512268,0.31058698892593384,-0.06832878291606903,0.6232220530509949,0.26384595036506653,-0.07741571217775345,0.7289391160011292,0.4430944323539734,-0.0349743627011776,0.7196680307388306,0.33354613184928894,-0.06661184132099152,0.7176079154014587,0.26225775480270386,-0.08323550224304199,0.7203536629676819,0.19833067059516907,-0.08898866176605225,0.7695350646972656,0.4595303237438202,-0.04655122384428978,0.7452818155288696,0.4355643093585968,-0.08854296803474426,0.7305212020874023,0.5105273127555847,-0.08832067996263504,0.7290551662445068,0.5636856555938721,-0.07406404614448547,0.8061255216598511,0.4906788170337677,-0.05947099253535271,0.7745985388755798,0.467451810836792,-0.08776553720235825,0.7572818398475647,0.5218064188957214,-0.07914917171001434,0.7538726329803467,0.5650410056114197,-0.06431840360164642,Sissors
0.733246922492981,0.6240699291229248,5.775938802798919e-07,0.6818906664848328,0.6004047393798828,-0.02074558101594448,0.6395424604415894,0.5313894748687744,-0.03549344837665558,0.6570425629615784,0.45941323041915894,-0.052781842648983,0.6949267387390137,0.41937246918678284,-0.06872639060020447,0.6544886231422424,0.4264160394668579,-0.022086123004555702,0.6157364249229431,0.34593451023101807,-0.04739948734641075,0.5908424258232117,0.29604339599609375,-0.06138154864311218,0.5715862512588501,0.25219064950942993,-0.0695352554321289,0.6943366527557373,0.416267067193985,-0.03078005649149418,0.6822232007980347,0.3058089017868042,-0.06329067051410675,0.6789905428886414,0.23331521451473236,-0.08059973269701004,0.6816151142120361,0.1723402738571167,-0.08662489056587219,0.7336236834526062,0.43109485507011414,-0.04168354347348213,0.7155906558036804,0.40149956941604614,-0.08544266223907471,0.7056566476821899,0.47685128450393677,-0.08581332117319107,0.7063866853713989,0.5303289294242859,-0.07138732820749283,0.7695766687393188,0.45982271432876587,-0.05383831262588501,0.7434480786323547,0.4296295642852783,-0.08389387279748917,0.7299743890762329,0.48649242520332336,-0.07554902881383896,0.7264039516448975,0.5323693752288818,-0.06061633676290512,Sissors
0.7097630500793457,0.5656325817108154,3.8813396940895473e-07,0.6570992469787598,0.5582465529441833,-0.027043206617236137,0.6213864088058472,0.4908096194267273,-0.040289025753736496,0.6368392705917358,0.41782575845718384,-0.05274613946676254,0.6745753884315491,0.378775954246521,-0.06292754411697388,0.6291150450706482,0.3953985869884491,-0.013814941048622131,0.6012501120567322,0.323794960975647,-0.034229472279548645,0.5802481770515442,0.2756279706954956,-0.048465099185705185,0.5677365660667419,0.23581919074058533,-0.05949766933917999,0.6746625304222107,0.3857329785823822,-0.01451664324849844,0.6678223609924316,0.3220502734184265,-0.04143654555082321,0.6642544269561768,0.26996904611587524,-0.060725193470716476,0.6638872027397156,0.22380319237709045,-0.0709168016910553,0.7136298418045044,0.39649122953414917,-0.01845688745379448,0.7012044191360474,0.3586932420730591,-0.058446768671274185,0.6904045343399048,0.42839184403419495,-0.06342107802629471,0.6898123621940613,0.48009055852890015,-0.05523047596216202,0.7514908313751221,0.41800424456596375,-0.023775288835167885,0.7289520502090454,0.39282456040382385,-0.06161605194211006,0.716511070728302,0.44532305002212524,-0.06429997086524963,0.7152458429336548,0.4895934462547302,-0.056417275220155716,Sissors
0.6302088499069214,0.5263622999191284,7.039987508505874e-07,0.5707905292510986,0.49848639965057373,-0.017936762422323227,0.5243980884552002,0.435771644115448,-0.03011244349181652,0.5380474328994751,0.3679836094379425,-0.04515066742897034,0.5728675127029419,0.32652518153190613,-0.05956998094916344,0.5345499515533447,0.33905792236328125,-0.014389035291969776,0.49310773611068726,0.2675168514251709,-0.03716379404067993,0.4682578444480896,0.22088776528835297,-0.05034753307700157,0.4503116309642792,0.1799173653125763,-0.05745589733123779,0.5729851722717285,0.32443493604660034,-0.02338435873389244,0.5565613508224487,0.21394412219524384,-0.05052952468395233,0.5449726581573486,0.14123255014419556,-0.06585854291915894,0.5396214723587036,0.07953891158103943,-0.07088781893253326,0.611893892288208,0.33448103070259094,-0.03505861014127731,0.5967463850975037,0.30025798082351685,-0.07544824481010437,0.5921176075935364,0.3697674572467804,-0.0777946263551712,0.5969157218933105,0.42120420932769775,-0.06501892954111099,0.6479501128196716,0.35921406745910645,-0.04768560454249382,0.6254968643188477,0.3289284408092499,-0.07513188570737839,0.6176127195358276,0.38233405351638794,-0.06705036759376526,0.6201865673065186,0.42725032567977905,-0.052429500967264175,Sissors
0.4967595338821411,0.4730316996574402,4.879599373452947e-07,0.44636091589927673,0.4758537709712982,-0.014764898456633091,0.39835745096206665,0.41656938195228577,-0.020598217844963074,0.39739784598350525,0.3420994281768799,-0.030812041833996773,0.4293450117111206,0.28905248641967773,-0.040984321385622025,0.42486506700515747,0.34612923860549927,0.008537511341273785,0.38911300897598267,0.2943596839904785,-0.004763208329677582,0.36456966400146484,0.25605225563049316,-0.015295884571969509,0.34691208600997925,0.22186194360256195,-0.024291247129440308,0.45438069105148315,0.3223743736743927,0.001751909265294671,0.43203842639923096,0.24611002206802368,-0.01949530467391014,0.41341158747673035,0.19534339010715485,-0.03661172837018967,0.4023851156234741,0.1507931500673294,-0.045341480523347855,0.48428791761398315,0.3172581195831299,-0.008441084995865822,0.4548383057117462,0.2569921314716339,-0.045111559331417084,0.45083481073379517,0.327791690826416,-0.05087343603372574,0.45861196517944336,0.3850679397583008,-0.04280268773436546,0.5164862871170044,0.3194817304611206,-0.019485702738165855,0.48251527547836304,0.2860243320465088,-0.05153913423418999,0.4714178144931793,0.33405324816703796,-0.054746124893426895,0.4725062847137451,0.38141825795173645,-0.049136072397232056,Sissors
0.4914623200893402,0.5096826553344727,5.481956577568781e-07,0.43317362666130066,0.49768221378326416,-0.013433258049190044,0.3788851201534271,0.43878620862960815,-0.02400975674390793,0.37477752566337585,0.36290907859802246,-0.03942365199327469,0.4043208062648773,0.30715203285217285,-0.053977709263563156,0.38656750321388245,0.34335073828697205,-0.006738922093063593,0.34033840894699097,0.27829691767692566,-0.028560930863022804,0.3147098124027252,0.2392745018005371,-0.04178404062986374,0.2964221239089966,0.20433008670806885,-0.049585480242967606,0.41849854588508606,0.32208698987960815,-0.01894756406545639,0.3876781463623047,0.20865517854690552,-0.046587783843278885,0.36840003728866577,0.1366940140724182,-0.06338553130626678,0.35846787691116333,0.07561686635017395,-0.07009236514568329,0.45518749952316284,0.32392042875289917,-0.033649228513240814,0.4255037307739258,0.2819775938987732,-0.07277306914329529,0.419570654630661,0.35481274127960205,-0.07326844334602356,0.42318397760391235,0.4068748354911804,-0.06044664978981018,0.4913536310195923,0.3401961624622345,-0.04937102645635605,0.45610976219177246,0.3086288273334503,-0.0749792605638504,0.4477372467517853,0.36194637417793274,-0.06680663675069809,0.44951480627059937,0.4058949947357178,-0.05352634936571121,Sissors
0.4594953656196594,0.5176936388015747,-2.509157468466583e-07,0.4057466983795166,0.5172796249389648,-0.013860445469617844,0.357443630695343,0.4658675491809845,-0.021592387929558754,0.34769773483276367,0.397793710231781,-0.03318697586655617,0.3731003701686859,0.3428258001804352,-0.04172651842236519,0.3814193904399872,0.3913905918598175,0.016808290034532547,0.3585371673107147,0.3584229648113251,-0.00897198636084795,0.36831894516944885,0.39330464601516724,-0.026960201561450958,0.3859681487083435,0.4237546920776367,-0.033996228128671646,0.4056469202041626,0.36938154697418213,0.012570945546030998,0.37311887741088867,0.315804123878479,-0.010677204467356205,0.3545858561992645,0.3278471827507019,-0.022941095754504204,0.3440266251564026,0.3336350917816162,-0.02477368526160717,0.43406927585601807,0.35927343368530273,0.002277299528941512,0.3957490026950836,0.31278517842292786,-0.028365029022097588,0.4010484218597412,0.38217195868492126,-0.029583901166915894,0.4182050824165344,0.4358592629432678,-0.01926032267510891,0.4680274426937103,0.35935571789741516,-0.009465296752750874,0.4279536306858063,0.3364769220352173,-0.030538015067577362,0.4173089265823364,0.3813796639442444,-0.0291671734303236,0.41964539885520935,0.42392414808273315,-0.021493203938007355,Sissors
0.41742652654647827,0.6176794767379761,4.833887601307651e-07,0.3576788008213043,0.6149190664291382,-0.017531296238303185,0.30111339688301086,0.5777673721313477,-0.031060023233294487,0.28216424584388733,0.5183900594711304,-0.0485750287771225,0.30138859152793884,0.46723854541778564,-0.06450450420379639,0.30657291412353516,0.47288253903388977,-0.010914461687207222,0.260852187871933,0.40913403034210205,-0.03453372046351433,0.23628947138786316,0.36911243200302124,-0.04812825098633766,0.21960137784481049,0.3315478265285492,-0.05555933341383934,0.33301466703414917,0.4500439763069153,-0.020596308633685112,0.28746506571769714,0.3571620285511017,-0.05091476067900658,0.2615179717540741,0.29702457785606384,-0.06822539865970612,0.24429932236671448,0.24208730459213257,-0.0744057148694992,0.36566007137298584,0.4439724087715149,-0.03324085846543312,0.31995999813079834,0.43089568614959717,-0.07410541921854019,0.3233848512172699,0.4978577792644501,-0.07693008333444595,0.3365890383720398,0.5444799661636353,-0.06502041965723038,0.39771026372909546,0.4500499367713928,-0.04734629765152931,0.35323476791381836,0.44218170642852783,-0.07344622910022736,0.34589695930480957,0.49008628726005554,-0.06861608475446701,0.35002896189689636,0.5298601388931274,-0.057499099522829056,Sissors
0.35376423597335815,0.7583950161933899,4.817939043277875e-07,0.2866881191730499,0.7653263807296753,-0.011494781821966171,0.2283138930797577,0.733868420124054,-0.02197100594639778,0.19914379715919495,0.6826077699661255,-0.03828534483909607,0.21283569931983948,0.6341234445571899,-0.05331828445196152,0.23007962107658386,0.619407057762146,7.726405601715669e-05,0.1829996109008789,0.5669231414794922,-0.01933838427066803,0.15802013874053955,0.5324284434318542,-0.03149598091840744,0.13943707942962646,0.4982855021953583,-0.03821936622262001,0.25404447317123413,0.5917690992355347,-0.01297057792544365,0.20229801535606384,0.511904239654541,-0.039338674396276474,0.16991019248962402,0.4569283425807953,-0.05528435483574867,0.14639167487621307,0.40910136699676514,-0.06084487959742546,0.2848857343196869,0.5813820958137512,-0.028976362198591232,0.22909224033355713,0.5899516940116882,-0.06644806265830994,0.23792901635169983,0.6555492877960205,-0.06976945698261261,0.25720566511154175,0.70000159740448,-0.05882706120610237,0.31503385305404663,0.584002673625946,-0.04633886739611626,0.2618683874607086,0.5950530767440796,-0.06917183101177216,0.25585320591926575,0.6448819637298584,-0.06429467350244522,0.26191121339797974,0.6847663521766663,-0.053931016474962234,Sissors
0.27616098523139954,0.9073564410209656,5.489814611792099e-07,0.22648108005523682,0.9133661985397339,-0.005218119826167822,0.17767222225666046,0.8878324031829834,-0.014145183376967907,0.1474997103214264,0.8562648892402649,-0.02808728627860546,0.1463131457567215,0.8109769225120544,-0.042274925857782364,0.182476207613945,0.7738572359085083,0.0003100534377153963,0.14946800470352173,0.7374688982963562,-0.013773922808468342,0.12122727185487747,0.7127208113670349,-0.024789324030280113,0.09927436709403992,0.6884022951126099,-0.03357262164354324,0.20250451564788818,0.7485172152519226,-0.010861159302294254,0.16237570345401764,0.7045977711677551,-0.030275309458374977,0.13172096014022827,0.6795099377632141,-0.044163778424263,0.10735919326543808,0.6543036103248596,-0.05148115009069443,0.22604945302009583,0.7389965057373047,-0.023147959262132645,0.1695009171962738,0.7670151591300964,-0.049163300544023514,0.18090015649795532,0.8294050097465515,-0.0474516935646534,0.20121018588542938,0.8659327626228333,-0.037750497460365295,0.24967312812805176,0.7441791296005249,-0.03633834794163704,0.19537904858589172,0.7790001034736633,-0.05649575963616371,0.18925899267196655,0.8247091770172119,-0.05484343692660332,0.1957286149263382,0.8591554164886475,-0.04847007244825363,Sissors
0.32979342341423035,0.9668962955474854,4.328882994286687e-07,0.2618270814418793,0.9780501127243042,-0.010367697104811668,0.2075093686580658,0.9447084069252014,-0.023448780179023743,0.1757640540599823,0.9037266373634338,-0.04244126006960869,0.17237994074821472,0.8540488481521606,-0.05942227318882942,0.20400503277778625,0.8191366195678711,-0.0012066126801073551,0.15340453386306763,0.7750715017318726,-0.024198224768042564,0.12592077255249023,0.7422116994857788,-0.03967258706688881,0.10673017054796219,0.7063862681388855,-0.04956952854990959,0.23069821298122406,0.7928404211997986,-0.015391653403639793,0.17381319403648376,0.7411935925483704,-0.04588708654046059,0.1400667130947113,0.6986325979232788,-0.06518802791833878,0.11715435981750488,0.6593148112297058,-0.07407135516405106,0.25879842042922974,0.7869043350219727,-0.03231211379170418,0.1919003427028656,0.8233302235603333,-0.06993035227060318,0.19820882380008698,0.8914186358451843,-0.0694790631532669,0.21654096245765686,0.9307456016540527,-0.057793162763118744,0.28228986263275146,0.8006274700164795,-0.050932835787534714,0.22293323278427124,0.8462868332862854,-0.07531293481588364,0.22470003366470337,0.8976456522941589,-0.07053898274898529,0.2381630688905716,0.9281269311904907,-0.06037703901529312,Sissors
0.3812560439109802,0.9858912825584412,3.693485552958009e-07,0.3171873688697815,0.9772422909736633,-0.005367869511246681,0.27136722207069397,0.9394680261611938,-0.01828964799642563,0.24439598619937897,0.9100322723388672,-0.03676634281873703,0.23883280158042908,0.8759094476699829,-0.054888445883989334,0.2859942615032196,0.8042088747024536,-0.018310751765966415,0.24029356241226196,0.7455859184265137,-0.04447143152356148,0.2095082402229309,0.7042546272277832,-0.06144053488969803,0.18849104642868042,0.6647275686264038,-0.07187238335609436,0.3114798665046692,0.7895199060440063,-0.0342719629406929,0.24544139206409454,0.7400527000427246,-0.06574913114309311,0.20716556906700134,0.6963050365447998,-0.08468291908502579,0.18013806641101837,0.6536340713500977,-0.09357644617557526,0.3363577127456665,0.7994728088378906,-0.05018380284309387,0.26228052377700806,0.8475830554962158,-0.08236905932426453,0.2613302171230316,0.9128991961479187,-0.07932613790035248,0.2733567953109741,0.9522004127502441,-0.06753478199243546,0.35258546471595764,0.833668053150177,-0.06743819266557693,0.29023000597953796,0.8835283517837524,-0.08700447529554367,0.28261542320251465,0.9286088943481445,-0.07928333431482315,0.28757742047309875,0.9576553106307983,-0.06755967438220978,Sissors
0.4900272488594055,0.9994032382965088,3.4266142279193446e-07,0.4169731140136719,0.9760850667953491,-0.010453121736645699,0.37476933002471924,0.9328058958053589,-0.025680702179670334,0.348832905292511,0.9013441205024719,-0.04607493057847023,0.34395915269851685,0.8795400261878967,-0.06493859738111496,0.4043120741844177,0.7958850264549255,-0.01609332300722599,0.358951210975647,0.7192685604095459,-0.042546629905700684,0.33263030648231506,0.6685733795166016,-0.058077700436115265,0.3166298270225525,0.6212878823280334,-0.06696897000074387,0.4271202087402344,0.7937233448028564,-0.030781053006649017,0.35598182678222656,0.7404018044471741,-0.060999732464551926,0.3198070526123047,0.6970164775848389,-0.07592611014842987,0.29532772302627563,0.649216890335083,-0.08152179419994354,0.44654160737991333,0.8162099719047546,-0.047158610075712204,0.36329466104507446,0.8721601963043213,-0.07660648971796036,0.36604630947113037,0.9220260381698608,-0.07414117455482483,0.38419246673583984,0.9382076263427734,-0.06371200829744339,0.4549962282180786,0.8591942191123962,-0.06615319848060608,0.3852771818637848,0.9110473394393921,-0.08084692060947418,0.38424307107925415,0.9507459402084351,-0.07246096432209015,0.3996050953865051,0.9650111794471741,-0.06127352640032768,Sissors
0.6151850819587708,0.9869545698165894,4.1482107349111175e-07,0.5572340488433838,0.9493069648742676,-0.018273627385497093,0.5108595490455627,0.8984933495521545,-0.03503530099987984,0.5008038282394409,0.8564639091491699,-0.05473233386874199,0.5394586324691772,0.8528640270233154,-0.07273038476705551,0.5516760945320129,0.7737916707992554,-0.024364132434129715,0.5418029427528381,0.6737200617790222,-0.048135533928871155,0.5344035625457764,0.6112671494483948,-0.061521731317043304,0.5298857092857361,0.5601438283920288,-0.07046109437942505,0.5864571332931519,0.7805789709091187,-0.033819690346717834,0.5657775402069092,0.7080211043357849,-0.06256973743438721,0.5445411801338196,0.6715905666351318,-0.07584210485219955,0.529692530632019,0.6369490027427673,-0.07984612137079239,0.6167265176773071,0.8104572892189026,-0.045461371541023254,0.5684648752212524,0.8361862897872925,-0.07601305097341537,0.5486244559288025,0.8802774548530579,-0.07987316697835922,0.5477641224861145,0.9019220471382141,-0.0727919489145279,0.6380046606063843,0.8546472191810608,-0.05929187685251236,0.5902113914489746,0.8793873190879822,-0.07697354257106781,0.5669413805007935,0.9137193560600281,-0.07488952577114105,0.5592470169067383,0.9331173896789551,-0.06816897541284561,Sissors
0.6612598896026611,1.0023616552352905,4.927470627080766e-07,0.6096035242080688,0.9565428495407104,-0.018956460058689117,0.5701889395713806,0.9012755155563354,-0.03848319128155708,0.5632439255714417,0.8489392995834351,-0.06183597072958946,0.5975695252418518,0.8531822562217712,-0.08344890177249908,0.6140518188476562,0.7885310053825378,-0.023991256952285767,0.6010187864303589,0.703332245349884,-0.051851071417331696,0.5937975645065308,0.646714448928833,-0.06907635927200317,0.5922154188156128,0.6010798811912537,-0.08067557215690613,0.6489120125770569,0.7907267808914185,-0.03563633933663368,0.6243739128112793,0.7057788372039795,-0.06985290348529816,0.6105619668960571,0.6485378742218018,-0.09068864583969116,0.6061249375343323,0.5975216627120972,-0.10061715543270111,0.681014895439148,0.8189295530319214,-0.049164850264787674,0.6344319581985474,0.8301499485969543,-0.08443514257669449,0.6041492819786072,0.8811136484146118,-0.08769379556179047,0.5931177735328674,0.9143873453140259,-0.07971196621656418,0.7039044499397278,0.8635791540145874,-0.06518062204122543,0.6585797667503357,0.8797638416290283,-0.08465128391981125,0.629938006401062,0.9103009104728699,-0.08198036253452301,0.6156744360923767,0.9319006204605103,-0.07498960942029953,Sissors
0.7315859794616699,1.0290683507919312,6.964991712266055e-07,0.6873728632926941,0.9832799434661865,-0.025232406333088875,0.6515357494354248,0.9182873964309692,-0.048422761261463165,0.6517074704170227,0.8702635169029236,-0.0745328813791275,0.6946418881416321,0.8651140928268433,-0.09778737276792526,0.6951595544815063,0.8026356101036072,-0.034388113766908646,0.6913952827453613,0.7027904987335205,-0.06910088658332825,0.6918389797210693,0.6398026347160339,-0.08861048519611359,0.7021199464797974,0.5922675132751465,-0.10079221427440643,0.7405049800872803,0.8105009198188782,-0.045414138585329056,0.735487163066864,0.7264611124992371,-0.09062974154949188,0.7406426668167114,0.6678433418273926,-0.11520446091890335,0.7554900646209717,0.6111485958099365,-0.12448669970035553,0.7803480625152588,0.8438750505447388,-0.05854260176420212,0.7297924757003784,0.863958477973938,-0.10232364386320114,0.699497401714325,0.9204253554344177,-0.10173898935317993,0.6930139064788818,0.9477312564849854,-0.08851544559001923,0.8093956112861633,0.8912817239761353,-0.07491849362850189,0.752880334854126,0.9167088866233826,-0.09946483373641968,0.724624752998352,0.9518405795097351,-0.09228182584047318,0.7169504165649414,0.96979159116745,-0.07963941991329193,Sissors
0.7469217777252197,0.754546582698822,2.253825783782304e-07,0.7025314569473267,0.6782892346382141,0.04733989015221596,0.6796237826347351,0.6187054514884949,0.054546456784009933,0.6643277406692505,0.5763066411018372,0.05310368165373802,0.6472266316413879,0.5340087413787842,0.04670562595129013,0.7006708979606628,0.5517963767051697,-0.020971259102225304,0.6875820159912109,0.46455270051956177,-0.048591498285532,0.6819023489952087,0.40169939398765564,-0.06774541735649109,0.6817846894264221,0.3450917899608612,-0.08459152281284332,0.7092668414115906,0.5692563056945801,-0.06088356301188469,0.6854862570762634,0.46701014041900635,-0.09788406640291214,0.6812382936477661,0.3952445089817047,-0.12571731209754944,0.6785022616386414,0.3259420096874237,-0.14994145929813385,0.709440290927887,0.6018424034118652,-0.09394703805446625,0.6777384877204895,0.5148665904998779,-0.12831933796405792,0.66020667552948,0.461663156747818,-0.15469519793987274,0.6475569009780884,0.4127489924430847,-0.17781297862529755,0.7010850310325623,0.6400573253631592,-0.12039362639188766,0.6787901520729065,0.5951784253120422,-0.1636008769273758,0.659402072429657,0.564253032207489,-0.1943415254354477,0.6406654715538025,0.5312880277633667,-0.21908524632453918,Sissors
0.7645300030708313,0.7269414663314819,4.111717188948205e-09,0.7253609895706177,0.6697587370872498,0.03336486592888832,0.711823046207428,0.6032401323318481,0.041581571102142334,0.7050513625144958,0.5493109226226807,0.03941129148006439,0.6923096776008606,0.4987275004386902,0.03264414891600609,0.7218097448348999,0.5764646530151367,0.01861141249537468,0.7109501957893372,0.5302029848098755,0.007696874905377626,0.700358510017395,0.4942590892314911,-0.0005042211851105094,0.6942332983016968,0.4648907780647278,-0.009244581684470177,0.7348114848136902,0.5789964199066162,-0.015508973971009254,0.7223926186561584,0.5245321393013,-0.033440735191106796,0.7092345356941223,0.4821123480796814,-0.04796293377876282,0.6985763311386108,0.4489590525627136,-0.060357626527547836,0.74788898229599,0.5912759900093079,-0.04941174387931824,0.7364688515663147,0.5367575883865356,-0.07388513535261154,0.7254443168640137,0.4960024356842041,-0.09044840186834335,0.7178114652633667,0.46465349197387695,-0.1032753437757492,0.7609003186225891,0.6112739443778992,-0.08019956946372986,0.7631316781044006,0.5570430159568787,-0.10945405066013336,0.7618466019630432,0.5172011256217957,-0.1293007731437683,0.7607918977737427,0.4826575815677643,-0.1452864706516266,Sissors
0.7821060419082642,0.7136678099632263,5.614975862044957e-07,0.7347933053970337,0.6448709964752197,-0.005801155231893063,0.7200737595558167,0.5677948594093323,-0.021239807829260826,0.7181704640388489,0.5129681825637817,-0.0390581414103508,0.7123359441757202,0.4624750316143036,-0.060789044946432114,0.7543020248413086,0.4830787479877472,-0.048420898616313934,0.7697392702102661,0.3860531151294708,-0.08372490853071213,0.7832091450691223,0.32671135663986206,-0.10759265720844269,0.7979058623313904,0.27719616889953613,-0.12539148330688477,0.7757143378257751,0.5060397386550903,-0.07037638127803802,0.8029658794403076,0.4058414399623871,-0.10665570944547653,0.8224813938140869,0.3384215235710144,-0.13377036154270172,0.8409172296524048,0.2771505117416382,-0.15466532111167908,0.7921116948127747,0.5487845540046692,-0.09233565628528595,0.8219622373580933,0.4660044312477112,-0.12865497171878815,0.8419713973999023,0.407194584608078,-0.15537084639072418,0.8603391647338867,0.3515855669975281,-0.17528294026851654,0.8058004379272461,0.606461763381958,-0.1134534403681755,0.8305664658546448,0.5553653836250305,-0.14724773168563843,0.8437142372131348,0.5161487460136414,-0.1668252944946289,0.855705201625824,0.47597551345825195,-0.18226826190948486,Sissors
0.7803109884262085,0.6889621615409851,5.915962333347125e-07,0.7310265302658081,0.6362351179122925,-0.022273631766438484,0.6981059312820435,0.5596421360969543,-0.03799576684832573,0.6798386573791504,0.500089704990387,-0.05245455726981163,0.6598474979400635,0.45351672172546387,-0.06866473704576492,0.7578021883964539,0.4504588544368744,-0.03451356664299965,0.7594043016433716,0.3516350984573364,-0.05999159812927246,0.7644994258880615,0.2923024594783783,-0.07863016426563263,0.7730964422225952,0.24046415090560913,-0.09216564148664474,0.798984944820404,0.4572981297969818,-0.044081151485443115,0.8263945579528809,0.34644150733947754,-0.06729423999786377,0.847999632358551,0.2755414545536041,-0.08618422597646713,0.8681655526161194,0.21547240018844604,-0.10000339150428772,0.8298693299293518,0.48824530839920044,-0.056557200849056244,0.8705442547798157,0.39566972851753235,-0.08290591090917587,0.8979764580726624,0.3335343599319458,-0.10170469433069229,0.921425461769104,0.277462363243103,-0.1147957369685173,0.8525058031082153,0.536011815071106,-0.07032524794340134,0.8916693925857544,0.4800627529621124,-0.09531239420175552,0.9177101254463196,0.43863093852996826,-0.10666751861572266,0.9395648837089539,0.39697951078414917,-0.11445313692092896,Sissors
0.771522045135498,0.6599292755126953,5.532188538381888e-07,0.7190379500389099,0.6110643148422241,-0.022428292781114578,0.6821120977401733,0.5325464606285095,-0.03729083016514778,0.6600661277770996,0.4714813232421875,-0.050952471792697906,0.637809693813324,0.4248379170894623,-0.06633536517620087,0.7452821731567383,0.412935346364975,-0.031296566128730774,0.7443179488182068,0.3146197199821472,-0.055043116211891174,0.7455713748931885,0.256185382604599,-0.07335937023162842,0.7501257658004761,0.20383556187152863,-0.08717704564332962,0.7891910672187805,0.41648367047309875,-0.040646374225616455,0.8137121200561523,0.3014398217201233,-0.06269463151693344,0.8327683210372925,0.22841107845306396,-0.08188584446907043,0.8505699634552002,0.16560888290405273,-0.09626179188489914,0.8229645490646362,0.4456693232059479,-0.053031884133815765,0.8614118695259094,0.3526243269443512,-0.07874982059001923,0.8876084089279175,0.28906649351119995,-0.09799353778362274,0.9091466069221497,0.2308947741985321,-0.11154384166002274,0.8478962779045105,0.49212929606437683,-0.06676255911588669,0.8877639174461365,0.4323624074459076,-0.09048380702733994,0.9143349528312683,0.3896121382713318,-0.10124596208333969,0.9365236759185791,0.3461819291114807,-0.10895669460296631,Sissors
0.755314290523529,0.6393134593963623,5.96121708440478e-07,0.6970869302749634,0.5893628001213074,-0.024632852524518967,0.6539761424064636,0.5092418193817139,-0.039796438068151474,0.6266659498214722,0.4460103213787079,-0.05344420671463013,0.6000449657440186,0.3997505009174347,-0.06867866963148117,0.7177233695983887,0.38473784923553467,-0.03328809142112732,0.712372362613678,0.2827743887901306,-0.05785107985138893,0.7124320864677429,0.21973378956317902,-0.07665339857339859,0.7165109515190125,0.16326314210891724,-0.09098999202251434,0.7643834352493286,0.3834894299507141,-0.041489146649837494,0.7887831926345825,0.2673276364803314,-0.06426721066236496,0.8080835342407227,0.19028431177139282,-0.08339797705411911,0.8259591460227966,0.12296727299690247,-0.09786009043455124,0.8015478253364563,0.4100222587585449,-0.05299927294254303,0.8396323919296265,0.3117753863334656,-0.07959472388029099,0.8657712936401367,0.24441257119178772,-0.09845326095819473,0.8870941400527954,0.18305113911628723,-0.11169001460075378,0.830255925655365,0.4552980363368988,-0.06611370295286179,0.8708257079124451,0.39222630858421326,-0.09091179817914963,0.8972286581993103,0.3461785912513733,-0.10208608955144882,0.919505774974823,0.300315260887146,-0.10998284071683884,Sissors
0.6942805647850037,0.5860126614570618,5.816334009978164e-07,0.631858766078949,0.5462385416030884,-0.025181077420711517,0.5828554630279541,0.47424179315567017,-0.04033021628856659,0.5553970336914062,0.4190901219844818,-0.053971000015735626,0.5297751426696777,0.3781721591949463,-0.06935049593448639,0.6427751183509827,0.3367897868156433,-0.030858850106596947,0.6286243796348572,0.24340622127056122,-0.053816426545381546,0.6234821677207947,0.18444837629795074,-0.07349494099617004,0.6220730543136597,0.132451593875885,-0.08828816562891006,0.6892729997634888,0.32859599590301514,-0.03768892213702202,0.7058663964271545,0.21084727346897125,-0.05801025778055191,0.7181353569030762,0.13469094038009644,-0.07739286124706268,0.7307307124137878,0.06753870844841003,-0.09225867688655853,0.7281324863433838,0.3492756187915802,-0.04792824015021324,0.756882905960083,0.24376723170280457,-0.0715533047914505,0.7787339687347412,0.17514178156852722,-0.09203306585550308,0.7975380420684814,0.11354640126228333,-0.10672418773174286,0.7603322863578796,0.3897373676300049,-0.059972867369651794,0.7946398854255676,0.3180176615715027,-0.08223529160022736,0.8170000910758972,0.2684856355190277,-0.09385349601507187,0.835990309715271,0.21960672736167908,-0.10227399319410324,Sissors
0.6635011434555054,0.5675267577171326,4.7592840246579726e-07,0.5993894338607788,0.5341001152992249,-0.02196640707552433,0.5471776723861694,0.4653448462486267,-0.034458521753549576,0.5153928399085999,0.41066962480545044,-0.04578031972050667,0.48577606678009033,0.37314608693122864,-0.058705173432826996,0.6003192663192749,0.32298657298088074,-0.025277558714151382,0.5770605206489563,0.23017671704292297,-0.04521937295794487,0.5673090219497681,0.17300549149513245,-0.06223524734377861,0.5635589361190796,0.12221382558345795,-0.07566934823989868,0.6420139670372009,0.30940210819244385,-0.0336095467209816,0.6475187540054321,0.1885339319705963,-0.05129332095384598,0.6557729840278625,0.11207197606563568,-0.06763015687465668,0.666102409362793,0.048307597637176514,-0.08058853447437286,0.6777519583702087,0.32530316710472107,-0.045567918568849564,0.7019893527030945,0.2168809473514557,-0.06619812548160553,0.718546450138092,0.14591211080551147,-0.0835244208574295,0.7331821918487549,0.08369868993759155,-0.0968947783112526,0.7079962491989136,0.3618606626987457,-0.059445735067129135,0.7360750436782837,0.28945982456207275,-0.07964933663606644,0.7539250254631042,0.23863601684570312,-0.09002228826284409,0.7694051265716553,0.18969149887561798,-0.09825372695922852,Sissors
0.6110658049583435,0.5302915573120117,4.322163817960245e-07,0.5526654124259949,0.4973783791065216,-0.01451454684138298,0.5046635270118713,0.4321872591972351,-0.023476457223296165,0.4760124087333679,0.3829791247844696,-0.03263280168175697,0.448028564453125,0.35306864976882935,-0.04343848302960396,0.544651985168457,0.29083022475242615,-0.01289447769522667,0.5254639983177185,0.2055974006652832,-0.02795293927192688,0.5171831250190735,0.15336982905864716,-0.04281310364603996,0.513854444026947,0.10629111528396606,-0.05482545867562294,0.5805066227912903,0.27761584520339966,-0.022886542603373528,0.5855916142463684,0.16378764808177948,-0.034720491617918015,0.591998279094696,0.09433123469352722,-0.0483122356235981,0.6002616286277771,0.03620222210884094,-0.059825599193573,0.6123453378677368,0.28958654403686523,-0.03606482222676277,0.6276696920394897,0.18109914660453796,-0.050011854618787766,0.6413673162460327,0.11256732046604156,-0.06438848376274109,0.6544345617294312,0.051020532846450806,-0.07665696740150452,0.641410768032074,0.32036691904067993,-0.05091660097241402,0.6599956750869751,0.24179887771606445,-0.06474385410547256,0.6717041730880737,0.1877709925174713,-0.0723884180188179,0.6819789409637451,0.13559375703334808,-0.07948892563581467,Sissors
0.5756750106811523,0.5096923112869263,3.899834553067194e-07,0.5163809061050415,0.47987112402915955,-0.014254925772547722,0.4702094793319702,0.41547277569770813,-0.023158201947808266,0.4456538259983063,0.36668848991394043,-0.03265463560819626,0.4200279116630554,0.3316457271575928,-0.04386613145470619,0.5058338046073914,0.27616193890571594,-0.011979730799794197,0.486659973859787,0.19431836903095245,-0.02750641293823719,0.47690337896347046,0.14439189434051514,-0.04312284290790558,0.4715530276298523,0.09881952404975891,-0.05565779656171799,0.5397593379020691,0.2614106833934784,-0.022591855376958847,0.5414915084838867,0.14887432754039764,-0.034944839775562286,0.5445051789283752,0.0787155032157898,-0.05025213956832886,0.54952472448349,0.01883062720298767,-0.06310223788022995,0.5700799822807312,0.27250710129737854,-0.03635512664914131,0.581125795841217,0.1656333953142166,-0.049887217581272125,0.5897730588912964,0.0962914228439331,-0.06559278815984726,0.5978668332099915,0.03343695402145386,-0.07903601229190826,0.5970335602760315,0.3025943636894226,-0.05179457738995552,0.6082556247711182,0.2242923080921173,-0.06454984098672867,0.6133571267127991,0.1706364005804062,-0.07230169326066971,0.6173501014709473,0.11900694668292999,-0.07982596009969711,Sissors
0.5386283993721008,0.46265631914138794,5.920483090449125e-07,0.4843975603580475,0.45718079805374146,-0.013373161666095257,0.4477885067462921,0.4059987962245941,-0.02320992760360241,0.42340511083602905,0.3693012595176697,-0.03320687636733055,0.3986022472381592,0.34277206659317017,-0.04520674794912338,0.4804292917251587,0.28622475266456604,-0.017253335565328598,0.46304306387901306,0.2072419971227646,-0.0351467989385128,0.45658761262893677,0.15039221942424774,-0.05256197601556778,0.4525947868824005,0.10239996016025543,-0.06534647196531296,0.5148023366928101,0.2700304090976715,-0.027005545794963837,0.5090353488922119,0.1767045110464096,-0.04399251192808151,0.508794367313385,0.10940082371234894,-0.06204136461019516,0.5089781880378723,0.0557103157043457,-0.0749024748802185,0.5469329357147217,0.27406710386276245,-0.03891628608107567,0.5491119027137756,0.18018919229507446,-0.05619404464960098,0.5530546307563782,0.11824271082878113,-0.07128740847110748,0.5572265982627869,0.06631086766719818,-0.08185039460659027,0.5772368311882019,0.2927722632884979,-0.051966626197099686,0.5823154449462891,0.21351885795593262,-0.06852509826421738,0.5851231813430786,0.16002747416496277,-0.07707212120294571,0.5874559283256531,0.11059576272964478,-0.08285913616418839,Sissors
0.5143666863441467,0.5322593450546265,5.979062507321942e-07,0.4643489122390747,0.5305860638618469,-0.014374466612935066,0.42116254568099976,0.47879716753959656,-0.023788681253790855,0.39175504446029663,0.4434857964515686,-0.03250086307525635,0.36388567090034485,0.41816768050193787,-0.04336751252412796,0.44237515330314636,0.35319268703460693,-0.02199445106089115,0.41950538754463196,0.27733954787254333,-0.03937686234712601,0.4103654623031616,0.2216539978981018,-0.05485648661851883,0.403464138507843,0.17431402206420898,-0.06671801954507828,0.4754767119884491,0.3342984914779663,-0.030950156971812248,0.46621277928352356,0.23715358972549438,-0.04843369871377945,0.4641930162906647,0.16852816939353943,-0.06455687433481216,0.46210813522338867,0.11354699730873108,-0.07593794912099838,0.5084704756736755,0.33875808119773865,-0.04181298986077309,0.5049859285354614,0.24487726390361786,-0.06112625077366829,0.505847156047821,0.17914964258670807,-0.07563097774982452,0.5066402554512024,0.12371152639389038,-0.08537605404853821,0.539764940738678,0.3607499599456787,-0.05354712903499603,0.5388583540916443,0.28441542387008667,-0.07297783344984055,0.5399102568626404,0.23242254555225372,-0.08211437612771988,0.53986656665802,0.18615105748176575,-0.08796452730894089,Paper
0.5558379292488098,0.5791178345680237,3.604244511734578e-07,0.49571511149406433,0.5575916767120361,-0.01182248443365097,0.4410098195075989,0.49484962224960327,-0.016322974115610123,0.41015928983688354,0.4524495601654053,-0.02202109433710575,0.38532590866088867,0.4260789453983307,-0.02944961003959179,0.4675011932849884,0.36232978105545044,-0.00791656319051981,0.4424716830253601,0.28067147731781006,-0.02417711541056633,0.43005019426345825,0.2293521910905838,-0.039073772728443146,0.42190828919410706,0.18263329565525055,-0.050955794751644135,0.4990362226963043,0.3455224335193634,-0.018716029822826385,0.49068495631217957,0.23457884788513184,-0.03330788016319275,0.4881747364997864,0.16140976548194885,-0.04803118854761124,0.4883449077606201,0.09868654608726501,-0.05937812477350235,0.5302786231040955,0.3545823097229004,-0.03287966549396515,0.5316221714019775,0.24962764978408813,-0.04959854483604431,0.533862829208374,0.18285199999809265,-0.06383298337459564,0.5356628894805908,0.12267321348190308,-0.0745994821190834,0.5604074001312256,0.3819766640663147,-0.048602692782878876,0.5665923953056335,0.30721375346183777,-0.06525077670812607,0.5680261850357056,0.25468313694000244,-0.07407016307115555,0.5673877596855164,0.20539067685604095,-0.08110988140106201,Paper
0.5316016674041748,0.5506640076637268,5.133806553203613e-07,0.4829515218734741,0.5447458028793335,-0.019726945087313652,0.4379521608352661,0.4867152273654938,-0.027011314406991005,0.40750718116760254,0.4484882056713104,-0.03283095732331276,0.3771725296974182,0.4230278730392456,-0.03993872553110123,0.4683201014995575,0.3715868890285492,-0.01690933108329773,0.4477449059486389,0.307530015707016,-0.032186105847358704,0.4363522529602051,0.25874561071395874,-0.04796143248677254,0.42636269330978394,0.21833473443984985,-0.06035913527011871,0.5001431703567505,0.35610681772232056,-0.021342512220144272,0.49024295806884766,0.2764356732368469,-0.03638146445155144,0.4857094883918762,0.2205895334482193,-0.05226406455039978,0.48082175850868225,0.1761465221643448,-0.06365662813186646,0.5340234041213989,0.3620714843273163,-0.028456194326281548,0.5339619517326355,0.2840544581413269,-0.04720250889658928,0.5360549688339233,0.2314969301223755,-0.05946238711476326,0.536644697189331,0.18787038326263428,-0.06704363226890564,0.5675227642059326,0.3863903880119324,-0.03714418411254883,0.5673873424530029,0.320159375667572,-0.05584654211997986,0.5711308121681213,0.2754872441291809,-0.06259223818778992,0.5736477375030518,0.2360951155424118,-0.06632295250892639,Paper
0.5261713862419128,0.5764370560646057,4.514183160608809e-07,0.4666953384876251,0.5554181337356567,-0.014324252493679523,0.4131777584552765,0.49781203269958496,-0.02256603166460991,0.3809623420238495,0.4564746022224426,-0.03104516863822937,0.3510511815547943,0.42932194471359253,-0.041359007358551025,0.43538162112236023,0.3562797009944916,-0.016342725604772568,0.41054362058639526,0.2717726528644562,-0.03441883251070976,0.39728569984436035,0.2179589420557022,-0.05044478550553322,0.3898610770702362,0.1691754311323166,-0.06277406215667725,0.46689000725746155,0.3380577862262726,-0.02663520723581314,0.4571828246116638,0.22134067118167877,-0.041964832693338394,0.45380890369415283,0.1447114795446396,-0.057753462344408035,0.454008549451828,0.07930734753608704,-0.07033972442150116,0.49893197417259216,0.3458526134490967,-0.03983468934893608,0.5005406141281128,0.23536096513271332,-0.05675285682082176,0.5035998821258545,0.16455340385437012,-0.07271024584770203,0.5059148073196411,0.10180827975273132,-0.08522159606218338,0.5305923819541931,0.37213611602783203,-0.05449603125452995,0.5383979678153992,0.29153376817703247,-0.07122527807950974,0.5411149859428406,0.23654426634311676,-0.08072742819786072,0.5419698357582092,0.1850721538066864,-0.08859222382307053,Paper
0.46274518966674805,0.5266046524047852,5.819145485475019e-07,0.41538193821907043,0.5321500301361084,-0.01992839388549328,0.3716273307800293,0.48807936906814575,-0.03478328511118889,0.34419506788253784,0.4534037709236145,-0.047662217170000076,0.31804871559143066,0.43234479427337646,-0.06292100250720978,0.39028921723365784,0.3548949956893921,-0.03579257056117058,0.3683294653892517,0.2763242721557617,-0.0593596026301384,0.35619232058525085,0.22101010382175446,-0.07794977724552155,0.34788933396339417,0.175767719745636,-0.09096943587064743,0.42447593808174133,0.3363141715526581,-0.04324807599186897,0.4145355224609375,0.2317599654197693,-0.06467458605766296,0.4099847376346588,0.15809790790081024,-0.08295463770627975,0.40724316239356995,0.09864914417266846,-0.09568927437067032,0.4590592086315155,0.3407101333141327,-0.052558962255716324,0.45589789748191833,0.23539844155311584,-0.0745270773768425,0.45413288474082947,0.16653291881084442,-0.09211907535791397,0.4536050260066986,0.10871243476867676,-0.10394500941038132,0.49282750487327576,0.363788902759552,-0.0628819391131401,0.49606257677078247,0.2848125994205475,-0.08439338207244873,0.4964747428894043,0.23080958425998688,-0.09564398974180222,0.495356947183609,0.18291053175926208,-0.10279610753059387,Paper
0.4041374623775482,0.5475316047668457,5.096600261822459e-07,0.3551798462867737,0.5537450909614563,-0.01034693606197834,0.3115686774253845,0.5094472765922546,-0.018352540209889412,0.28459432721138,0.47594329714775085,-0.026911629363894463,0.2582484185695648,0.45662638545036316,-0.03773041069507599,0.320130854845047,0.37663426995277405,-0.015621662139892578,0.295304536819458,0.30371421575546265,-0.03353450819849968,0.2839256823062897,0.2502002418041229,-0.049713801592588425,0.2776198983192444,0.20497864484786987,-0.061593059450387955,0.3487055003643036,0.35604044795036316,-0.026864031329751015,0.3298776149749756,0.26039212942123413,-0.043287888169288635,0.32149893045425415,0.19008535146713257,-0.0592576302587986,0.3168489336967468,0.13505586981773376,-0.07051157206296921,0.37899312376976013,0.35668113827705383,-0.0403115414083004,0.3655713200569153,0.25772351026535034,-0.05834563821554184,0.3601534962654114,0.1910344958305359,-0.07452292740345001,0.35688316822052,0.13408243656158447,-0.08594757318496704,0.41025617718696594,0.37455716729164124,-0.054544597864151,0.40588605403900146,0.29737725853919983,-0.07396695017814636,0.40096428990364075,0.2439529150724411,-0.08538906276226044,0.39515891671180725,0.1961800456047058,-0.09320522099733353,Paper
0.30035340785980225,0.6904885768890381,4.113605029942846e-07,0.2647216320037842,0.6927940249443054,-0.014659358188509941,0.2281273752450943,0.6528266668319702,-0.025642352178692818,0.205277681350708,0.6253661513328552,-0.0364520289003849,0.18344172835350037,0.6127023100852966,-0.04901602864265442,0.22839707136154175,0.5315187573432922,-0.021898584440350533,0.20261789858341217,0.46252232789993286,-0.041218165308237076,0.19334104657173157,0.4148280620574951,-0.056696780025959015,0.18954424560070038,0.3755366802215576,-0.06715936213731766,0.25010180473327637,0.517145574092865,-0.02992952987551689,0.2310211956501007,0.4248065948486328,-0.0472860187292099,0.2213858962059021,0.3619880676269531,-0.06198389455676079,0.21612690389156342,0.3115190863609314,-0.07181216031312943,0.2754656672477722,0.5208629965782166,-0.040188245475292206,0.2630908191204071,0.42420750856399536,-0.05750855803489685,0.2553021013736725,0.3627256155014038,-0.07138607650995255,0.25069552659988403,0.3120865821838379,-0.08035734295845032,0.30178916454315186,0.5403839349746704,-0.05168743431568146,0.2959425151348114,0.4660518169403076,-0.0672917366027832,0.2899623513221741,0.41690385341644287,-0.07533562183380127,0.2842938303947449,0.3750506043434143,-0.080596424639225,Paper
0.3118140697479248,0.7743361592292786,2.288984717324638e-07,0.25308331847190857,0.7676173448562622,0.006666432600468397,0.207605242729187,0.7232778072357178,0.006482299882918596,0.1773732602596283,0.6939954161643982,0.00019178960064891726,0.14620456099510193,0.6823258399963379,-0.009829157963395119,0.20256493985652924,0.6023992896080017,0.009154374711215496,0.17331504821777344,0.5326796770095825,-0.001820127246901393,0.16110818088054657,0.489213764667511,-0.015140224248170853,0.15224520862102509,0.44934260845184326,-0.027201222255825996,0.22452019155025482,0.5851425528526306,-0.011697910726070404,0.1981901079416275,0.49339938163757324,-0.022346047684550285,0.18656371533870697,0.43298855423927307,-0.03926847130060196,0.17961375415325165,0.38030922412872314,-0.054284531623125076,0.24856257438659668,0.5894622206687927,-0.034304164350032806,0.23297728598117828,0.497677743434906,-0.047368373721838,0.2256898432970047,0.4391493797302246,-0.06443987041711807,0.21889615058898926,0.3880040645599365,-0.07922664284706116,0.2740812301635742,0.6086134910583496,-0.05695118010044098,0.2644754648208618,0.5375329852104187,-0.06967979669570923,0.25550931692123413,0.4924599230289459,-0.07929696887731552,0.24689850211143494,0.45116961002349854,-0.0890868529677391,Paper
0.3128523826599121,0.8182065486907959,4.707152356786537e-07,0.24250999093055725,0.8112663626670837,0.008160036988556385,0.2022932767868042,0.769008457660675,0.0014355814782902598,0.17256873846054077,0.735722541809082,-0.01554662175476551,0.13673555850982666,0.7162038087844849,-0.03658100590109825,0.19612561166286469,0.6563478112220764,0.019098792225122452,0.1657557189464569,0.5856550931930542,0.006965636275708675,0.14931102097034454,0.5373998284339905,-0.008328691124916077,0.13979195058345795,0.4968409836292267,-0.022958291694521904,0.2205105572938919,0.644688069820404,-0.010986758396029472,0.19220326840877533,0.5492006540298462,-0.02457636408507824,0.17763172090053558,0.4869230091571808,-0.046743735671043396,0.1655886322259903,0.43034476041793823,-0.06642521172761917,0.24455192685127258,0.6482622027397156,-0.0444101057946682,0.22483640909194946,0.5587441921234131,-0.060914866626262665,0.21312829852104187,0.49955129623413086,-0.08366898447275162,0.20279842615127563,0.44832780957221985,-0.10418873280286789,0.2693255543708801,0.6633117198944092,-0.0785018801689148,0.2593349516391754,0.595507025718689,-0.09518910944461823,0.2487005889415741,0.5520352721214294,-0.11036738753318787,0.23850810527801514,0.5115604996681213,-0.1259802132844925,Paper
0.2652233839035034,0.8515563011169434,4.84066333683586e-07,0.23293277621269226,0.8608508706092834,-0.018020980060100555,0.19573920965194702,0.8262286186218262,-0.030375545844435692,0.17038527131080627,0.7981769442558289,-0.04143143072724342,0.14399975538253784,0.7838625907897949,-0.05435185134410858,0.19022397696971893,0.7182623744010925,-0.027391774579882622,0.16143447160720825,0.6544719934463501,-0.047401513904333115,0.14742085337638855,0.605646550655365,-0.06265255063772202,0.13948708772659302,0.5654631853103638,-0.07306686788797379,0.2120017409324646,0.7000294327735901,-0.03310179337859154,0.18784984946250916,0.6182642579078674,-0.05231351777911186,0.1745133399963379,0.562313437461853,-0.06797215342521667,0.1655484437942505,0.516279399394989,-0.07842590659856796,0.23774130642414093,0.6990625858306885,-0.040919385850429535,0.22107581794261932,0.6144360899925232,-0.06069505214691162,0.21082982420921326,0.5593575239181519,-0.07567425072193146,0.20289476215839386,0.5121384263038635,-0.0853227898478508,0.2658112943172455,0.7126981019973755,-0.04982130229473114,0.2557242512702942,0.6503519415855408,-0.0679517611861229,0.24745115637779236,0.6095415353775024,-0.07762196660041809,0.23871786892414093,0.5738672018051147,-0.08394361287355423,Paper
0.29576531052589417,0.8831136226654053,5.901211466152745e-07,0.25944527983665466,0.8882145285606384,-0.025454452261328697,0.2208998203277588,0.8532239198684692,-0.04340353235602379,0.1918109655380249,0.8271628618240356,-0.05837405472993851,0.16090862452983856,0.8102347254753113,-0.07556762546300888,0.22442397475242615,0.7480881214141846,-0.04445643723011017,0.19788651168346405,0.6763081550598145,-0.06963080167770386,0.18533486127853394,0.6241385340690613,-0.08755124360322952,0.17629048228263855,0.5800879001617432,-0.09987358003854752,0.2526398301124573,0.7355108261108398,-0.048973891884088516,0.2351929396390915,0.6435593962669373,-0.07262887060642242,0.22561703622341156,0.5821956396102905,-0.09004251658916473,0.21779468655586243,0.5302308797836304,-0.10184241831302643,0.28317955136299133,0.7419836521148682,-0.05548523738980293,0.2730545401573181,0.6514392495155334,-0.08008520305156708,0.2672511637210846,0.591937780380249,-0.09536698460578918,0.261353075504303,0.5390447974205017,-0.1050461083650589,0.31419217586517334,0.76249760389328,-0.06327223032712936,0.309559166431427,0.6979514360427856,-0.08609829843044281,0.3071444034576416,0.6542084217071533,-0.09545091539621353,0.30288055539131165,0.6145004034042358,-0.1011667251586914,Paper
0.3490942418575287,0.9015575051307678,5.88046361826855e-07,0.3070420026779175,0.9026939272880554,-0.04395337030291557,0.2696898579597473,0.8644294142723083,-0.07219839096069336,0.2374139130115509,0.831226646900177,-0.09473348408937454,0.20166581869125366,0.8025264739990234,-0.11858195811510086,0.29248401522636414,0.7598575949668884,-0.06195967271924019,0.266132116317749,0.6828258037567139,-0.09238412976264954,0.24965958297252655,0.6290053725242615,-0.11454751342535019,0.23712611198425293,0.5833167433738708,-0.1301947683095932,0.3185400366783142,0.7502845525741577,-0.05897710844874382,0.3009369969367981,0.6626244187355042,-0.08803443610668182,0.28712236881256104,0.6001356840133667,-0.10963330417871475,0.2766377925872803,0.544287919998169,-0.12476710230112076,0.34456777572631836,0.759249210357666,-0.05926497280597687,0.3370148539543152,0.6753674149513245,-0.08646588027477264,0.33083575963974,0.6200175285339355,-0.10412962734699249,0.32591789960861206,0.5697305798530579,-0.11606023460626602,0.37039658427238464,0.7799569964408875,-0.06266798824071884,0.36806565523147583,0.7229912877082825,-0.08709659427404404,0.36360540986061096,0.6839842796325684,-0.09957998991012573,0.3583681583404541,0.6481805443763733,-0.10826538503170013,Paper
0.491468608379364,0.9775051474571228,4.0716213334235363e-07,0.4323026239871979,0.940720796585083,-0.016239367425441742,0.3831462264060974,0.8707079887390137,-0.026247866451740265,0.3483830392360687,0.822717010974884,-0.0368468202650547,0.3151368200778961,0.7921120524406433,-0.04849041998386383,0.41925835609436035,0.7622695565223694,-0.019234780222177505,0.395915687084198,0.6708670258522034,-0.04205898940563202,0.38438668847084045,0.6125221252441406,-0.060066528618335724,0.3776860237121582,0.5617148876190186,-0.07337222248315811,0.4520035982131958,0.755897045135498,-0.029187781736254692,0.44389063119888306,0.6537507772445679,-0.05076008662581444,0.4410130977630615,0.585083544254303,-0.06840844452381134,0.44257932901382446,0.5282721519470215,-0.08114226907491684,0.4830048978328705,0.7712306380271912,-0.04225620999932289,0.49189671874046326,0.6808502674102783,-0.06456658244132996,0.49764785170555115,0.6240480542182922,-0.07827223092317581,0.5024232864379883,0.5742253661155701,-0.08750041574239731,0.5118114948272705,0.8042386770248413,-0.05696331337094307,0.5256344079971313,0.7377570867538452,-0.07630142569541931,0.5324026346206665,0.6922479271888733,-0.08394498378038406,0.5369614362716675,0.649310827255249,-0.0893157422542572,Paper
0.567646324634552,1.01255464553833,3.151523344513407e-07,0.5151667594909668,0.9591585397720337,-0.021508218720555305,0.4726412892341614,0.8881539106369019,-0.035446956753730774,0.43682360649108887,0.8371114730834961,-0.04873122274875641,0.40281859040260315,0.7991414666175842,-0.062403298914432526,0.5279598236083984,0.7853983044624329,-0.022225406020879745,0.5105904936790466,0.6917774677276611,-0.04467698931694031,0.5022665858268738,0.6323837041854858,-0.06267111003398895,0.49661126732826233,0.580464243888855,-0.07683224231004715,0.5669925212860107,0.7878224849700928,-0.0306162778288126,0.5686033368110657,0.6897510886192322,-0.05224639177322388,0.5720064640045166,0.6285355091094971,-0.07000255584716797,0.5754823088645935,0.574052095413208,-0.08301511406898499,0.6012913584709167,0.8146392703056335,-0.042550474405288696,0.6204177141189575,0.7325018644332886,-0.06793329119682312,0.6369594931602478,0.676654040813446,-0.08274537324905396,0.6484935283660889,0.6242666840553284,-0.09237578511238098,0.6305368542671204,0.8584997057914734,-0.056027837097644806,0.654175877571106,0.8038515448570251,-0.0785941407084465,0.6677021980285645,0.765764057636261,-0.08659550547599792,0.6773320436477661,0.7249239683151245,-0.09189777076244354,Paper
0.6083989143371582,0.9975008964538574,3.0833655273454497e-07,0.559270441532135,0.9566788673400879,-0.02686985395848751,0.5206561088562012,0.896392822265625,-0.051858220249414444,0.4897409975528717,0.8471463918685913,-0.07530634850263596,0.46369460225105286,0.8069407343864441,-0.1010744497179985,0.5850405097007751,0.7920617461204529,-0.050938330590724945,0.5703508853912354,0.6975513696670532,-0.07822191715240479,0.5608515739440918,0.638899028301239,-0.0985465720295906,0.5529090166091919,0.5897375345230103,-0.1133994311094284,0.6271165609359741,0.8021364808082581,-0.056001320481300354,0.6390002965927124,0.7054828405380249,-0.08287853002548218,0.6470303535461426,0.6413053274154663,-0.10458718240261078,0.6542249321937561,0.5850040912628174,-0.12043418735265732,0.6606080532073975,0.8367030620574951,-0.0626702606678009,0.694359540939331,0.7558068633079529,-0.08962423354387283,0.7136978507041931,0.7029772400856018,-0.11206748336553574,0.7287126779556274,0.6540374755859375,-0.12734636664390564,0.6877852082252502,0.8853880167007446,-0.07021266222000122,0.7242732048034668,0.8311969041824341,-0.0934806689620018,0.7423833012580872,0.7928715944290161,-0.10524170100688934,0.754509449005127,0.7552014589309692,-0.1129051148891449,Paper
0.670120894908905,1.0204981565475464,4.35135291354527e-07,0.6187454462051392,0.9681305885314941,-0.030557483434677124,0.5762614011764526,0.8942955732345581,-0.05130436271429062,0.5414507985115051,0.8345000743865967,-0.06963332742452621,0.5080894827842712,0.7918534874916077,-0.08878295123577118,0.6532997488975525,0.804853618144989,-0.042648281902074814,0.6436701416969299,0.7025615572929382,-0.06960626691579819,0.6400245428085327,0.6400820016860962,-0.08878940343856812,0.6405240297317505,0.585832417011261,-0.10275287926197052,0.6992102861404419,0.8101997971534729,-0.0474795438349247,0.7154293656349182,0.7068126797676086,-0.07127944380044937,0.729723334312439,0.6421743631362915,-0.0892254188656807,0.7459036111831665,0.5862123966217041,-0.1024475246667862,0.7355446219444275,0.8401060104370117,-0.05559047684073448,0.7694214582443237,0.7574284672737122,-0.0819878950715065,0.7962139844894409,0.7068838477134705,-0.0970817506313324,0.8198233246803284,0.6603081226348877,-0.10698389261960983,0.7636340260505676,0.8874853253364563,-0.06587628275156021,0.8002907037734985,0.8393950462341309,-0.08932378888130188,0.8248676061630249,0.8052020072937012,-0.09751144051551819,0.8462122678756714,0.7702484130859375,-0.102544404566288,Paper
0.7304538488388062,1.0124601125717163,4.7055775098669983e-07,0.6748101711273193,0.9534221887588501,-0.032859887927770615,0.6356043219566345,0.8784995675086975,-0.055114518851041794,0.6050695776939392,0.8164580464363098,-0.07470216602087021,0.5726077556610107,0.7672739028930664,-0.09445975720882416,0.7233502268791199,0.78573077917099,-0.04176703840494156,0.7152884006500244,0.6850793957710266,-0.06787111610174179,0.710382342338562,0.62621009349823,-0.08688931912183762,0.7086045145988464,0.5733623504638672,-0.10055775195360184,0.773616373538971,0.7942198514938354,-0.044548653066158295,0.7974963188171387,0.6971882581710815,-0.0676829144358635,0.8150343298912048,0.634530246257782,-0.0855092853307724,0.8323105573654175,0.5771942138671875,-0.09891324490308762,0.8115627765655518,0.8263784646987915,-0.0509028285741806,0.8538681864738464,0.7536317110061646,-0.07688742876052856,0.8845919370651245,0.7072324752807617,-0.09120919555425644,0.9100054502487183,0.6636354327201843,-0.10015618056058884,0.8393939733505249,0.8728092312812805,-0.05958179011940956,0.882475733757019,0.8218991756439209,-0.08137580007314682,0.9108188152313232,0.7897435426712036,-0.08779370039701462,0.9353495836257935,0.7560341358184814,-0.09138498455286026,Paper
0.7515663504600525,1.0027027130126953,4.763633114635013e-07,0.6980592012405396,0.943205714225769,-0.03675852343440056,0.6596259474754333,0.8615387678146362,-0.05844483524560928,0.6291557550430298,0.7949890494346619,-0.07651626318693161,0.59696364402771,0.7469610571861267,-0.09497331827878952,0.7459649443626404,0.7643770575523376,-0.04195727780461311,0.7413461208343506,0.6693424582481384,-0.06883640587329865,0.7382358312606812,0.6109469532966614,-0.08993694186210632,0.7395042181015015,0.5555985569953918,-0.10611982643604279,0.7959476709365845,0.7701719403266907,-0.04431777074933052,0.8202652335166931,0.6711750626564026,-0.06871584057807922,0.8373991847038269,0.6068559288978577,-0.08886449038982391,0.856647789478302,0.5474201440811157,-0.10436181724071503,0.8325469493865967,0.8023184537887573,-0.05092655494809151,0.8774744272232056,0.7274155616760254,-0.080482117831707,0.9087228775024414,0.6812723875045776,-0.09806168079376221,0.9347965121269226,0.6369202136993408,-0.10918828099966049,0.8588363528251648,0.8511074781417847,-0.06018473580479622,0.9031193256378174,0.801580548286438,-0.08638086915016174,0.9311777353286743,0.7694063186645508,-0.09613603353500366,0.9558078050613403,0.7350053787231445,-0.10221391171216965,Paper
0.7714506983757019,0.9142782688140869,5.049035394222301e-07,0.7160458564758301,0.8558000326156616,-0.02632419764995575,0.6746435761451721,0.7763034701347351,-0.043362006545066833,0.6408817172050476,0.7200464606285095,-0.05880787968635559,0.6083585023880005,0.6894388794898987,-0.07535870373249054,0.7561435699462891,0.6648464798927307,-0.027635483071208,0.7470749020576477,0.5726192593574524,-0.047186363488435745,0.7420597076416016,0.5183344483375549,-0.06366603076457977,0.7392824292182922,0.46874600648880005,-0.07669004052877426,0.8055945038795471,0.6708085536956787,-0.033778782933950424,0.8290982246398926,0.5710813403129578,-0.05074283853173256,0.8443250060081482,0.5103801488876343,-0.06652767211198807,0.8585131764411926,0.45579251646995544,-0.07891714572906494,0.8419508337974548,0.701755940914154,-0.04379791021347046,0.8817749619483948,0.6213523149490356,-0.06602509319782257,0.9080032706260681,0.5685153007507324,-0.08306626230478287,0.930316150188446,0.5187305212020874,-0.09476268291473389,0.8681874871253967,0.748691737651825,-0.05571489408612251,0.9094667434692383,0.6951975226402283,-0.07628490775823593,0.9367951154708862,0.6587827801704407,-0.08503355830907822,0.9610083103179932,0.6210352182388306,-0.09099196642637253,Paper
0.775143563747406,0.8747333884239197,4.3853279407812806e-07,0.7151674628257751,0.8184680938720703,-0.028887907043099403,0.669556736946106,0.7344745397567749,-0.04452115669846535,0.6411342620849609,0.673011064529419,-0.057796090841293335,0.6172828674316406,0.633817195892334,-0.07148599624633789,0.7560118436813354,0.627473771572113,-0.029074275866150856,0.7435540556907654,0.534905195236206,-0.0491597019135952,0.737971305847168,0.47978025674819946,-0.06577424705028534,0.7354503870010376,0.4315394163131714,-0.07844235748052597,0.806918740272522,0.630083441734314,-0.033327367156744,0.8280863761901855,0.5273572206497192,-0.05022594332695007,0.8425712585449219,0.4638326168060303,-0.06579834222793579,0.8566111922264099,0.408731609582901,-0.07778563350439072,0.8447858095169067,0.6583096385002136,-0.04182935506105423,0.8830474615097046,0.5760675668716431,-0.06423410028219223,0.9090104103088379,0.5225781202316284,-0.08137929439544678,0.9304688572883606,0.4748784303665161,-0.09277795255184174,0.8722406029701233,0.7041529417037964,-0.05254689231514931,0.9126189351081848,0.6499950885772705,-0.0736873671412468,0.9381175637245178,0.6116877794265747,-0.08328468352556229,0.9601173996925354,0.573495626449585,-0.08953847736120224,Paper
0.7842236161231995,0.8133540749549866,4.299857607747981e-07,0.7262488603591919,0.755760669708252,-0.024652570486068726,0.6809593439102173,0.6752200126647949,-0.03848572075366974,0.6472076773643494,0.6183018684387207,-0.05048808082938194,0.6183068156242371,0.5810001492500305,-0.06338927894830704,0.7625283598899841,0.5661414861679077,-0.025967519730329514,0.7495157122612,0.4715214967727661,-0.04473339766263962,0.7426739931106567,0.4144143760204315,-0.060233622789382935,0.7384227514266968,0.36430567502975464,-0.0723395049571991,0.8116902112960815,0.567071259021759,-0.031714603304862976,0.8343616724014282,0.4631195366382599,-0.04758200794458389,0.8484815955162048,0.39948487281799316,-0.061959583312273026,0.8603839874267578,0.34464481472969055,-0.07316376268863678,0.8488895893096924,0.5927194356918335,-0.041303228586912155,0.8878591656684875,0.5067906379699707,-0.06274360418319702,0.9135561585426331,0.4521992802619934,-0.07881207019090652,0.9340755939483643,0.4021887183189392,-0.08980341255664825,0.8762534856796265,0.6356390714645386,-0.05268249288201332,0.91643887758255,0.5765864253044128,-0.07354770600795746,0.9413955211639404,0.5358984470367432,-0.0827094167470932,0.9626345038414001,0.49457240104675293,-0.08886737376451492,Paper
0.7954618334770203,0.7050673961639404,4.6979403123259544e-07,0.736885130405426,0.650714635848999,-0.028737910091876984,0.6898524165153503,0.5777226686477661,-0.04683856666088104,0.655394971370697,0.5204868316650391,-0.06264479458332062,0.6291166543960571,0.4742933213710785,-0.0786505788564682,0.7762060165405273,0.4620773494243622,-0.029854070395231247,0.7648212909698486,0.36864686012268066,-0.049791935831308365,0.7587178349494934,0.3136058449745178,-0.06659063696861267,0.7561743259429932,0.26523226499557495,-0.07934349775314331,0.8253185153007507,0.46135976910591125,-0.03417583927512169,0.8501596450805664,0.3565261960029602,-0.050682537257671356,0.8652995824813843,0.29312649369239807,-0.06549863517284393,0.8786840438842773,0.23952588438987732,-0.0771777331829071,0.863334596157074,0.48487532138824463,-0.042624469846487045,0.9015326499938965,0.3972395956516266,-0.06320182234048843,0.9258171319961548,0.34220749139785767,-0.07843785732984543,0.9450756907463074,0.2922372817993164,-0.0891260877251625,0.8926180005073547,0.5258085131645203,-0.05340687930583954,0.9336052536964417,0.463462769985199,-0.07261951267719269,0.9585660696029663,0.4218907654285431,-0.08045938611030579,0.9790219068527222,0.38155025243759155,-0.08570460975170135,Paper
0.7946651577949524,0.6465552449226379,4.365348900137178e-07,0.7335630059242249,0.5942085981369019,-0.027410166338086128,0.6879810094833374,0.5219026207923889,-0.04411070793867111,0.6550145149230957,0.4617961645126343,-0.059010524302721024,0.6282021403312683,0.41493508219718933,-0.07417575269937515,0.7756786346435547,0.3993090093135834,-0.022965306416153908,0.7670345902442932,0.3078494966030121,-0.04108361154794693,0.7607333064079285,0.2567293047904968,-0.05828886851668358,0.7571956515312195,0.20968228578567505,-0.07178477197885513,0.8245424628257751,0.39782631397247314,-0.028021423146128654,0.8482435345649719,0.29145413637161255,-0.042470261454582214,0.860873818397522,0.2259049415588379,-0.057478319853544235,0.8712961673736572,0.17056825757026672,-0.06975283473730087,0.8623687028884888,0.4214739501476288,-0.03760002180933952,0.9005405306816101,0.3329567313194275,-0.05671629309654236,0.925649881362915,0.27612146735191345,-0.07245293259620667,0.9454623460769653,0.22508275508880615,-0.08389902114868164,0.8913144469261169,0.46268951892852783,-0.049645088613033295,0.9331688284873962,0.3981700837612152,-0.06822061538696289,0.9584104418754578,0.3554040193557739,-0.07656841725111008,0.9793539643287659,0.3131648004055023,-0.08256796002388,Paper
0.7649282217025757,0.5811518430709839,4.0147446611626947e-07,0.7084223628044128,0.5299000144004822,-0.02798965759575367,0.6704782247543335,0.45738929510116577,-0.04544588550925255,0.6465229392051697,0.3987275958061218,-0.06076658517122269,0.6260594725608826,0.3487309217453003,-0.07679825276136398,0.7607621550559998,0.33554622530937195,-0.028132254257798195,0.756770670413971,0.2460053712129593,-0.04943611100316048,0.7544193863868713,0.19055679440498352,-0.0687897726893425,0.7543142437934875,0.1410590261220932,-0.08376426994800568,0.8073124289512634,0.33451545238494873,-0.0332755409181118,0.8323923349380493,0.2301548421382904,-0.05122116580605507,0.8523868322372437,0.16661334037780762,-0.06723646819591522,0.8708148002624512,0.11332190036773682,-0.07997602224349976,0.8423988223075867,0.36033472418785095,-0.04271796718239784,0.8841941952705383,0.27231261134147644,-0.06477703899145126,0.9133961200714111,0.21652965247631073,-0.0804433599114418,0.936896562576294,0.16562876105308533,-0.09161842614412308,0.8681057691574097,0.40415000915527344,-0.05452803149819374,0.9097959995269775,0.34026527404785156,-0.07485174387693405,0.9356194734573364,0.2979792356491089,-0.08322322368621826,0.9576236009597778,0.2559093236923218,-0.08923192322254181,Paper
0.737010657787323,0.5710875988006592,3.5682833754435705e-07,0.6907085180282593,0.5067144632339478,-0.010046971961855888,0.6701772212982178,0.4237920939922333,-0.01921999081969261,0.6564375162124634,0.3661452531814575,-0.03140372037887573,0.6385610103607178,0.3191799819469452,-0.04635188728570938,0.7434783577919006,0.31777289509773254,-0.01211064588278532,0.7491568922996521,0.22538840770721436,-0.03398337960243225,0.747898280620575,0.16484524309635162,-0.05406234785914421,0.7478547096252441,0.10906420648097992,-0.07009994983673096,0.7731021642684937,0.323236882686615,-0.02797914296388626,0.8011148571968079,0.21790707111358643,-0.04873540997505188,0.8191384673118591,0.1431201547384262,-0.07104039192199707,0.8360644578933716,0.07816064357757568,-0.08887574076652527,0.793216347694397,0.3500898778438568,-0.04673559218645096,0.8329235315322876,0.2599943280220032,-0.0692380964756012,0.8555550575256348,0.19520814716815948,-0.09172641485929489,0.8740881681442261,0.13756905496120453,-0.109019435942173,0.8058711290359497,0.3928339183330536,-0.06659797579050064,0.8431169390678406,0.33669185638427734,-0.08815784007310867,0.8647717237472534,0.2899155616760254,-0.1025359183549881,0.8838138580322266,0.24404874444007874,-0.1142200231552124,Paper
0.7244461178779602,0.5553566217422485,3.4494306078158843e-07,0.6741573810577393,0.4828989505767822,0.004604789428412914,0.6637434363365173,0.39893993735313416,0.002591383410617709,0.6563642024993896,0.34741273522377014,-0.004334609489887953,0.6439418792724609,0.30579519271850586,-0.013303933665156364,0.6935362219810486,0.32093140482902527,0.0027820218820124865,0.7021146416664124,0.2309664636850357,-0.015624424442648888,0.7069562673568726,0.17335450649261475,-0.031304892152547836,0.7150688767433167,0.12465818226337433,-0.04344155266880989,0.7063133120536804,0.3288692831993103,-0.015601725317537785,0.714904248714447,0.2271374762058258,-0.03414211794734001,0.7229839563369751,0.16420850157737732,-0.050954192876815796,0.7340242862701416,0.10894371569156647,-0.06345801800489426,0.7164486050605774,0.35351479053497314,-0.03560996800661087,0.7282242774963379,0.2571612298488617,-0.05426156520843506,0.7370215654373169,0.1989104449748993,-0.06783857196569443,0.7458727359771729,0.14731715619564056,-0.07833614945411682,0.7239731550216675,0.39144501090049744,-0.05570599436759949,0.7321674823760986,0.3340212106704712,-0.0720980241894722,0.7336505055427551,0.29162222146987915,-0.08067005127668381,0.735798180103302,0.25159427523612976,-0.08808410167694092,Paper
0.7153797149658203,0.53672856092453,3.3127918186437455e-07,0.6670053005218506,0.4678540527820587,0.011583913117647171,0.6578531861305237,0.38844531774520874,0.011428309604525566,0.6554902791976929,0.3375128507614136,0.005661504343152046,0.6486594676971436,0.2967289090156555,-0.003465167013928294,0.6796412467956543,0.3186396062374115,-0.0021029943600296974,0.6882619261741638,0.23442885279655457,-0.02242164872586727,0.694023072719574,0.17630325257778168,-0.03837089240550995,0.7032056450843811,0.12670281529426575,-0.05121784284710884,0.6926923394203186,0.3272936940193176,-0.024646155536174774,0.700671911239624,0.22777171432971954,-0.04837293550372124,0.7089672088623047,0.16194412112236023,-0.06876110285520554,0.7183015942573547,0.10189753770828247,-0.083543561398983,0.7031959891319275,0.3511013090610504,-0.04739353433251381,0.7091733813285828,0.2547093629837036,-0.07165784388780594,0.7161663174629211,0.19320911169052124,-0.09041651338338852,0.7229525446891785,0.1383485347032547,-0.10389971733093262,0.7119676470756531,0.38660597801208496,-0.06886898726224899,0.7147371768951416,0.3253520727157593,-0.09301314502954483,0.712831974029541,0.2794177830219269,-0.10852473974227905,0.7124693989753723,0.23667114973068237,-0.12050338834524155,Paper
0.7011327147483826,0.5282130837440491,3.7412937103908916e-07,0.6562147736549377,0.4631554186344147,0.007369490340352058,0.6492143273353577,0.3859142065048218,0.004983582999557257,0.6520459055900574,0.33277735114097595,-0.002018629340454936,0.6492724418640137,0.28638726472854614,-0.011270050890743732,0.6764394044876099,0.31730520725250244,-0.0030795305501669645,0.6792001128196716,0.23120908439159393,-0.024049196392297745,0.6812022924423218,0.1669042855501175,-0.041122060269117355,0.6875299215316772,0.11186859011650085,-0.053873445838689804,0.6868951916694641,0.3221385180950165,-0.021881993860006332,0.6859543323516846,0.21946287155151367,-0.04598958417773247,0.6886670589447021,0.1465509831905365,-0.06601089239120483,0.6950840950012207,0.0797906219959259,-0.07986929267644882,0.692677915096283,0.34037965536117554,-0.04093944653868675,0.6901993751525879,0.24249334633350372,-0.06273160129785538,0.6918582320213318,0.17777495086193085,-0.07762094587087631,0.6964058876037598,0.1211777776479721,-0.0876891165971756,0.6942905783653259,0.36834630370140076,-0.05949358642101288,0.690706193447113,0.304492712020874,-0.07790923118591309,0.6862284541130066,0.2575877904891968,-0.08825673162937164,0.6849461197853088,0.21448269486427307,-0.09599193930625916,Paper
0.6572393774986267,0.49957576394081116,4.0343243767893e-07,0.6547240018844604,0.42413294315338135,0.020693408325314522,0.6334596276283264,0.35399800539016724,0.019671594724059105,0.6168107986450195,0.3036341965198517,0.013870635069906712,0.5980199575424194,0.26858994364738464,0.00512993149459362,0.6342520713806152,0.2965651750564575,-0.02227422222495079,0.6165557503700256,0.19055670499801636,-0.04730745777487755,0.6138595342636108,0.12050695717334747,-0.06278707087039948,0.6178831458091736,0.06167086958885193,-0.07258492708206177,0.6300477981567383,0.3102467954158783,-0.0453815683722496,0.6015217900276184,0.19123607873916626,-0.07031220942735672,0.5899440050125122,0.10980039834976196,-0.08696281909942627,0.5836266875267029,0.04126936197280884,-0.09960372745990753,0.619723379611969,0.33642637729644775,-0.06509397178888321,0.5840237140655518,0.2282549887895584,-0.08680129051208496,0.5657498836517334,0.1598351150751114,-0.10151489824056625,0.5545268058776855,0.10398080945014954,-0.11248988658189774,0.6054640412330627,0.37075871229171753,-0.0817483514547348,0.5759130120277405,0.3063182830810547,-0.10591571033000946,0.5574471354484558,0.2601113021373749,-0.11955571919679642,0.5408444404602051,0.21547353267669678,-0.12875454127788544,Paper
0.6255218982696533,0.51155024766922,3.9783768102097383e-07,0.6187840700149536,0.43610861897468567,0.02203148417174816,0.5953952670097351,0.3661417067050934,0.02209419012069702,0.5756450891494751,0.31964996457099915,0.016776910051703453,0.557884931564331,0.2875092029571533,0.008879683911800385,0.5882512927055359,0.2996899485588074,-0.015525166876614094,0.5671635866165161,0.1928011029958725,-0.03880932554602623,0.5661956667900085,0.12662792205810547,-0.05272461846470833,0.5712925791740417,0.07232098281383514,-0.060670580714941025,0.5803623199462891,0.31361478567123413,-0.038929883390665054,0.5387291312217712,0.1941150575876236,-0.05840039253234863,0.5200702548027039,0.11356619000434875,-0.07203344255685806,0.5079417824745178,0.0470404326915741,-0.08295543491840363,0.5685234069824219,0.34256255626678467,-0.0598439946770668,0.5198371410369873,0.24273084104061127,-0.07793118059635162,0.4947955906391144,0.17914129793643951,-0.09270886331796646,0.4800971746444702,0.12547501921653748,-0.10423357039690018,0.5549191236495972,0.3810882866382599,-0.07773637026548386,0.5177208185195923,0.3222469091415405,-0.09813714772462845,0.4943733215332031,0.27998480200767517,-0.11063041538000107,0.475452721118927,0.23824957013130188,-0.11969340592622757,Paper
0.588508129119873,0.5101921558380127,3.1506166919825773e-07,0.5837221741676331,0.42960265278816223,0.023115716874599457,0.5648344159126282,0.36295419931411743,0.023120449855923653,0.5521126985549927,0.3150804340839386,0.018531087785959244,0.5487827062606812,0.2769206166267395,0.011408557184040546,0.5286810398101807,0.2978740334510803,-0.021714884787797928,0.5003799200057983,0.19884268939495087,-0.051214344799518585,0.4982157349586487,0.13446660339832306,-0.06953175365924835,0.5040336847305298,0.08133569359779358,-0.08014518022537231,0.5165899395942688,0.3196202516555786,-0.04468074068427086,0.4583943486213684,0.2122495323419571,-0.06874110549688339,0.43469101190567017,0.14029529690742493,-0.08325432240962982,0.41785719990730286,0.07867282629013062,-0.0947965532541275,0.5045247077941895,0.35650601983070374,-0.06494170427322388,0.4403011202812195,0.2744806408882141,-0.08591348677873611,0.4090668559074402,0.22155773639678955,-0.10032912343740463,0.3886965811252594,0.1731714904308319,-0.11190547794103622,0.49496984481811523,0.4025874733924866,-0.08195778727531433,0.4482940137386322,0.35874509811401367,-0.10625988990068436,0.42095518112182617,0.32578548789024353,-0.12105302512645721,0.39792588353157043,0.28854161500930786,-0.13162775337696075,Paper
0.5566729307174683,0.49906492233276367,3.250145539368532e-07,0.5532344579696655,0.4116283059120178,0.02705634944140911,0.5331003069877625,0.3504163920879364,0.02892284095287323,0.5245620608329773,0.3038453757762909,0.025193559005856514,0.5232915282249451,0.26738250255584717,0.018738873302936554,0.4854179322719574,0.29152289032936096,-0.017254766076803207,0.4578813910484314,0.1999511420726776,-0.047524210065603256,0.45354384183883667,0.1365577131509781,-0.06794238835573196,0.45737558603286743,0.0830407440662384,-0.08069773018360138,0.4736877977848053,0.3182087242603302,-0.043149787932634354,0.41144296526908875,0.21982815861701965,-0.07161333411931992,0.3818661570549011,0.1507575362920761,-0.09120067954063416,0.3593144118785858,0.09134972095489502,-0.10626910626888275,0.46246394515037537,0.3588969111442566,-0.06618739664554596,0.3914320766925812,0.2818797528743744,-0.0932302251458168,0.35112667083740234,0.2313488870859146,-0.11286669224500656,0.32249248027801514,0.18340936303138733,-0.12693777680397034,0.45413798093795776,0.4068153500556946,-0.08495380729436874,0.39700835943222046,0.36636605858802795,-0.11463598906993866,0.36214274168014526,0.3371131420135498,-0.1328243762254715,0.33195072412490845,0.3023056983947754,-0.14519473910331726,Paper
0.46776890754699707,0.48492109775543213,6.158238647913095e-07,0.48360952734947205,0.41368168592453003,0.02068338543176651,0.48253732919692993,0.36517637968063354,0.019055180251598358,0.48470160365104675,0.3129342496395111,0.01790240779519081,0.4826768636703491,0.2648431062698364,0.01603696309030056,0.39925387501716614,0.3076378107070923,-0.03045896254479885,0.372903048992157,0.22285734117031097,-0.04746809974312782,0.3579297661781311,0.16237099468708038,-0.056495197117328644,0.3495800793170929,0.11123213171958923,-0.061901990324258804,0.37357160449028015,0.34269118309020996,-0.044227659702301025,0.3182705044746399,0.2733381688594818,-0.06558522582054138,0.27976277470588684,0.22300398349761963,-0.07630489021539688,0.25309890508651733,0.18502265214920044,-0.084591343998909,0.357158899307251,0.3904830813407898,-0.052735716104507446,0.29369056224823,0.33908095955848694,-0.07706721127033234,0.250855952501297,0.29829734563827515,-0.08937279880046844,0.22098268568515778,0.2628815174102783,-0.09690745919942856,0.3515206575393677,0.436748206615448,-0.055750902742147446,0.2982501983642578,0.4065336287021637,-0.07907680422067642,0.26530858874320984,0.3851853907108307,-0.08960331231355667,0.23562757670879364,0.3605496287345886,-0.09595337510108948,Paper
0.47594425082206726,0.5325204133987427,5.424544156085176e-07,0.4835412800312042,0.4531361162662506,-0.0038883087690919638,0.47531893849372864,0.38856545090675354,-0.014021928422152996,0.4723546504974365,0.3326815366744995,-0.024988042190670967,0.47054392099380493,0.2891058027744293,-0.037294335663318634,0.3865610659122467,0.3568139374256134,-0.03087802790105343,0.35496488213539124,0.2722688317298889,-0.05576463043689728,0.33874690532684326,0.2130703330039978,-0.07288570702075958,0.32810842990875244,0.16347193717956543,-0.08346229046583176,0.35843682289123535,0.38820329308509827,-0.04049172252416611,0.2961089015007019,0.31084638833999634,-0.06374714523553848,0.2563779056072235,0.2616289556026459,-0.08048306405544281,0.22478507459163666,0.22270022332668304,-0.09218069165945053,0.3437345623970032,0.4305287003517151,-0.0491083487868309,0.2788514494895935,0.3804435729980469,-0.06965664029121399,0.23443667590618134,0.3479527235031128,-0.08472366631031036,0.20031026005744934,0.32163766026496887,-0.0943572148680687,0.3409108519554138,0.4786204397678375,-0.05698276683688164,0.28592872619628906,0.45494937896728516,-0.0747603327035904,0.2495250403881073,0.4387722313404083,-0.0835222452878952,0.21794480085372925,0.4216969609260559,-0.08816061913967133,Paper
0.47750645875930786,0.5803108811378479,5.072577096143505e-07,0.48470962047576904,0.49725019931793213,-0.0010887900134548545,0.4753701686859131,0.4292646050453186,-0.008744776248931885,0.4674341380596161,0.3713274300098419,-0.017053086310625076,0.46016988158226013,0.33011114597320557,-0.026646550744771957,0.38328906893730164,0.41125810146331787,-0.029208354651927948,0.3443722128868103,0.3290429711341858,-0.04894901067018509,0.32222864031791687,0.2764911651611328,-0.06119909882545471,0.3059261739253998,0.23305349051952362,-0.06884048879146576,0.3576287031173706,0.44723016023635864,-0.038221608847379684,0.2863180935382843,0.38116058707237244,-0.0593247152864933,0.24172812700271606,0.33967459201812744,-0.07416559010744095,0.20702168345451355,0.30750173330307007,-0.08452913910150528,0.34422099590301514,0.49164095520973206,-0.045455288141965866,0.27202701568603516,0.4559134840965271,-0.06512122601270676,0.22596322000026703,0.43159347772598267,-0.07966793328523636,0.19186779856681824,0.41263458132743835,-0.08847928047180176,0.3419901430606842,0.538726806640625,-0.051352061331272125,0.2812688946723938,0.5205455422401428,-0.06857313960790634,0.24372826516628265,0.5114045143127441,-0.07722208648920059,0.21290646493434906,0.5020097494125366,-0.08143647760152817,Paper
0.4645474851131439,0.5956801772117615,6.410137416423822e-07,0.4754464328289032,0.5081422924995422,0.019089337438344955,0.4734148681163788,0.45307719707489014,0.018443796783685684,0.4636666476726532,0.3969423770904541,0.020103147253394127,0.45570793747901917,0.3499622344970703,0.021355407312512398,0.37538477778434753,0.4430486559867859,-0.02901594154536724,0.3335730731487274,0.36594146490097046,-0.038501154631376266,0.30875977873802185,0.30896133184432983,-0.04259271174669266,0.29237931966781616,0.2650429606437683,-0.0442049466073513,0.35599881410598755,0.485389769077301,-0.03467586264014244,0.2868373394012451,0.43360981345176697,-0.039270345121622086,0.24581943452358246,0.4010133445262909,-0.03619691729545593,0.2180779129266739,0.37742170691490173,-0.036079466342926025,0.34600940346717834,0.5363582372665405,-0.03571206331253052,0.2678006887435913,0.5001721978187561,-0.048383016139268875,0.2184312343597412,0.476698637008667,-0.054844554513692856,0.18429182469844818,0.455597460269928,-0.059390559792518616,0.34210413694381714,0.5811814069747925,-0.030991168692708015,0.2817869186401367,0.5679236650466919,-0.04721444845199585,0.24558359384536743,0.5586442947387695,-0.05577043816447258,0.21460895240306854,0.5417346358299255,-0.061271216720342636,Paper
0.501783549785614,0.6482661366462708,5.805255796076381e-07,0.49617859721183777,0.5542652010917664,-0.0044913156889379025,0.4812629818916321,0.479245662689209,-0.016626445576548576,0.4697355628013611,0.41800588369369507,-0.029002094641327858,0.46053531765937805,0.3765729069709778,-0.0430016927421093,0.38706719875335693,0.4979340434074402,-0.03490680828690529,0.33488747477531433,0.43230557441711426,-0.055038996040821075,0.30500656366348267,0.38860389590263367,-0.0680403783917427,0.28193604946136475,0.35200005769729614,-0.0765683501958847,0.36529386043548584,0.545451283454895,-0.043476853519678116,0.2842200994491577,0.5013431310653687,-0.06469880044460297,0.2329147756099701,0.4731498658657074,-0.0808819979429245,0.19452661275863647,0.45375508069992065,-0.09319563955068588,0.3583196997642517,0.5966666340827942,-0.05006372183561325,0.2819646894931793,0.5819583535194397,-0.06903857737779617,0.23264198005199432,0.5715243220329285,-0.08320914953947067,0.19830772280693054,0.564094066619873,-0.09288977831602097,0.362407386302948,0.645727276802063,-0.0555642768740654,0.299648642539978,0.644054651260376,-0.07232894748449326,0.26341313123703003,0.6406733989715576,-0.08043498545885086,0.2337157279253006,0.6347819566726685,-0.08498584479093552,Paper
0.4946979880332947,0.9666436910629272,7.269441084645223e-07,0.48506325483322144,0.8521904945373535,-0.019184282049536705,0.4603046774864197,0.760759174823761,-0.03306451067328453,0.44270819425582886,0.6799671649932861,-0.04409291595220566,0.4385487735271454,0.6232738494873047,-0.055832188576459885,0.36018264293670654,0.8034780025482178,-0.036290161311626434,0.29724976420402527,0.7330543994903564,-0.05022672936320305,0.2605264484882355,0.6907775402069092,-0.060304906219244,0.23048202693462372,0.657926619052887,-0.06853947043418884,0.3356896638870239,0.8634076118469238,-0.03678927570581436,0.2475205957889557,0.8266767859458923,-0.05193692073225975,0.1947396844625473,0.8095753788948059,-0.06751992553472519,0.15633992850780487,0.8012846112251282,-0.08014747500419617,0.3300390839576721,0.9224072098731995,-0.03658795356750488,0.24895933270454407,0.9176985621452332,-0.05200549215078354,0.19736431539058685,0.9179350137710571,-0.06933344900608063,0.158406600356102,0.9216498732566833,-0.08196954429149628,0.33725252747535706,0.9725580215454102,-0.03674766421318054,0.2735338807106018,0.9784317016601562,-0.05252235010266304,0.23673224449157715,0.9859285354614258,-0.06367367506027222,0.2035503089427948,0.9901739954948425,-0.07070693373680115,Paper
0.3221847712993622,0.635378360748291,4.811377039004583e-07,0.37461042404174805,0.6141495108604431,-0.011457815766334534,0.4076365530490875,0.5525550842285156,-0.021538475528359413,0.4303133487701416,0.5099971294403076,-0.03354986384510994,0.45120084285736084,0.4794681668281555,-0.048034027218818665,0.4041849672794342,0.4358556866645813,-0.02862159162759781,0.42887651920318604,0.3496447503566742,-0.05462249368429184,0.4482066035270691,0.29429325461387634,-0.07374407351016998,0.46603843569755554,0.24556970596313477,-0.08826024830341339,0.378680557012558,0.42819464206695557,-0.043071724474430084,0.38583219051361084,0.3241204619407654,-0.07036826759576797,0.3927694261074066,0.2512299120426178,-0.09405793994665146,0.4008587598800659,0.18656989932060242,-0.11088233441114426,0.35168132185935974,0.44938021898269653,-0.05837198346853256,0.3384315073490143,0.34898149967193604,-0.08713728189468384,0.3358418941497803,0.2757989764213562,-0.10829801112413406,0.338239848613739,0.21115201711654663,-0.12265172600746155,0.3237123191356659,0.4920627176761627,-0.07394971698522568,0.30331552028656006,0.42206889390945435,-0.10371585190296173,0.2983223795890808,0.371474951505661,-0.11892430484294891,0.29947179555892944,0.32240986824035645,-0.12849996984004974,Paper
0.23235124349594116,0.6520853042602539,4.33161375212876e-07,0.29780256748199463,0.6215353608131409,-0.024642225354909897,0.347867876291275,0.5585841536521912,-0.042095575481653214,0.3864648938179016,0.5108276605606079,-0.059671565890312195,0.41825658082962036,0.47645726799964905,-0.08012393862009048,0.3233506679534912,0.4349799156188965,-0.05211562663316727,0.3498867154121399,0.33475714921951294,-0.08480077236890793,0.36554577946662903,0.2724572420120239,-0.10668672621250153,0.3793294131755829,0.21521063148975372,-0.12360327690839767,0.281105101108551,0.4290843904018402,-0.0648469477891922,0.2806941568851471,0.3054083585739136,-0.09967435896396637,0.279996782541275,0.2255859375,-0.1263003945350647,0.2774013876914978,0.15480345487594604,-0.14541520178318024,0.2423904985189438,0.45854732394218445,-0.07883629202842712,0.2163710594177246,0.3520543575286865,-0.1140911653637886,0.2013329416513443,0.2807590961456299,-0.13748790323734283,0.19099225103855133,0.21514543890953064,-0.15349918603897095,0.20788611471652985,0.5112160444259644,-0.09413126856088638,0.17189368605613708,0.44597822427749634,-0.12849174439907074,0.15216974914073944,0.39941075444221497,-0.1451893001794815,0.13821876049041748,0.35222089290618896,-0.15582560002803802,Paper
0.24634957313537598,0.7226224541664124,8.268044098258542e-07,0.30590173602104187,0.7075308561325073,-0.040608085691928864,0.34770816564559937,0.6507660150527954,-0.06953692436218262,0.3866296112537384,0.6057187914848328,-0.0930960476398468,0.4240511655807495,0.5681666135787964,-0.12005414068698883,0.3132140040397644,0.5442990660667419,-0.08281738311052322,0.32991790771484375,0.45801371335983276,-0.12405242770910263,0.3445190191268921,0.3972626328468323,-0.1529776006937027,0.3566269874572754,0.3422883152961731,-0.17419354617595673,0.26927632093429565,0.5434417128562927,-0.08954917639493942,0.2638920843601227,0.44302186369895935,-0.1314152032136917,0.26193052530288696,0.37246131896972656,-0.16241364181041718,0.2575313448905945,0.30997806787490845,-0.18406349420547485,0.2294333279132843,0.5742239356040955,-0.09768208116292953,0.20491044223308563,0.4795965254306793,-0.14343518018722534,0.1896742582321167,0.4081307053565979,-0.1734447479248047,0.17578807473182678,0.3421412408351898,-0.19212307035923004,0.1964096873998642,0.6261431574821472,-0.10663400590419769,0.16333401203155518,0.5680766701698303,-0.1493338793516159,0.1393655240535736,0.5273187756538391,-0.16848570108413696,0.118055060505867,0.48458659648895264,-0.17983147501945496,Paper
0.25110089778900146,0.8278568983078003,3.3895315709742135e-07,0.3164576292037964,0.7854025959968567,-0.02257695607841015,0.36232417821884155,0.7163375020027161,-0.041534990072250366,0.40129709243774414,0.6612676382064819,-0.0603623129427433,0.4385070204734802,0.6220943927764893,-0.08249389380216599,0.3380220830440521,0.6197879314422607,-0.05844242498278618,0.3579411804676056,0.5180432200431824,-0.09181127697229385,0.3693959414958954,0.45716583728790283,-0.11202898621559143,0.3798764944076538,0.4002436101436615,-0.12728801369667053,0.3015166223049164,0.6256194710731506,-0.07216985523700714,0.29464852809906006,0.5125266909599304,-0.10605603456497192,0.2891639471054077,0.43601012229919434,-0.12903976440429688,0.28100329637527466,0.3637290596961975,-0.14548717439174652,0.26511895656585693,0.6647712588310242,-0.08655237406492233,0.23401117324829102,0.5745300650596619,-0.1213589534163475,0.2135879099369049,0.5100865364074707,-0.14225754141807556,0.19825682044029236,0.44493135809898376,-0.1567050814628601,0.2334403693675995,0.7251614332199097,-0.10180594027042389,0.19381746649742126,0.6757838726043701,-0.13644945621490479,0.1720607429742813,0.6394340991973877,-0.1514611840248108,0.15606196224689484,0.598800778388977,-0.16073709726333618,Paper
0.4541710615158081,0.898199737071991,2.3869316123636963e-07,0.5222945809364319,0.8696774244308472,-0.013590642251074314,0.5717517733573914,0.8019084930419922,-0.023990318179130554,0.6081271767616272,0.7498570680618286,-0.0365229956805706,0.6428102850914001,0.7168514132499695,-0.05145179480314255,0.565573513507843,0.6899199485778809,-0.02723187394440174,0.5901586413383484,0.5974928736686707,-0.053105395287275314,0.6079267263412476,0.5419338941574097,-0.07211970537900925,0.624712347984314,0.49213898181915283,-0.08688931912183762,0.5356266498565674,0.6874352097511292,-0.040547359734773636,0.5377993583679199,0.5773841142654419,-0.06623555719852448,0.5402801036834717,0.5069515109062195,-0.08709162473678589,0.5415794253349304,0.44456547498703003,-0.10248168557882309,0.5041908621788025,0.7123517394065857,-0.05561220645904541,0.4896901547908783,0.617280900478363,-0.08263131976127625,0.48422831296920776,0.5546361207962036,-0.10121525824069977,0.4818604588508606,0.49564164876937866,-0.11484892666339874,0.47259336709976196,0.7568821907043457,-0.071770578622818,0.4477381110191345,0.6994225978851318,-0.10068165510892868,0.4380439221858978,0.656527042388916,-0.11574994772672653,0.4333302080631256,0.6116766929626465,-0.1256686896085739,Paper
0.5845922827720642,0.8302978873252869,5.94562891365058e-07,0.6266814470291138,0.8216778635978699,-0.02480246312916279,0.6548768281936646,0.7740723490715027,-0.04347093775868416,0.6785728335380554,0.7367876768112183,-0.0607229508459568,0.7037781476974487,0.7080659866333008,-0.0805104523897171,0.6475932598114014,0.6715911626815796,-0.054658494889736176,0.672678530216217,0.5899507999420166,-0.08646796643733978,0.6914445757865906,0.5374427437782288,-0.10792212933301926,0.707019031047821,0.49256229400634766,-0.12342417985200882,0.6165292263031006,0.6664568185806274,-0.06314387917518616,0.6230055093765259,0.5662509202957153,-0.09617813676595688,0.6301489472389221,0.4979930520057678,-0.1226026713848114,0.6358461380004883,0.4408153295516968,-0.14105363190174103,0.5844996571540833,0.6878772974014282,-0.07208643108606339,0.5722655057907104,0.5983006358146667,-0.10563646256923676,0.5683041214942932,0.5320273637771606,-0.12873896956443787,0.5669885277748108,0.47590094804763794,-0.14369848370552063,0.5541771650314331,0.7271617650985718,-0.08159724622964859,0.5368610620498657,0.6722909212112427,-0.11332425475120544,0.5294346809387207,0.6288400888442993,-0.12863370776176453,0.5241684913635254,0.5883806347846985,-0.13797065615653992,Paper
0.6054458022117615,0.8649207949638367,1.568116374528472e-07,0.6698039174079895,0.8390680551528931,-0.005924019496887922,0.7149781584739685,0.7758721113204956,-0.013824299909174442,0.7451276183128357,0.7295070886611938,-0.02488425187766552,0.7773466110229492,0.7030694484710693,-0.03832102566957474,0.7182053327560425,0.6667749285697937,-0.02135620266199112,0.74616938829422,0.5736433267593384,-0.04488334804773331,0.7661195993423462,0.5209246873855591,-0.061215147376060486,0.7865833640098572,0.47500908374786377,-0.07366801798343658,0.6938915252685547,0.6660696268081665,-0.03698933869600296,0.7011940479278564,0.5551156997680664,-0.0602399967610836,0.708153486251831,0.4852496087551117,-0.07811532914638519,0.7140103578567505,0.42371666431427,-0.09122947603464127,0.6676061153411865,0.6908528208732605,-0.053785618394613266,0.6553349494934082,0.5922019481658936,-0.07772246748209,0.65252286195755,0.529373049736023,-0.09342992305755615,0.6528222560882568,0.46990349888801575,-0.10484714806079865,0.6412742137908936,0.7347093224525452,-0.07106465846300125,0.6185944080352783,0.670540988445282,-0.09652382880449295,0.6125094890594482,0.6240682005882263,-0.10953246802091599,0.6102001667022705,0.575568675994873,-0.1181466281414032,Paper
0.7031831741333008,0.7914108037948608,5.963598823655047e-07,0.7422728538513184,0.7800810933113098,-0.021816544234752655,0.7676361799240112,0.748261034488678,-0.04310346022248268,0.787384569644928,0.7219328284263611,-0.06374505162239075,0.8057375550270081,0.698426365852356,-0.08722798526287079,0.7697277665138245,0.6468891501426697,-0.055668216198682785,0.7966556549072266,0.5679384469985962,-0.08964014053344727,0.8153114318847656,0.51736980676651,-0.11173336952924728,0.830477237701416,0.4744851291179657,-0.12648670375347137,0.7417219877243042,0.6436769962310791,-0.06649108231067657,0.75310218334198,0.5480178594589233,-0.09882263839244843,0.7612122297286987,0.4814128279685974,-0.12212103605270386,0.7673819065093994,0.4220041334629059,-0.1375635862350464,0.7120029330253601,0.6636929512023926,-0.07789319008588791,0.7066285610198975,0.5754113793373108,-0.1100870668888092,0.7089899182319641,0.514554500579834,-0.12991736829280853,0.7146368622779846,0.45943576097488403,-0.14204491674900055,0.6834059953689575,0.7008028030395508,-0.08981584757566452,0.6704180240631104,0.6462191343307495,-0.12058664113283157,0.6676890254020691,0.6058957576751709,-0.13337582349777222,0.66973876953125,0.5671985149383545,-0.14021098613739014,Paper
0.6757268905639648,0.8045719265937805,8.93409790592159e-08,0.7396138310432434,0.786170244216919,-6.800009578000754e-05,0.7844378352165222,0.7250977754592896,-0.004845873918384314,0.8130079507827759,0.6808733344078064,-0.013722820207476616,0.8427752256393433,0.6521971225738525,-0.025547150522470474,0.7970752120018005,0.6149440407752991,-0.015132028609514236,0.8283078670501709,0.519551694393158,-0.03526376187801361,0.8500158786773682,0.4664134383201599,-0.050240904092788696,0.8690844774246216,0.42199814319610596,-0.06242949143052101,0.7802143096923828,0.615644633769989,-0.03292785584926605,0.795262336730957,0.5030165910720825,-0.05393883213400841,0.8062996864318848,0.4342690706253052,-0.07368272542953491,0.8141101598739624,0.37236329913139343,-0.08918572962284088,0.7579023838043213,0.6375464797019958,-0.05127660185098648,0.7564553022384644,0.5367123484611511,-0.07366859912872314,0.7618686556816101,0.4709987938404083,-0.09271939843893051,0.765967071056366,0.41008639335632324,-0.1074400395154953,0.7333356142044067,0.6763859391212463,-0.06920627504587173,0.7251583337783813,0.607332170009613,-0.0923600122332573,0.7274014949798584,0.5591183304786682,-0.10650941729545593,0.7296262979507446,0.5105735659599304,-0.11736472696065903,Paper
0.6949412226676941,0.7727891206741333,6.032280452927807e-08,0.75627601146698,0.7522785067558289,2.4048604245763272e-05,0.8023220896720886,0.6927485466003418,-0.0033026242163032293,0.8340267539024353,0.6524031758308411,-0.01088353805243969,0.8635197281837463,0.6309801936149597,-0.021193770691752434,0.8082869052886963,0.5761635899543762,-0.009863323532044888,0.8341306447982788,0.4842506945133209,-0.02773815020918846,0.851725161075592,0.4317115545272827,-0.041186146438121796,0.8682221174240112,0.3872653841972351,-0.05253921076655388,0.7893404364585876,0.5726518630981445,-0.026983052492141724,0.7999942898750305,0.46480557322502136,-0.045535773038864136,0.8099882006645203,0.3975069522857666,-0.06293857097625732,0.8180875778198242,0.3375919759273529,-0.0766226053237915,0.7658404111862183,0.5915799736976624,-0.04499499872326851,0.7611626982688904,0.49105873703956604,-0.06454367935657501,0.7647144198417664,0.4280009865760803,-0.08035406470298767,0.7688583135604858,0.3692653477191925,-0.09298735111951828,0.7406213283538818,0.6290912628173828,-0.06309069693088531,0.7262211441993713,0.5629239678382874,-0.08400256931781769,0.7244258522987366,0.5169070959091187,-0.09630883485078812,0.7244297862052917,0.47013217210769653,-0.10574519634246826,Paper
0.703498899936676,0.7240766882896423,3.3712868230395543e-07,0.7647067904472351,0.7112446427345276,-0.02120688371360302,0.8200809359550476,0.6655658483505249,-0.03442907705903053,0.8639350533485413,0.630552351474762,-0.04835905134677887,0.9019739031791687,0.6027830839157104,-0.06274452060461044,0.800365149974823,0.5222241878509521,-0.0229157954454422,0.8252855539321899,0.4374222159385681,-0.04461399465799332,0.8413219451904297,0.38809338212013245,-0.06084549427032471,0.8563979864120483,0.34392648935317993,-0.07329848408699036,0.7712685465812683,0.508300244808197,-0.030718659982085228,0.7760726809501648,0.4023529589176178,-0.05187121033668518,0.7832916378974915,0.3354761302471161,-0.06915432959794998,0.7873457670211792,0.2780231833457947,-0.08166546374559402,0.742074728012085,0.5220308899879456,-0.04163200035691261,0.7263177633285522,0.4295380711555481,-0.06390896439552307,0.7235233783721924,0.36980488896369934,-0.07894337922334671,0.72308748960495,0.3157920837402344,-0.0893278643488884,0.714948296546936,0.5574294924736023,-0.05484432354569435,0.6907140016555786,0.49617114663124084,-0.07711555063724518,0.6803244352340698,0.4525536596775055,-0.08855606615543365,0.6741975545883179,0.4090370237827301,-0.09588934481143951,Paper
0.7512505650520325,0.6689854860305786,6.187726739881327e-07,0.81281578540802,0.6620473861694336,-0.0421147383749485,0.8766984939575195,0.6359269022941589,-0.06769774109125137,0.9309054613113403,0.6192839741706848,-0.09070269763469696,0.9789553284645081,0.6112034916877747,-0.11363881081342697,0.8514660596847534,0.46638667583465576,-0.043599683791399,0.8817122578620911,0.38134604692459106,-0.06969177722930908,0.8989224433898926,0.3286103904247284,-0.09002794325351715,0.9124924540519714,0.2788007855415344,-0.10532481968402863,0.8087875843048096,0.44556111097335815,-0.04205799102783203,0.8172091245651245,0.3480566740036011,-0.0651976466178894,0.8210057020187378,0.285513699054718,-0.08435308933258057,0.8210878968238831,0.23185968399047852,-0.09843070060014725,0.7682960033416748,0.45427894592285156,-0.044770605862140656,0.7559709548950195,0.36859044432640076,-0.06683112680912018,0.7482133507728577,0.3131554424762726,-0.08256058394908905,0.7429637312889099,0.2610931992530823,-0.09339512884616852,0.7308070063591003,0.4863097071647644,-0.05165454372763634,0.7102086544036865,0.42627400159835815,-0.07185199856758118,0.6986563205718994,0.387498676776886,-0.0818597748875618,0.6909730434417725,0.3475402593612671,-0.08792896568775177,Paper
0.73541259765625,0.6081903576850891,6.105611305429193e-07,0.7961456775665283,0.5902224779129028,-0.03789320960640907,0.8520446419715881,0.5514844059944153,-0.0609729029238224,0.9038568735122681,0.5228815078735352,-0.08187540620565414,0.9494582414627075,0.5054838061332703,-0.10280173271894455,0.820630669593811,0.3875686526298523,-0.03927513584494591,0.8495932817459106,0.3013771176338196,-0.06543495506048203,0.8682336807250977,0.2481646090745926,-0.08704247325658798,0.8826513886451721,0.19799858331680298,-0.10301428288221359,0.7774215936660767,0.3709366023540497,-0.039211705327034,0.7790130972862244,0.2723661959171295,-0.060322776436805725,0.7802615165710449,0.21226546168327332,-0.07835137844085693,0.7781586050987244,0.1605128049850464,-0.09191997349262238,0.7377791404724121,0.38367143273353577,-0.04323429986834526,0.7231191992759705,0.3024534583091736,-0.0628485381603241,0.7155559062957764,0.24929092824459076,-0.07570074498653412,0.7092214226722717,0.19862200319766998,-0.08482686430215836,0.7017960548400879,0.41966262459754944,-0.05127188190817833,0.6806522011756897,0.36042067408561707,-0.06907113641500473,0.6692653298377991,0.32235509157180786,-0.07633301615715027,0.6605053544044495,0.28286829590797424,-0.08038797229528427,Paper
0.6789931058883667,0.5518569350242615,7.594338171657e-07,0.7360631227493286,0.5282502770423889,-0.03979397192597389,0.7900350093841553,0.4835774302482605,-0.06543449312448502,0.8387523889541626,0.449472039937973,-0.08850914239883423,0.8829485177993774,0.43001121282577515,-0.11217909306287766,0.7475386261940002,0.3246898651123047,-0.05083613842725754,0.7695388793945312,0.22861969470977783,-0.08275958895683289,0.7843799591064453,0.16885767877101898,-0.1066669374704361,0.7973129749298096,0.11418381333351135,-0.1233237087726593,0.7038524746894836,0.3129124939441681,-0.05239002779126167,0.698556661605835,0.20408989489078522,-0.07937315106391907,0.695900559425354,0.13781693577766418,-0.10009017586708069,0.6921284794807434,0.08231708407402039,-0.11465644091367722,0.665871262550354,0.3314177691936493,-0.05761132389307022,0.6392936706542969,0.24627602100372314,-0.0833074152469635,0.6257115602493286,0.19327357411384583,-0.09861143678426743,0.6160132884979248,0.14711213111877441,-0.10817799717187881,0.6324791312217712,0.374102383852005,-0.06667693704366684,0.6014974117279053,0.315923273563385,-0.08831048756837845,0.5847727060317993,0.2825588881969452,-0.09631850570440292,0.5727695226669312,0.2501620352268219,-0.1002170741558075,Paper
0.5191744565963745,0.46379774808883667,8.283913643936103e-07,0.5717963576316833,0.4323713779449463,-0.04501311853528023,0.6187657713890076,0.38309958577156067,-0.07490779459476471,0.6645243763923645,0.34463754296302795,-0.10135342925786972,0.704476535320282,0.3216053247451782,-0.12893591821193695,0.5668434500694275,0.22807975113391876,-0.06449224799871445,0.580659031867981,0.12393017113208771,-0.10137714445590973,0.5907290577888489,0.057995110750198364,-0.12848903238773346,0.6004205346107483,-0.0004627406597137451,-0.14728118479251862,0.5194278359413147,0.21943001449108124,-0.06597960740327835,0.505692183971405,0.09887127578258514,-0.09760848432779312,0.49843576550483704,0.026393890380859375,-0.12234160304069519,0.491921991109848,-0.03433433175086975,-0.1398002952337265,0.4819774329662323,0.24117925763130188,-0.070744089782238,0.44884610176086426,0.1440272033214569,-0.10028855502605438,0.4270198345184326,0.08060547709465027,-0.12105072289705276,0.41072744131088257,0.02691522240638733,-0.13490210473537445,0.453016459941864,0.2888261079788208,-0.07938773185014725,0.41307878494262695,0.23035913705825806,-0.10551118850708008,0.38676750659942627,0.1933298408985138,-0.11797966808080673,0.36676645278930664,0.15602442622184753,-0.1253633201122284,Paper
0.4475206434726715,0.4451926350593567,6.577141107300122e-07,0.4978840947151184,0.40998977422714233,-0.043239984661340714,0.5417383313179016,0.35348421335220337,-0.07159417122602463,0.5839425325393677,0.311249315738678,-0.09717945009469986,0.6244708299636841,0.28078988194465637,-0.1237068772315979,0.4821101129055023,0.201043039560318,-0.05609728768467903,0.49162039160728455,0.10033665597438812,-0.0906197801232338,0.49909132719039917,0.03469818830490112,-0.11672268807888031,0.5062416791915894,-0.02355179190635681,-0.13530772924423218,0.4353090822696686,0.1988660991191864,-0.056756552308797836,0.4176473021507263,0.09155118465423584,-0.08709471672773361,0.40797480940818787,0.024451151490211487,-0.11075252294540405,0.3997781276702881,-0.030682235956192017,-0.12767601013183594,0.39890414476394653,0.22618593275547028,-0.061270419508218765,0.36316150426864624,0.13975879549980164,-0.08990880101919174,0.34025949239730835,0.07947728037834167,-0.10970287024974823,0.3231671452522278,0.023834213614463806,-0.12301773577928543,0.3716314435005188,0.27692896127700806,-0.06968394666910172,0.32922127842903137,0.221435084939003,-0.09635571390390396,0.30251622200012207,0.18120042979717255,-0.10996726900339127,0.2812533378601074,0.13832837343215942,-0.11818373948335648,Paper
0.402610182762146,0.4585367441177368,6.874879545648582e-07,0.45310595631599426,0.4205830693244934,-0.047104060649871826,0.4944343566894531,0.3621773421764374,-0.07854299247264862,0.5329786539077759,0.3112969398498535,-0.10627798736095428,0.5721814632415771,0.2726181447505951,-0.13487625122070312,0.42924174666404724,0.21733412146568298,-0.06588200479745865,0.43621593713760376,0.11474008113145828,-0.10449768602848053,0.4411323070526123,0.046981438994407654,-0.13216382265090942,0.4451647102832794,-0.012834206223487854,-0.15195855498313904,0.38336220383644104,0.21609508991241455,-0.06703723222017288,0.3604525327682495,0.10350187122821808,-0.10197986662387848,0.3476618528366089,0.03394968807697296,-0.12817545235157013,0.3362930119037628,-0.027721375226974487,-0.14689107239246368,0.3496350049972534,0.2449321150779724,-0.07191406935453415,0.3099248707294464,0.1527082324028015,-0.1052732914686203,0.28278040885925293,0.09154348075389862,-0.12679162621498108,0.26202213764190674,0.034033358097076416,-0.14118680357933044,0.32485800981521606,0.2977501153945923,-0.0806223601102829,0.28014910221099854,0.2442961186170578,-0.11078112572431564,0.2525825500488281,0.20553554594516754,-0.12598128616809845,0.23037925362586975,0.16374817490577698,-0.1354321539402008,Paper
0.36934930086135864,0.4673912525177002,6.30039380666858e-07,0.42050641775131226,0.42518866062164307,-0.0472656674683094,0.4604528248310089,0.3642585277557373,-0.07987574487924576,0.49876880645751953,0.3122817277908325,-0.10884866863489151,0.5368392467498779,0.27002421021461487,-0.13931095600128174,0.3894920349121094,0.2220425307750702,-0.06998854130506516,0.39285725355148315,0.11751808226108551,-0.11038888990879059,0.39485228061676025,0.04756598174571991,-0.13921114802360535,0.39512544870376587,-0.014616325497627258,-0.16019557416439056,0.34423723816871643,0.22398525476455688,-0.07253336906433105,0.31116822361946106,0.11301973462104797,-0.11037196964025497,0.2894151508808136,0.04343307018280029,-0.13897787034511566,0.26943641901016235,-0.01925666630268097,-0.1594712883234024,0.3115076422691345,0.25661373138427734,-0.07852336764335632,0.26380011439323425,0.1626439243555069,-0.11568433791399002,0.2305275946855545,0.09884533286094666,-0.14036405086517334,0.20339232683181763,0.03920091688632965,-0.1568199098110199,0.28882282972335815,0.31191200017929077,-0.0879012793302536,0.2374298870563507,0.2595123052597046,-0.12218370288610458,0.20520518720149994,0.22256885468959808,-0.13960984349250793,0.17825883626937866,0.18399791419506073,-0.15037265419960022,Paper
0.295862078666687,0.5285327434539795,7.388206881842052e-07,0.3432244658470154,0.48314565420150757,-0.046749312430620193,0.37633854150772095,0.41964060068130493,-0.07919508963823318,0.40512406826019287,0.3644729554653168,-0.10820575803518295,0.4365171790122986,0.3181729316711426,-0.13828808069229126,0.29465940594673157,0.29063642024993896,-0.07011159509420395,0.295489102602005,0.18850068747997284,-0.11044338345527649,0.29367125034332275,0.11988554894924164,-0.13894012570381165,0.289925754070282,0.05847477912902832,-0.15913942456245422,0.24642932415008545,0.29868006706237793,-0.07270249724388123,0.21337389945983887,0.18567988276481628,-0.11072142422199249,0.1903853863477707,0.11148299276828766,-0.1373014748096466,0.16813339293003082,0.04687577486038208,-0.15556849539279938,0.21390332281589508,0.33729439973831177,-0.07868050038814545,0.1626935601234436,0.24968156218528748,-0.11596682667732239,0.12780572474002838,0.1913171112537384,-0.13875436782836914,0.09874366223812103,0.1384238451719284,-0.15293432772159576,0.19419148564338684,0.39734914898872375,-0.08811701834201813,0.14215615391731262,0.3479858934879303,-0.12235550582408905,0.10771355032920837,0.31328803300857544,-0.1382215917110443,0.07772469520568848,0.27595701813697815,-0.14734449982643127,Paper
0.2844655215740204,0.5855118632316589,6.342968390526948e-07,0.33194246888160706,0.533606231212616,-0.038094256073236465,0.3629256784915924,0.46361154317855835,-0.06557106971740723,0.38864970207214355,0.40217676758766174,-0.09046688675880432,0.41379526257514954,0.3481371998786926,-0.11682397127151489,0.2855912446975708,0.36032092571258545,-0.0643555298447609,0.28415364027023315,0.261780321598053,-0.10171431303024292,0.2830026149749756,0.19820506870746613,-0.12650984525680542,0.27994707226753235,0.13947443664073944,-0.1443406045436859,0.24050715565681458,0.3680174648761749,-0.0702015832066536,0.20606744289398193,0.257066547870636,-0.10771667957305908,0.1847059726715088,0.1836572140455246,-0.13400384783744812,0.16334377229213715,0.11992236971855164,-0.15235769748687744,0.2096143513917923,0.4069175720214844,-0.07841751724481583,0.15607941150665283,0.3258802890777588,-0.1158006563782692,0.12105491757392883,0.26929613947868347,-0.13919147849082947,0.09190903604030609,0.21745237708091736,-0.15417516231536865,0.1916607767343521,0.465952068567276,-0.08894317597150803,0.1387363225221634,0.4233211278915405,-0.12386385351419449,0.10484667122364044,0.39236027002334595,-0.14053016901016235,0.07464861869812012,0.356667697429657,-0.15067967772483826,Paper
0.26072514057159424,0.643335223197937,5.423446509666974e-07,0.30774104595184326,0.5868930816650391,-0.030169188976287842,0.33167126774787903,0.509763240814209,-0.052365485578775406,0.3487127423286438,0.44597065448760986,-0.07305857539176941,0.3635527491569519,0.39056310057640076,-0.09579920023679733,0.2626020908355713,0.42009586095809937,-0.05909319221973419,0.2592228353023529,0.3238172233104706,-0.09382651001214981,0.2575641870498657,0.2627057135105133,-0.11638227105140686,0.25383231043815613,0.20514877140522003,-0.13310499489307404,0.22308215498924255,0.4324680268764496,-0.06793438643217087,0.18708866834640503,0.3261646032333374,-0.10332395136356354,0.16452807188034058,0.2563444674015045,-0.1292213797569275,0.140468567609787,0.19443275034427643,-0.14757414162158966,0.1980803906917572,0.4741107225418091,-0.07830815762281418,0.14018523693084717,0.40216243267059326,-0.11472718417644501,0.10377457737922668,0.3493703007698059,-0.1389528512954712,0.07272227108478546,0.2995195984840393,-0.1550908237695694,0.18657156825065613,0.5345453023910522,-0.09010268747806549,0.1321961134672165,0.5004374980926514,-0.12473724037408829,0.09872473776340485,0.47502726316452026,-0.14207738637924194,0.06940235197544098,0.4440757930278778,-0.1532602608203888,Paper
0.2537401616573334,0.7206380367279053,4.4595157078219927e-07,0.29564690589904785,0.6576643586158752,-0.02296292968094349,0.3134191036224365,0.5789524912834167,-0.04217439144849777,0.32573315501213074,0.5179919600486755,-0.060684602707624435,0.3371526896953583,0.4649561643600464,-0.08157400786876678,0.25841185450553894,0.5098433494567871,-0.057269759476184845,0.2517032027244568,0.4176133871078491,-0.08986764401197433,0.24882188439369202,0.36072206497192383,-0.11066025495529175,0.2451467365026474,0.3059343695640564,-0.12665370106697083,0.2262185961008072,0.5263615846633911,-0.06910284608602524,0.189456045627594,0.4312765598297119,-0.10315264016389847,0.16666360199451447,0.36767321825027466,-0.12825974822044373,0.14305910468101501,0.30975431203842163,-0.1467336118221283,0.20700182020664215,0.571941077709198,-0.08137432485818863,0.15111157298088074,0.5099760293960571,-0.11628792434930801,0.11518339812755585,0.4642804265022278,-0.13978400826454163,0.08346399664878845,0.41882121562957764,-0.1563938409090042,0.2002226561307907,0.6339396238327026,-0.09431107342243195,0.14813381433486938,0.6114457845687866,-0.12949100136756897,0.11430095136165619,0.5921952724456787,-0.14726974070072174,0.08338484168052673,0.5668415427207947,-0.15903529524803162,Paper
0.27249613404273987,0.7076857686042786,7.13838062438299e-07,0.31010550260543823,0.666522741317749,-0.03209199383854866,0.319357693195343,0.6015104055404663,-0.05746558681130409,0.329462468624115,0.5445548295974731,-0.07826218008995056,0.3397817611694336,0.4920792877674103,-0.10220583528280258,0.2694793939590454,0.5393509864807129,-0.07497585564851761,0.26259878277778625,0.4636269807815552,-0.11428365856409073,0.2601398825645447,0.40779730677604675,-0.14221958816051483,0.2585658133029938,0.35810017585754395,-0.16264384984970093,0.23891007900238037,0.5604065656661987,-0.08255908638238907,0.21124939620494843,0.48912474513053894,-0.12471417337656021,0.18752522766590118,0.4333497881889343,-0.15688662230968475,0.16403266787528992,0.3828626573085785,-0.18005342781543732,0.2188013643026352,0.6043997406959534,-0.09034442156553268,0.17468102276325226,0.5448618531227112,-0.13433170318603516,0.14074626564979553,0.4969502389431,-0.1625230312347412,0.1098366379737854,0.45262181758880615,-0.18070495128631592,0.207555890083313,0.6623736619949341,-0.0980931967496872,0.1636408567428589,0.6356984972953796,-0.13836458325386047,0.1321772336959839,0.6173297762870789,-0.15616388618946075,0.10165201127529144,0.5961287021636963,-0.16714271903038025,Paper
0.2751295268535614,0.7712884545326233,3.71120279396564e-07,0.315917044878006,0.7119606733322144,-0.019555343315005302,0.3331497311592102,0.635074257850647,-0.035254087299108505,0.3440246880054474,0.5744550228118896,-0.0506439171731472,0.35655900835990906,0.5247796177864075,-0.06823966652154922,0.2821124196052551,0.5678039193153381,-0.048426903784275055,0.2764553725719452,0.47823935747146606,-0.07714399695396423,0.2746259868144989,0.4244786500930786,-0.09523934125900269,0.272358775138855,0.37436479330062866,-0.1089862510561943,0.25161832571029663,0.5825471878051758,-0.05934274569153786,0.21902760863304138,0.48950546979904175,-0.08874321728944778,0.19970858097076416,0.4287818670272827,-0.10998789966106415,0.17999908328056335,0.37606966495513916,-0.1254284828901291,0.2329680621623993,0.6240823864936829,-0.07084190845489502,0.18294808268547058,0.5586383938789368,-0.10063827782869339,0.1501578986644745,0.512734591960907,-0.12059154361486435,0.12215326726436615,0.4685157835483551,-0.13492600619792938,0.22515597939491272,0.6817516088485718,-0.08308851718902588,0.17602314054965973,0.6563385128974915,-0.11357157677412033,0.14554715156555176,0.6343910694122314,-0.12918096780776978,0.11901535093784332,0.6070948243141174,-0.13954348862171173,Paper
0.29737338423728943,0.8006261587142944,4.3866282339877216e-07,0.3397768437862396,0.747300922870636,-0.023859990760684013,0.3636084198951721,0.6743448376655579,-0.04131018742918968,0.3789578378200531,0.6150282025337219,-0.05790869519114494,0.39375370740890503,0.5672364830970764,-0.0765087828040123,0.30223348736763,0.5988519787788391,-0.04852968826889992,0.3000665307044983,0.5114034414291382,-0.07775527238845825,0.29995185136795044,0.4579911231994629,-0.09702185541391373,0.2983672320842743,0.4080246686935425,-0.11140097677707672,0.26613888144493103,0.6101693511009216,-0.05745832249522209,0.23780781030654907,0.5195399522781372,-0.08692184835672379,0.21926259994506836,0.45825880765914917,-0.10864638537168503,0.1996804177761078,0.40522193908691406,-0.12416224926710129,0.2419614940881729,0.6481613516807556,-0.0676741674542427,0.19591569900512695,0.5835426449775696,-0.09738751500844955,0.16528776288032532,0.5373754501342773,-0.117591492831707,0.1389104127883911,0.4939371943473816,-0.13161520659923553,0.22918257117271423,0.7029289603233337,-0.07910138368606567,0.18213585019111633,0.6739094853401184,-0.10855577886104584,0.15220212936401367,0.6515766382217407,-0.12314068526029587,0.12634901702404022,0.6243906617164612,-0.13251838088035583,Paper
0.3322660028934479,0.8474223613739014,4.928977546114766e-07,0.37762418389320374,0.7971706390380859,-0.02426356077194214,0.404336541891098,0.7252227663993835,-0.040573883801698685,0.4239964783191681,0.6677440404891968,-0.056137021631002426,0.4425942897796631,0.6216994524002075,-0.07286316156387329,0.33617040514945984,0.6409128308296204,-0.03895921632647514,0.3387867510318756,0.5532233715057373,-0.06521394848823547,0.34022027254104614,0.49929279088974,-0.08292324095964432,0.34040939807891846,0.4516550898551941,-0.09537805616855621,0.2980664074420929,0.651314914226532,-0.04526900872588158,0.2712033689022064,0.5590904951095581,-0.06980044394731522,0.25485140085220337,0.4984357953071594,-0.0869939997792244,0.23834630846977234,0.4457184076309204,-0.09869373589754105,0.2712528109550476,0.6854808330535889,-0.053798872977495193,0.22770723700523376,0.6171972155570984,-0.07865602523088455,0.20101290941238403,0.569029688835144,-0.09471476078033447,0.178663432598114,0.5225342512130737,-0.10507456213235855,0.25608527660369873,0.7358872890472412,-0.06407787650823593,0.2112032026052475,0.7025036811828613,-0.08852501958608627,0.1818399429321289,0.6777408719062805,-0.09962932765483856,0.15631456673145294,0.6479472517967224,-0.10592780262231827,Paper
0.3879038691520691,0.8987476825714111,4.5581043650599895e-07,0.43797263503074646,0.8550530672073364,-0.025330431759357452,0.469928503036499,0.7863680720329285,-0.04196154698729515,0.49552446603775024,0.7310079336166382,-0.05806508660316467,0.5194809436798096,0.6865122318267822,-0.07539433240890503,0.4123256504535675,0.6934856176376343,-0.03863106667995453,0.41721096634864807,0.6074782013893127,-0.06551440805196762,0.42169782519340515,0.5543497800827026,-0.08400681614875793,0.4249958097934723,0.5050732493400574,-0.0973314568400383,0.375029981136322,0.6981195211410522,-0.04445464536547661,0.35490477085113525,0.6060688495635986,-0.06959819793701172,0.34363359212875366,0.5454639196395874,-0.08800242841243744,0.3313627541065216,0.49281108379364014,-0.10086024552583694,0.34677234292030334,0.7262520790100098,-0.05274093523621559,0.3094741404056549,0.6566222906112671,-0.0782153457403183,0.28675124049186707,0.6070290803909302,-0.09517794102430344,0.2681095004081726,0.5598669648170471,-0.1063363328576088,0.32820019125938416,0.7712464332580566,-0.06300108134746552,0.28740033507347107,0.7322825789451599,-0.08783326297998428,0.2606048583984375,0.7048683166503906,-0.09999878704547882,0.23791305720806122,0.6737450957298279,-0.10731057077646255,Paper
0.46990227699279785,0.9751337170600891,3.0328149591696274e-07,0.5187456011772156,0.9231652021408081,-0.015027902089059353,0.5498379468917847,0.851720929145813,-0.02786269597709179,0.5749964118003845,0.7960783839225769,-0.041200410574674606,0.6006321907043457,0.7534545063972473,-0.05693315342068672,0.5192997455596924,0.7844585180282593,-0.0402885340154171,0.5319956541061401,0.6995372772216797,-0.06782414764165878,0.5431228876113892,0.6488291025161743,-0.08562808483839035,0.5525231957435608,0.6036522388458252,-0.09828191995620728,0.49261149764060974,0.7955941557884216,-0.05208102986216545,0.4772412180900574,0.7031839489936829,-0.0775192379951477,0.4699949622154236,0.6435498595237732,-0.09546443074941635,0.4605242908000946,0.5900774598121643,-0.10856696963310242,0.47048085927963257,0.8328307271003723,-0.06467917561531067,0.43759721517562866,0.7665721774101257,-0.08966964483261108,0.41881054639816284,0.7195407152175903,-0.10477076470851898,0.40410056710243225,0.671521008014679,-0.11602555960416794,0.4542727470397949,0.887348473072052,-0.07816454768180847,0.41621434688568115,0.8563342094421387,-0.10329296439886093,0.39498791098594666,0.8297757506370544,-0.11442622542381287,0.3778311014175415,0.7987818121910095,-0.12178268283605576,Paper
0.5161478519439697,0.9074344635009766,1.921389802816975e-08,0.5576725006103516,0.8725500702857971,0.0019450564868748188,0.5899447798728943,0.8110244870185852,-0.0017568112816661596,0.6030520796775818,0.7669486403465271,-0.00964918453246355,0.5996297001838684,0.7230328917503357,-0.020138414576649666,0.6137116551399231,0.7340084910392761,-0.009541675448417664,0.6298962831497192,0.6503486037254333,-0.03161196783185005,0.6386117339134216,0.5875798463821411,-0.05064252391457558,0.6467248201370239,0.5361049175262451,-0.0657959058880806,0.6142341494560242,0.7407732605934143,-0.028034009039402008,0.6292475461959839,0.6389864087104797,-0.051604703068733215,0.639410138130188,0.5698419809341431,-0.07365833967924118,0.6506147384643555,0.5088726878166199,-0.08999437093734741,0.6063281893730164,0.7633960843086243,-0.047120314091444016,0.6120294332504272,0.6631367206573486,-0.07290995121002197,0.6102403402328491,0.595864474773407,-0.093080073595047,0.6104497313499451,0.5364814400672913,-0.1072089672088623,0.5911088585853577,0.800524890422821,-0.06563207507133484,0.5894911885261536,0.7332491874694824,-0.0925125703215599,0.5866216421127319,0.680880606174469,-0.10732454806566238,0.586194634437561,0.6326354146003723,-0.11756442487239838,Paper
0.5605404376983643,0.8081943988800049,1.8502015564081375e-07,0.6139050722122192,0.7705079913139343,-0.006354580633342266,0.641959011554718,0.7003385424613953,-0.012777616269886494,0.6534879207611084,0.6381534337997437,-0.020799005404114723,0.6617593765258789,0.5846821069717407,-0.030152441933751106,0.6436260938644409,0.6272122859954834,-0.020385771989822388,0.6622284054756165,0.5376017093658447,-0.04398473724722862,0.6757776141166687,0.47951385378837585,-0.0608491487801075,0.6886943578720093,0.4336621165275574,-0.07290934026241302,0.6347704529762268,0.6298398375511169,-0.03313624858856201,0.6517268419265747,0.5331172943115234,-0.05607830360531807,0.6640608310699463,0.46884214878082275,-0.0728721097111702,0.6762763857841492,0.41610273718833923,-0.08477681130170822,0.6212693452835083,0.6486414670944214,-0.047334734350442886,0.6282044649124146,0.5547618865966797,-0.0711653083562851,0.629902184009552,0.4884846806526184,-0.08690918236970901,0.6335370540618896,0.43247681856155396,-0.09801439195871353,0.604602575302124,0.682296872138977,-0.061736948788166046,0.6038060784339905,0.6208465695381165,-0.08617781847715378,0.6043036580085754,0.5750364065170288,-0.09850098192691803,0.6068562269210815,0.5336617231369019,-0.10679347068071365,Paper
0.5817546844482422,0.8060930371284485,2.434403540974017e-07,0.6431828737258911,0.7600557804107666,-0.0062257577665150166,0.6796271204948425,0.6866145133972168,-0.016960693523287773,0.6961941123008728,0.6309252381324768,-0.028817852959036827,0.709694504737854,0.5780889987945557,-0.04356852173805237,0.675815999507904,0.6298115849494934,-0.049822043627500534,0.6990494132041931,0.5351446866989136,-0.08163218200206757,0.7182632088661194,0.47436511516571045,-0.10349420458078384,0.7346743941307068,0.42449676990509033,-0.12039433419704437,0.6630023717880249,0.6479799151420593,-0.0686134621500969,0.6777780652046204,0.5526599287986755,-0.10563313961029053,0.6847698092460632,0.4868747591972351,-0.13402070105075836,0.6914415955543518,0.42777660489082336,-0.15583571791648865,0.6487928628921509,0.6858450770378113,-0.08595883101224899,0.6530773043632507,0.6142613291740417,-0.12242443859577179,0.6562806367874146,0.5609186291694641,-0.149888813495636,0.660184383392334,0.5119810104370117,-0.17057403922080994,0.6362352967262268,0.7390089631080627,-0.10234271734952927,0.640372633934021,0.7135588526725769,-0.1370800882577896,0.6440771818161011,0.6949306130409241,-0.15732574462890625,0.647845983505249,0.6735998392105103,-0.17310987412929535,Paper
0.6566816568374634,0.7659657597541809,2.9316282734725974e-07,0.6720139384269714,0.7578532695770264,-0.03705856204032898,0.6894431710243225,0.7209934592247009,-0.05388566851615906,0.700900137424469,0.6786205768585205,-0.06563293933868408,0.7106897830963135,0.6349372267723083,-0.0769510567188263,0.710174560546875,0.6466768980026245,-0.04051637277007103,0.7241518497467041,0.5816701650619507,-0.0650695338845253,0.7350698709487915,0.5319720506668091,-0.083257295191288,0.7439821362495422,0.4916718900203705,-0.0952862799167633,0.7186115980148315,0.6368796229362488,-0.03416965529322624,0.7293061017990112,0.5687848925590515,-0.0591500923037529,0.7380840182304382,0.5171797871589661,-0.077683225274086,0.7465096712112427,0.4742269515991211,-0.08852086216211319,0.7260825037956238,0.6439788937568665,-0.030899520963430405,0.7378383874893188,0.5775226354598999,-0.057992830872535706,0.7491741180419922,0.5301048755645752,-0.07407151907682419,0.7586364150047302,0.49028879404067993,-0.08201537281274796,0.7322964668273926,0.6657223105430603,-0.029907744377851486,0.7534623742103577,0.6269224286079407,-0.05246199294924736,0.7694408297538757,0.601452648639679,-0.061803076416254044,0.7833216190338135,0.5798794031143188,-0.0657513216137886,Paper
0.6832769513130188,0.7558071613311768,3.854354417853756e-07,0.7237792611122131,0.7616063356399536,-0.03263953700661659,0.7528573870658875,0.7238385677337646,-0.05105796828866005,0.7573208808898926,0.6752119660377502,-0.06645558029413223,0.7603735327720642,0.6266937255859375,-0.08203162997961044,0.7848082184791565,0.605327844619751,-0.04200597107410431,0.8217862844467163,0.5168843269348145,-0.06724800169467926,0.8466912508010864,0.46143919229507446,-0.08523812144994736,0.8670210838317871,0.4168727397918701,-0.09769438952207565,0.7773772478103638,0.5927034020423889,-0.04097353294491768,0.8023897409439087,0.49653923511505127,-0.06679711490869522,0.8155442476272583,0.4296611547470093,-0.08749893307685852,0.8248194456100464,0.37557029724121094,-0.10148335993289948,0.7652655243873596,0.5951509475708008,-0.0426369234919548,0.7863912582397461,0.5103070139884949,-0.06705804169178009,0.7983090877532959,0.4460480213165283,-0.0858173668384552,0.8082228302955627,0.3940526247024536,-0.0982624962925911,0.7479424476623535,0.6085347533226013,-0.04672980681061745,0.7616118788719177,0.555011510848999,-0.06836187094449997,0.7718240022659302,0.5143850445747375,-0.0808899998664856,0.7798620462417603,0.4807249903678894,-0.08903057873249054,Paper
0.6956096887588501,0.7422057390213013,3.387862363979366e-07,0.7339892983436584,0.7453109622001648,-0.0327410064637661,0.7645915150642395,0.7030282020568848,-0.04785137251019478,0.768695592880249,0.649322509765625,-0.059918567538261414,0.7713236808776855,0.6002663373947144,-0.07151610404253006,0.7981203198432922,0.5922262668609619,-0.034395355731248856,0.8354012370109558,0.5072774887084961,-0.056107401847839355,0.8604753017425537,0.4539265036582947,-0.0715792253613472,0.8807563185691833,0.4098723530769348,-0.08222305774688721,0.7895390391349792,0.5786378383636475,-0.031420741230249405,0.8136882781982422,0.48398837447166443,-0.05533260479569435,0.8269070386886597,0.41704073548316956,-0.07539870589971542,0.836000382900238,0.3604380488395691,-0.08860578387975693,0.777439534664154,0.5786880254745483,-0.03138868883252144,0.7961016893386841,0.5016648769378662,-0.05420943349599838,0.8061492443084717,0.44149041175842285,-0.0720372423529625,0.8131150007247925,0.3925442099571228,-0.08295772224664688,0.76078861951828,0.5885237455368042,-0.03404570370912552,0.7753483653068542,0.5327332019805908,-0.052964817732572556,0.7852461338043213,0.49450260400772095,-0.064169742166996,0.7917894721031189,0.46375179290771484,-0.07119134068489075,Paper
0.6913904547691345,0.6785606145858765,3.729425941401132e-07,0.7426150441169739,0.6593781113624573,-0.009840908460319042,0.7664132714271545,0.5998992919921875,-0.018684113398194313,0.7774093747138977,0.5534012913703918,-0.02854451723396778,0.7928177714347839,0.5189898014068604,-0.040123164653778076,0.7847455739974976,0.5051752328872681,-0.030247146263718605,0.8142229914665222,0.41875237226486206,-0.05351414158940315,0.8388231992721558,0.3692672848701477,-0.0697302594780922,0.8599511384963989,0.3281325399875641,-0.08181756734848022,0.7696402668952942,0.5104385614395142,-0.042846061289310455,0.7820524573326111,0.4081818461418152,-0.06924624741077423,0.7939319610595703,0.341582715511322,-0.09174532443284988,0.8031798005104065,0.284246563911438,-0.10728993266820908,0.750985860824585,0.5385795831680298,-0.05554750934243202,0.7514688372612,0.46034055948257446,-0.08452411741018295,0.7595528960227966,0.40788358449935913,-0.10672254115343094,0.767217218875885,0.35974448919296265,-0.12106367200613022,0.7331978678703308,0.5809176564216614,-0.06800857931375504,0.7320036888122559,0.545395016670227,-0.09726276993751526,0.7393737435340881,0.519371509552002,-0.11306962370872498,0.7460390329360962,0.49306562542915344,-0.12273963540792465,Paper
0.679277241230011,0.6624925136566162,2.918134782703419e-07,0.7315677404403687,0.6222892999649048,-0.008991103619337082,0.754487156867981,0.558451771736145,-0.02002224139869213,0.768494188785553,0.5119125247001648,-0.03240366280078888,0.7809370160102844,0.4838588833808899,-0.04675077274441719,0.7571322321891785,0.4718272089958191,-0.0356263667345047,0.7817396521568298,0.38276171684265137,-0.06140903756022453,0.8011690378189087,0.33083897829055786,-0.0789099782705307,0.8189154863357544,0.28541576862335205,-0.09194665402173996,0.7376327514648438,0.4795956611633301,-0.04997454956173897,0.7391006350517273,0.37454432249069214,-0.07787080854177475,0.7452867031097412,0.30659449100494385,-0.09867477416992188,0.7504738569259644,0.24557742476463318,-0.11367610096931458,0.7164986729621887,0.512430727481842,-0.06413964182138443,0.7048744559288025,0.428069531917572,-0.09235191345214844,0.7062771916389465,0.3745337128639221,-0.10945659130811691,0.7108807563781738,0.32335165143013,-0.12098375707864761,0.6982517838478088,0.5612924098968506,-0.07856130599975586,0.6846824288368225,0.5141526460647583,-0.10551474988460541,0.685900866985321,0.47939562797546387,-0.11781340837478638,0.6898536682128906,0.4440585672855377,-0.12574496865272522,Paper
0.6488062143325806,0.6479589343070984,2.81821144199057e-07,0.7055535912513733,0.608544647693634,-0.0030523112509399652,0.7307493090629578,0.5416179299354553,-0.010264365002512932,0.74839848279953,0.4936603307723999,-0.020096303895115852,0.7604069709777832,0.4576956331729889,-0.032618604600429535,0.7266607880592346,0.44893285632133484,-0.027349239215254784,0.7521330714225769,0.35850706696510315,-0.05012639984488487,0.772963285446167,0.306663453578949,-0.06555074453353882,0.7933241128921509,0.2615452706813812,-0.07805907726287842,0.7075004577636719,0.4534144997596741,-0.04469314217567444,0.7068651914596558,0.34428054094314575,-0.0703955739736557,0.7133580446243286,0.27584511041641235,-0.09211305528879166,0.7207175493240356,0.213833749294281,-0.10851879417896271,0.6871759295463562,0.4853293299674988,-0.06162819638848305,0.6735118627548218,0.3927755355834961,-0.08927540481090546,0.6711493730545044,0.335136741399765,-0.10943432152271271,0.6721184253692627,0.2804374396800995,-0.12388242036104202,0.6702097058296204,0.5366451740264893,-0.07793053239583969,0.6536298394203186,0.48646941781044006,-0.10614245384931564,0.6511428952217102,0.44894829392433167,-0.12138330936431885,0.6514936089515686,0.40964066982269287,-0.1320689618587494,Paper
0.6178760528564453,0.6312834620475769,2.737933471053111e-07,0.6731937527656555,0.59392249584198,-0.00624412065371871,0.6998677253723145,0.5277222394943237,-0.013639070093631744,0.7158907055854797,0.4813918471336365,-0.023789921775460243,0.7307582497596741,0.44197821617126465,-0.03606207296252251,0.6929008364677429,0.42423680424690247,-0.021621838212013245,0.7162613868713379,0.33903029561042786,-0.04466072469949722,0.7339170575141907,0.2877824306488037,-0.06049972400069237,0.7499637007713318,0.2414136826992035,-0.07251790910959244,0.6698663234710693,0.42719346284866333,-0.03692156448960304,0.6694530844688416,0.32107776403427124,-0.060319315642118454,0.6737088561058044,0.2541542947292328,-0.07932549715042114,0.6771117448806763,0.19226667284965515,-0.09287432581186295,0.6476276516914368,0.45756056904792786,-0.05309821292757988,0.6283537149429321,0.37310686707496643,-0.07908739894628525,0.6239631772041321,0.31820690631866455,-0.09634387493133545,0.6229375004768372,0.2637719511985779,-0.10787168145179749,0.6291677951812744,0.507537305355072,-0.06943176686763763,0.6078305244445801,0.46146851778030396,-0.09569638967514038,0.6020865440368652,0.42478206753730774,-0.10844508558511734,0.5999659895896912,0.38532301783561707,-0.11646391451358795,Paper
0.5052902102470398,0.6077031493186951,4.84844292714115e-07,0.5549588203430176,0.5576357841491699,-0.01726677268743515,0.5825557112693787,0.4827166199684143,-0.028141850605607033,0.5978958606719971,0.42448586225509644,-0.039656758308410645,0.615242600440979,0.38064172863960266,-0.05278848111629486,0.5396722555160522,0.3775861859321594,-0.03194226324558258,0.5551654100418091,0.2825879454612732,-0.05837911739945412,0.5653409957885742,0.22353698313236237,-0.07711470127105713,0.5744336247444153,0.17105308175086975,-0.09075000882148743,0.5079948902130127,0.3813123404979706,-0.043379947543144226,0.4922366142272949,0.265990287065506,-0.06904890388250351,0.4843469560146332,0.1949024349451065,-0.09075237810611725,0.4754904508590698,0.13235244154930115,-0.10614361613988876,0.484803706407547,0.413237065076828,-0.05637415498495102,0.4486813545227051,0.3253811001777649,-0.0834425762295723,0.4271918535232544,0.2644611597061157,-0.10348107665777206,0.4087084233760834,0.20934265851974487,-0.11666817218065262,0.46782976388931274,0.4676702320575714,-0.07040760666131973,0.42703893780708313,0.4199937582015991,-0.09615904837846756,0.40350106358528137,0.38159433007240295,-0.10950838029384613,0.382929265499115,0.34221571683883667,-0.11770681291818619,Paper
0.4672729969024658,0.605050802230835,4.122327652567037e-07,0.5199355483055115,0.5539794564247131,-0.0163279939442873,0.5472438335418701,0.47643259167671204,-0.027779925614595413,0.5626944303512573,0.4178634285926819,-0.039954476058483124,0.5829480290412903,0.37566250562667847,-0.05420910567045212,0.5031882524490356,0.3717527985572815,-0.034418169409036636,0.517767608165741,0.2762475609779358,-0.06240279972553253,0.5277532339096069,0.2147151678800583,-0.08186263591051102,0.5361954569816589,0.16108424961566925,-0.0958363264799118,0.4702441692352295,0.37570708990097046,-0.04652401804924011,0.45154625177383423,0.2602195143699646,-0.07283015549182892,0.4425727128982544,0.1858053058385849,-0.09295495599508286,0.43302950263023376,0.12407198548316956,-0.10686154663562775,0.4468976557254791,0.4092927873134613,-0.06006646528840065,0.4121300280094147,0.3174803853034973,-0.08744190633296967,0.3911694586277008,0.25203579664230347,-0.10617009550333023,0.3738225996494293,0.192713662981987,-0.11895335465669632,0.43124380707740784,0.46577611565589905,-0.07459472119808197,0.38738399744033813,0.4228379726409912,-0.10285203158855438,0.36142194271087646,0.38458114862442017,-0.11647868901491165,0.34038805961608887,0.3442288637161255,-0.12469406425952911,Paper
0.404934287071228,0.600162923336029,4.99054749525385e-07,0.45529597997665405,0.5446270704269409,-0.024555837735533714,0.4857717752456665,0.46932554244995117,-0.04271643981337547,0.5032462477684021,0.4067455530166626,-0.060692932456731796,0.5229772925376892,0.3536231815814972,-0.0803937315940857,0.43056076765060425,0.35442396998405457,-0.04385063052177429,0.44069191813468933,0.25660431385040283,-0.07597288489341736,0.44723647832870483,0.1927730292081833,-0.09800698608160019,0.45212361216545105,0.1351708173751831,-0.11397676169872284,0.39331933856010437,0.35943397879600525,-0.05481540784239769,0.3677390515804291,0.2436751425266266,-0.0855737179517746,0.354038804769516,0.167392298579216,-0.10856537520885468,0.3401734232902527,0.10160815715789795,-0.12446711212396622,0.3673756420612335,0.3972219228744507,-0.06784036755561829,0.3215879797935486,0.30587947368621826,-0.10044249892234802,0.2924070656299591,0.2420804798603058,-0.12198060005903244,0.2687848210334778,0.1842159628868103,-0.1361893266439438,0.35182613134384155,0.45916858315467834,-0.08228930085897446,0.30088019371032715,0.41759929060935974,-0.11521081626415253,0.2694207429885864,0.3838918209075928,-0.1309906393289566,0.24355275928974152,0.347333163022995,-0.1401721090078354,Paper
0.3395194709300995,0.5792015790939331,4.679214100633544e-07,0.3878875970840454,0.5247305631637573,-0.02298383042216301,0.4123288691043854,0.44587671756744385,-0.03912977874279022,0.4281914234161377,0.381159245967865,-0.05550452321767807,0.44539451599121094,0.3286522626876831,-0.07322414964437485,0.3536422848701477,0.3283085227012634,-0.040464848279953,0.3528189957141876,0.22810772061347961,-0.06955494731664658,0.3528515100479126,0.16398534178733826,-0.0894903764128685,0.3506135046482086,0.10631892085075378,-0.10455594211816788,0.3146645426750183,0.33334824442863464,-0.05032483488321304,0.2820405960083008,0.22399751842021942,-0.07833154499530792,0.2618621587753296,0.15205325186252594,-0.09929649531841278,0.2406308948993683,0.08789265155792236,-0.11450797319412231,0.2872498631477356,0.3679158687591553,-0.06225510314106941,0.23042863607406616,0.2856646478176117,-0.09180140495300293,0.19625002145767212,0.22853663563728333,-0.11079739779233932,0.16726620495319366,0.17453064024448395,-0.12369737029075623,0.27084875106811523,0.4255811274051666,-0.07581886649131775,0.2130894958972931,0.3854290843009949,-0.10539628565311432,0.1784621775150299,0.35144734382629395,-0.1201668232679367,0.14907488226890564,0.31336525082588196,-0.12932167947292328,Paper
0.3278281092643738,0.5790131092071533,4.682478333961626e-07,0.37778806686401367,0.5229730606079102,-0.024785470217466354,0.40127328038215637,0.44419485330581665,-0.04190715774893761,0.4145467281341553,0.37899571657180786,-0.059083953499794006,0.43283113837242126,0.32525932788848877,-0.07758904248476028,0.33826082944869995,0.32855963706970215,-0.04053666815161705,0.33943212032318115,0.23041932284832,-0.0699714943766594,0.34158146381378174,0.16817282140254974,-0.09038642048835754,0.3415120244026184,0.10955142974853516,-0.10595662146806717,0.2998216450214386,0.3341883718967438,-0.049802351742982864,0.2677423357963562,0.22590310871601105,-0.07878176122903824,0.24886935949325562,0.15264512598514557,-0.10035053640604019,0.22901442646980286,0.08898374438285828,-0.1158643364906311,0.274168461561203,0.3701530694961548,-0.061418257653713226,0.2180267572402954,0.2903134524822235,-0.09220977127552032,0.18384914100170135,0.23247398436069489,-0.11255165189504623,0.15521076321601868,0.1787351369857788,-0.1261902004480362,0.26060593128204346,0.4281221628189087,-0.07478468865156174,0.20505139231681824,0.38804590702056885,-0.1060878336429596,0.17079101502895355,0.3549461364746094,-0.12243441492319107,0.14149229228496552,0.3178272545337677,-0.13264450430870056,Paper
0.295804888010025,0.5937420725822449,4.0954728319775313e-07,0.3447604775428772,0.5405195951461792,-0.02544206753373146,0.3695164918899536,0.460016131401062,-0.041295427829027176,0.38539114594459534,0.3927556872367859,-0.056795600801706314,0.40300363302230835,0.3398565351963043,-0.07346995919942856,0.3026697039604187,0.3515304625034332,-0.037294335663318634,0.30333176255226135,0.2574959993362427,-0.06542447954416275,0.30523398518562317,0.1975899636745453,-0.08546235412359238,0.30585724115371704,0.14372581243515015,-0.1004774197936058,0.265184223651886,0.35502687096595764,-0.045267488807439804,0.23154492676258087,0.2480805218219757,-0.0731125995516777,0.21299998462200165,0.1781056523323059,-0.09381183981895447,0.19431772828102112,0.11954504251480103,-0.10826215893030167,0.24038609862327576,0.3868322968482971,-0.05589853227138519,0.18794551491737366,0.3037149906158447,-0.08555233478546143,0.15581271052360535,0.24606572091579437,-0.1054215133190155,0.1287594735622406,0.19330111145973206,-0.11846144497394562,0.22732728719711304,0.439875066280365,-0.0683518722653389,0.17212839424610138,0.4019390344619751,-0.09863786399364471,0.1376281976699829,0.36971282958984375,-0.11438608914613724,0.10822528600692749,0.33405759930610657,-0.12394926697015762,Paper
0.2828518748283386,0.7149933576583862,4.1114981286227703e-07,0.3286520838737488,0.6599127054214478,-0.025008507072925568,0.3535369038581848,0.5809407234191895,-0.04102035611867905,0.3696494698524475,0.520367443561554,-0.056223951280117035,0.38689306378364563,0.4735238254070282,-0.07304050773382187,0.29275768995285034,0.49573150277137756,-0.043529246002435684,0.2941984534263611,0.4039152264595032,-0.07165338844060898,0.29334887862205505,0.3459998667240143,-0.09048495441675186,0.29045799374580383,0.2935895025730133,-0.10479369014501572,0.2531616985797882,0.5031789541244507,-0.05162861570715904,0.22441542148590088,0.40298008918762207,-0.07994947582483292,0.2061048299074173,0.33893781900405884,-0.100203737616539,0.18692873418331146,0.2839210629463196,-0.11427196860313416,0.2267480194568634,0.5374101400375366,-0.06174362450838089,0.17681685090065002,0.4647189974784851,-0.0915449783205986,0.14444781839847565,0.4136618375778198,-0.1115187406539917,0.1170235276222229,0.36662206053733826,-0.1248384490609169,0.21256180107593536,0.5900914072990417,-0.07341811805963516,0.16074427962303162,0.5540651679039001,-0.10295171290636063,0.12743638455867767,0.527455747127533,-0.11779885739088058,0.09903983771800995,0.49656349420547485,-0.12716132402420044,Paper
0.4429110288619995,0.9493789672851562,5.023376843382721e-07,0.4910680949687958,0.886132001876831,-0.0211993046104908,0.5199464559555054,0.8022836446762085,-0.03876456990838051,0.5425814986228943,0.7356178164482117,-0.056172922253608704,0.5649009943008423,0.6815989017486572,-0.0762387365102768,0.4750600755214691,0.7325195670127869,-0.05041782185435295,0.48309800028800964,0.6419349312782288,-0.0844288244843483,0.4926617741584778,0.5851438045501709,-0.1067335307598114,0.5019592046737671,0.5329679250717163,-0.12224779278039932,0.44150829315185547,0.74959397315979,-0.06265995651483536,0.41477537155151367,0.6506514549255371,-0.09629669040441513,0.40147364139556885,0.584372878074646,-0.12052547186613083,0.3871287405490875,0.5251845717430115,-0.1374204158782959,0.41590139269828796,0.7951278686523438,-0.07587042450904846,0.3709210753440857,0.7262008786201477,-0.10910579562187195,0.34294652938842773,0.6744793057441711,-0.1290947049856186,0.31962376832962036,0.6227748394012451,-0.1425340324640274,0.39851024746894836,0.858030378818512,-0.08987852185964584,0.35227614641189575,0.8230377435684204,-0.11969305574893951,0.32354769110679626,0.7957230806350708,-0.13189294934272766,0.2991442382335663,0.763327419757843,-0.1396191269159317,Paper
0.5404542684555054,0.9448884129524231,3.788605340560025e-07,0.5945966243743896,0.8893876075744629,-0.016846731305122375,0.6271533370018005,0.8122653961181641,-0.03108428232371807,0.6526130437850952,0.7495850920677185,-0.04649211838841438,0.6800481081008911,0.6982220411300659,-0.06370695680379868,0.6008102297782898,0.7256482839584351,-0.03706953302025795,0.6145136952400208,0.6360630393028259,-0.06699234247207642,0.626702606678009,0.5806666612625122,-0.08664430677890778,0.6401077508926392,0.5310177206993103,-0.10047733783721924,0.569500207901001,0.7334246635437012,-0.049622368067502975,0.5515956282615662,0.6292932033538818,-0.07656461000442505,0.5460891127586365,0.5598110556602478,-0.09611154347658157,0.5395179390907288,0.4992053508758545,-0.11009758710861206,0.5432114005088806,0.7719319462776184,-0.06376567482948303,0.5076168775558472,0.692099928855896,-0.09147992730140686,0.48791468143463135,0.6389960050582886,-0.108382448554039,0.47149384021759033,0.5874662399291992,-0.12034372240304947,0.5236160159111023,0.8318443298339844,-0.07900290191173553,0.48404598236083984,0.7979512810707092,-0.10627654194831848,0.462361216545105,0.7686541676521301,-0.11856748163700104,0.4436834156513214,0.7354711294174194,-0.12632997334003448,Paper
0.6141195297241211,0.8990964889526367,6.72455541916861e-07,0.655807375907898,0.8706951141357422,-0.03365292772650719,0.6760925650596619,0.8082718253135681,-0.05899595841765404,0.695095956325531,0.7536038160324097,-0.08029144257307053,0.7193933725357056,0.7041335105895996,-0.1048770546913147,0.6488956212997437,0.7293081283569336,-0.0768028274178505,0.6629100441932678,0.6523527503013611,-0.11712698638439178,0.677017092704773,0.600702166557312,-0.1457398235797882,0.6912328004837036,0.5561455488204956,-0.1673128306865692,0.6175181865692139,0.7376517057418823,-0.08485470712184906,0.6030751466751099,0.6451066136360168,-0.13060429692268372,0.596799373626709,0.5833580493927002,-0.16666552424430847,0.5936721563339233,0.5276710391044617,-0.19324831664562225,0.5894458293914795,0.7756555080413818,-0.09251640737056732,0.5580491423606873,0.7025688290596008,-0.13652510941028595,0.5379592776298523,0.6510753631591797,-0.1641150563955307,0.5234824419021606,0.6044944524765015,-0.18307457864284515,0.5663357973098755,0.8293614387512207,-0.10084947198629379,0.5312749743461609,0.7964788675308228,-0.1392848640680313,0.5118502378463745,0.766704797744751,-0.15735265612602234,0.49383002519607544,0.7343353629112244,-0.16995573043823242,Paper
0.7137209177017212,0.916854739189148,2.7530094826033746e-07,0.7694430351257324,0.878818154335022,-0.00956900417804718,0.8001760244369507,0.8129696846008301,-0.019511515274643898,0.8224683403968811,0.7645686268806458,-0.03150390833616257,0.8454428315162659,0.7239165306091309,-0.04557500407099724,0.7988770008087158,0.7298470139503479,-0.030446087941527367,0.8240571022033691,0.6469046473503113,-0.056742046028375626,0.8447995185852051,0.5980479121208191,-0.07436589151620865,0.8653119802474976,0.5540889501571655,-0.08755228668451309,0.7765358090400696,0.7332167029380798,-0.044523466378450394,0.7763574123382568,0.6358815431594849,-0.07103665918111801,0.7811987996101379,0.5718761682510376,-0.09220509231090546,0.7852664589881897,0.5120852589607239,-0.10770639777183533,0.7532830238342285,0.7627120018005371,-0.05948496237397194,0.7354514598846436,0.6866595149040222,-0.08882021903991699,0.7347394824028015,0.6351889967918396,-0.10969676077365875,0.7361854314804077,0.5826981663703918,-0.12403882294893265,0.7328230738639832,0.810714066028595,-0.0745476558804512,0.7118992209434509,0.7698521614074707,-0.1046845018863678,0.7046693563461304,0.7370791435241699,-0.12103807926177979,0.6999135613441467,0.700719952583313,-0.13191545009613037,Paper
0.803764820098877,0.832140326499939,5.613360372080933e-07,0.8372033834457397,0.7976741790771484,-0.009005377069115639,0.8526744246482849,0.7617014646530151,-0.02392635866999626,0.8686293959617615,0.7328121662139893,-0.03942418098449707,0.8804596662521362,0.6993648409843445,-0.056687094271183014,0.8416814208030701,0.6858036518096924,-0.04724878445267677,0.8692963123321533,0.6137183904647827,-0.07890717685222626,0.8882774710655212,0.5671354532241821,-0.09835122525691986,0.9071608185768127,0.5288078784942627,-0.1121370792388916,0.8175597786903381,0.6859263181686401,-0.06272032111883163,0.8195129632949829,0.5996930003166199,-0.10618297755718231,0.8258119225502014,0.5347541570663452,-0.13767041265964508,0.8338754177093506,0.47739356756210327,-0.15759944915771484,0.7944123148918152,0.7132720351219177,-0.07598348706960678,0.7799743413925171,0.6428755521774292,-0.11718060821294785,0.7792717218399048,0.589296817779541,-0.1404632180929184,0.7823290228843689,0.5389506816864014,-0.15330880880355835,0.7727655172348022,0.7569261789321899,-0.087735116481781,0.7549651265144348,0.7202492356300354,-0.12107179313898087,0.7517656087875366,0.6908543109893799,-0.13365069031715393,0.7510806322097778,0.6589057445526123,-0.1403552144765854,Paper
0.7662468552589417,0.7941820621490479,3.5774490925177815e-07,0.8063409328460693,0.7742342948913574,-0.013615904375910759,0.8303647637367249,0.7213259339332581,-0.02495010569691658,0.8509717583656311,0.684355616569519,-0.03751447796821594,0.8723065257072449,0.6522839665412903,-0.052655115723609924,0.8184821009635925,0.6355301737785339,-0.024966184049844742,0.8376560211181641,0.577484130859375,-0.04768308997154236,0.8518855571746826,0.5341535210609436,-0.0654568299651146,0.8663623929023743,0.49734389781951904,-0.07945254445075989,0.7973703742027283,0.6334363222122192,-0.03562381491065025,0.7854135036468506,0.5537055134773254,-0.058874521404504776,0.782528817653656,0.49622637033462524,-0.0794626921415329,0.784197986125946,0.44694793224334717,-0.09458959847688675,0.7743577361106873,0.6533228754997253,-0.04776829481124878,0.7565715909004211,0.569776713848114,-0.07474464923143387,0.7523092031478882,0.5115761756896973,-0.094097800552845,0.7537046074867249,0.45817267894744873,-0.10760997235774994,0.7519741654396057,0.6918662786483765,-0.06000891327857971,0.7262466549873352,0.6469632387161255,-0.08941827714443207,0.7186654210090637,0.6078702807426453,-0.10493200272321701,0.7177759408950806,0.5686407685279846,-0.11488649994134903,Paper
0.6245535612106323,0.6576328277587891,3.241469812564901e-07,0.6818791031837463,0.6275278925895691,-0.01096433587372303,0.716061532497406,0.5608070492744446,-0.01821092702448368,0.737055778503418,0.5111105442047119,-0.027568574994802475,0.7634111642837524,0.477507621049881,-0.03824649751186371,0.6881420612335205,0.4362747073173523,-0.017443295568227768,0.7091104984283447,0.3521499037742615,-0.039189305156469345,0.7255587577819824,0.299493670463562,-0.05558187514543533,0.7400637865066528,0.25239574909210205,-0.06785215437412262,0.6561671495437622,0.43130791187286377,-0.028676852583885193,0.6463488340377808,0.32739657163619995,-0.04881155863404274,0.6449681520462036,0.260821133852005,-0.06519591808319092,0.6419529914855957,0.20345425605773926,-0.0770336166024208,0.6301462650299072,0.45309633016586304,-0.04191107675433159,0.6007434129714966,0.36680155992507935,-0.06328532844781876,0.5880545973777771,0.3060033917427063,-0.07760470360517502,0.5789052844047546,0.25035494565963745,-0.08747108280658722,0.6100786328315735,0.4960678517818451,-0.056392498314380646,0.575314998626709,0.4434267282485962,-0.07839969545602798,0.5587957501411438,0.40336084365844727,-0.08916875720024109,0.546758770942688,0.3624016344547272,-0.09576432406902313,Paper
0.5494260191917419,0.6251579523086548,3.5458464253679267e-07,0.6060683131217957,0.5897195339202881,-0.014750352129340172,0.639173150062561,0.5196873545646667,-0.02281257137656212,0.6605163812637329,0.4622194170951843,-0.032394688576459885,0.686217188835144,0.4239421784877777,-0.04302876815199852,0.5996488928794861,0.3927704691886902,-0.018829509615898132,0.6171379685401917,0.3020535409450531,-0.03945309668779373,0.6284001469612122,0.2449028640985489,-0.05520135164260864,0.637062668800354,0.19406408071517944,-0.06700537353754044,0.56429523229599,0.38559237122535706,-0.02765444666147232,0.5560916662216187,0.28110989928245544,-0.04645505174994469,0.5522224307060242,0.21512837707996368,-0.06209111586213112,0.5457777380943298,0.15944334864616394,-0.07331711053848267,0.5352494716644287,0.4043535590171814,-0.03866681456565857,0.5079881548881531,0.317462682723999,-0.058782946318387985,0.4913882911205292,0.25793886184692383,-0.07290121912956238,0.47747206687927246,0.20466959476470947,-0.08235333859920502,0.5112376809120178,0.4450042247772217,-0.05123179405927658,0.4750407040119171,0.38986101746559143,-0.07113778591156006,0.45466989278793335,0.3486577272415161,-0.08117952197790146,0.4383709132671356,0.30843809247016907,-0.08714037388563156,Paper
0.4744465947151184,0.6035587787628174,4.3561328766372753e-07,0.5331041216850281,0.5639948844909668,-0.019543446600437164,0.571164071559906,0.4845912456512451,-0.025864675641059875,0.5920599102973938,0.42022624611854553,-0.032003410160541534,0.6137984991073608,0.38234639167785645,-0.038774773478507996,0.5132160782814026,0.364128440618515,-0.01896147057414055,0.5283119678497314,0.2729257345199585,-0.03596692532300949,0.5380049347877502,0.21522507071495056,-0.05093429982662201,0.5447390079498291,0.16439321637153625,-0.0631987676024437,0.47472110390663147,0.3604840338230133,-0.02565772645175457,0.45862066745758057,0.24991078674793243,-0.04069683328270912,0.4519684910774231,0.18441049754619598,-0.05679764598608017,0.44246816635131836,0.13192930817604065,-0.06954430788755417,0.4460188150405884,0.38008132576942444,-0.03494856506586075,0.4141816794872284,0.28778985142707825,-0.05266339331865311,0.3978438973426819,0.22819042205810547,-0.06877466291189194,0.38256290555000305,0.1786452978849411,-0.08048038929700851,0.4235445261001587,0.4221872389316559,-0.046311549842357635,0.3789111077785492,0.36599987745285034,-0.06633906811475754,0.3522927165031433,0.32744672894477844,-0.07825922966003418,0.33106404542922974,0.2894216775894165,-0.08600161224603653,Paper
0.3859378397464752,0.6096702814102173,5.214563998379163e-07,0.44265177845954895,0.5643960237503052,-0.030905501917004585,0.4828948378562927,0.4892672896385193,-0.044393908232450485,0.5045332312583923,0.4229922294616699,-0.05598866939544678,0.5208967924118042,0.37410178780555725,-0.06777007132768631,0.41255897283554077,0.3664509057998657,-0.03142524138092995,0.4225233495235443,0.27572277188301086,-0.053964290767908096,0.4283562898635864,0.2166912704706192,-0.07288624346256256,0.431571364402771,0.16285046935081482,-0.08772262185811996,0.3713792562484741,0.3642553985118866,-0.03508578985929489,0.3521498441696167,0.25526076555252075,-0.05542488768696785,0.3425215482711792,0.18913567066192627,-0.07470681518316269,0.33229953050613403,0.13518303632736206,-0.08943366259336472,0.340501070022583,0.38832300901412964,-0.04229707270860672,0.3052981495857239,0.2986980378627777,-0.06612858176231384,0.28124845027923584,0.24158789217472076,-0.0855039656162262,0.2607225775718689,0.1944114863872528,-0.09866210073232651,0.3175202012062073,0.43571650981903076,-0.052288129925727844,0.270876407623291,0.384124219417572,-0.07782978564500809,0.24011901021003723,0.3485783636569977,-0.09240000694990158,0.21467764675617218,0.31255707144737244,-0.1013454794883728,Paper
0.26016733050346375,0.5030145645141602,-3.260075231992232e-07,0.34282049536705017,0.4673082232475281,-0.018996629863977432,0.4181481897830963,0.3790628910064697,-0.02871924825012684,0.4173479974269867,0.2959156632423401,-0.03799283504486084,0.35592204332351685,0.30228927731513977,-0.0419929213821888,0.362354576587677,0.23748083412647247,-0.009067674167454243,0.4115417003631592,0.2280166894197464,-0.032719723880290985,0.3938555121421814,0.3041050136089325,-0.04651434347033501,0.3676149845123291,0.314755916595459,-0.057681240141391754,0.31234005093574524,0.22904837131500244,-0.016964120790362358,0.3617681860923767,0.22289440035820007,-0.042429737746715546,0.3533320426940918,0.307130366563797,-0.04920968785881996,0.3300350308418274,0.3105992078781128,-0.05104706436395645,0.2681941092014313,0.24374030530452728,-0.028323961421847343,0.31308355927467346,0.2473558485507965,-0.054760776460170746,0.3180573284626007,0.3251306116580963,-0.046949442476034164,0.29651033878326416,0.3296971321105957,-0.03846858814358711,0.2273235321044922,0.27255672216415405,-0.041778791695833206,0.27573511004447937,0.2777997851371765,-0.057740166783332825,0.28536656498908997,0.33306369185447693,-0.047369491308927536,0.2668565809726715,0.3410166800022125,-0.037622760981321335,rock
0.33622291684150696,0.360762357711792,3.58416144763396e-07,0.38212576508522034,0.3314635157585144,-0.01344297919422388,0.4100377559661865,0.28623339533805847,-0.02542007900774479,0.42752528190612793,0.2499593198299408,-0.03739515691995621,0.44242939352989197,0.22066925466060638,-0.0473710261285305,0.3735012710094452,0.1890166699886322,-0.028355266898870468,0.4352093040943146,0.22676128149032593,-0.05623798444867134,0.4592350721359253,0.2590577006340027,-0.07182854413986206,0.4715055823326111,0.2767988443374634,-0.08021726459264755,0.36040133237838745,0.19375446438789368,-0.03315813094377518,0.4328741431236267,0.24070660769939423,-0.05929334834218025,0.45150044560432434,0.27362823486328125,-0.06407389044761658,0.4626352787017822,0.2882576584815979,-0.06442853063344955,0.35323601961135864,0.21953055262565613,-0.04013191908597946,0.4231298565864563,0.2642071843147278,-0.06506795436143875,0.4400496482849121,0.2971166670322418,-0.06063812971115112,0.4508017599582672,0.3149150013923645,-0.05359594523906708,0.3489222228527069,0.25663843750953674,-0.0485856719315052,0.40367066860198975,0.29085639119148254,-0.06865304708480835,0.42705968022346497,0.31326574087142944,-0.06820682436227798,0.4462771415710449,0.3269783556461334,-0.06384903937578201,rock
0.4564143121242523,0.42131054401397705,-2.7309704364597565e-07,0.4832812547683716,0.32445910573005676,0.018362658098340034,0.5218832492828369,0.26450610160827637,0.011291365139186382,0.5620916485786438,0.25701630115509033,-0.000985019956715405,0.5860240459442139,0.2849136292934418,-0.011229854077100754,0.5380042195320129,0.1949218362569809,-0.0067285653203725815,0.6146542429924011,0.23625275492668152,-0.015957962721586227,0.5991743803024292,0.2757318913936615,-0.018196390941739082,0.5755423307418823,0.28391504287719727,-0.02241436578333378,0.5557406544685364,0.22069934010505676,-0.02806074172258377,0.632936418056488,0.2816521227359772,-0.03130936622619629,0.6130087375640869,0.31217092275619507,-0.028509194031357765,0.589685320854187,0.31113070249557495,-0.029932312667369843,0.5713388919830322,0.26592421531677246,-0.04728621616959572,0.6375090479850769,0.33614295721054077,-0.04424609616398811,0.6115624308586121,0.3613835573196411,-0.03676501661539078,0.5867891311645508,0.35017699003219604,-0.037334784865379333,0.5861416459083557,0.32389551401138306,-0.06626652926206589,0.6249279379844666,0.38980546593666077,-0.06051379814743996,0.5965419411659241,0.4096885621547699,-0.05418698117136955,0.5721369385719299,0.3933773338794708,-0.05281651392579079,rock
0.6500962376594543,0.5322073101997375,-3.470566412033804e-07,0.6262624859809875,0.44847992062568665,0.0031424241606146097,0.6401234865188599,0.3911847770214081,-0.0013762058224529028,0.6771763563156128,0.3733943700790405,-0.005286582745611668,0.7074761390686035,0.3925522267818451,-0.008383631706237793,0.6914012432098389,0.32692664861679077,-0.01587636023759842,0.6999213099479675,0.3431538939476013,-0.014845166355371475,0.6914716958999634,0.37277212738990784,-0.013117960654199123,0.6790581941604614,0.3875258266925812,-0.013809696771204472,0.7288552522659302,0.3616630434989929,-0.021899860352277756,0.7284790277481079,0.3817416727542877,-0.012654013931751251,0.7171246409416199,0.4043096899986267,-0.008817678317427635,0.7060864567756653,0.4210973083972931,-0.010593271814286709,0.7538203597068787,0.4097968637943268,-0.025255940854549408,0.7449239492416382,0.42879796028137207,-0.016352295875549316,0.7302325963973999,0.4465738534927368,-0.010290871374309063,0.716891884803772,0.45991700887680054,-0.011060441844165325,0.7689729928970337,0.4621621072292328,-0.02875628136098385,0.7614546418190002,0.47940224409103394,-0.021132972091436386,0.7459229230880737,0.49326038360595703,-0.012730692513287067,0.7328446507453918,0.5010173320770264,-0.00795670971274376,rock
0.2061508297920227,0.7627118229866028,-2.0158560687377758e-07,0.20586445927619934,0.6661734580993652,-0.00034056356525979936,0.23610179126262665,0.5788620710372925,-0.017658008262515068,0.2824815809726715,0.5253013372421265,-0.03499722480773926,0.31988993287086487,0.5104883313179016,-0.04810766503214836,0.2110031247138977,0.5220993161201477,-0.05133132264018059,0.30913227796554565,0.4989461302757263,-0.07189808785915375,0.30608871579170227,0.5429115891456604,-0.07226840406656265,0.2814048230648041,0.5638297200202942,-0.07235381007194519,0.22739093005657196,0.5651757121086121,-0.06610947847366333,0.3385970890522003,0.5405731797218323,-0.08188915252685547,0.3269461989402771,0.5803771615028381,-0.0723382830619812,0.29843494296073914,0.5947977304458618,-0.06829839944839478,0.251446932554245,0.6150712370872498,-0.07900328189134598,0.3546959459781647,0.5940472483634949,-0.0879582092165947,0.33667460083961487,0.6269172430038452,-0.07140324264764786,0.3066239058971405,0.6356923580169678,-0.06399115920066833,0.2791140377521515,0.6680957674980164,-0.09206248819828033,0.35512885451316833,0.6515913009643555,-0.09343570470809937,0.33637338876724243,0.6766859889030457,-0.0814288854598999,0.30790314078330994,0.680878758430481,-0.07541835308074951,rock
0.2506704330444336,0.7860215902328491,-8.878561175151845e-08,0.251720666885376,0.6896500587463379,-0.005459815263748169,0.27876797318458557,0.6038107872009277,-0.025147361680865288,0.3254365622997284,0.5618999004364014,-0.04558165743947029,0.3636532425880432,0.5642415881156921,-0.06266415119171143,0.2575465738773346,0.5279241800308228,-0.047430384904146194,0.3764425814151764,0.5140402317047119,-0.07477967441082001,0.379477858543396,0.562180757522583,-0.084108866751194,0.35595381259918213,0.5840049386024475,-0.09059199690818787,0.26501429080963135,0.5647481679916382,-0.06121835485100746,0.3959870934486389,0.5651779174804688,-0.08270363509654999,0.3876173496246338,0.6083125472068787,-0.07977849990129471,0.3593800365924835,0.6214243769645691,-0.07983921468257904,0.28141337633132935,0.6157984137535095,-0.07465985417366028,0.4022539258003235,0.6250820159912109,-0.08790961652994156,0.38502568006515503,0.6613775491714478,-0.07707265019416809,0.3528248369693756,0.6646260023117065,-0.07272518426179886,0.30417600274086,0.6726596355438232,-0.08928793668746948,0.39480113983154297,0.6835522055625916,-0.09359663724899292,0.37788766622543335,0.7104904651641846,-0.08539289981126785,0.3481157124042511,0.7113161683082581,-0.08170571178197861,rock
0.2980824112892151,0.7906665205955505,2.0997790173282738e-08,0.38310176134109497,0.727289617061615,-0.012163767591118813,0.4212121367454529,0.6654320955276489,-0.03057022951543331,0.44204282760620117,0.6216816902160645,-0.0507245771586895,0.44930920004844666,0.5978564023971558,-0.06575743854045868,0.3507055342197418,0.5106713771820068,-0.020695863291621208,0.4523875415325165,0.5368595123291016,-0.051304396241903305,0.46492600440979004,0.5893692970275879,-0.0661240816116333,0.4562004804611206,0.6165989637374878,-0.07407644391059875,0.3372696042060852,0.5304046273231506,-0.03132183849811554,0.4570048749446869,0.5784051418304443,-0.059052977710962296,0.45473039150238037,0.6341487765312195,-0.06252318620681763,0.4379718601703644,0.6469398736953735,-0.06239832192659378,0.33416980504989624,0.5743042230606079,-0.04510864242911339,0.44719988107681274,0.6347400546073914,-0.06750428676605225,0.43400126695632935,0.6797180771827698,-0.06189461052417755,0.4102958142757416,0.6846442818641663,-0.056036464869976044,0.3396051228046417,0.630003035068512,-0.061220746487379074,0.43081945180892944,0.6834926605224609,-0.073898546397686,0.4261537492275238,0.7168719172477722,-0.07086577266454697,0.40861886739730835,0.7187016606330872,-0.06688760966062546,rock
0.3666028380393982,0.7875617146492004,-3.0329186984090484e-07,0.4478165805339813,0.7453019022941589,-0.009311734698712826,0.5043208599090576,0.681540846824646,-0.023123737424612045,0.5346215963363647,0.6341711282730103,-0.03986808657646179,0.5131824016571045,0.6312797665596008,-0.05087787285447121,0.43496736884117126,0.5315952301025391,0.0006019841530360281,0.5205944776535034,0.5594288110733032,-0.030599426478147507,0.5059211850166321,0.6131591796875,-0.048597414046525955,0.4775502383708954,0.6111372113227844,-0.0601816289126873,0.4087880253791809,0.5327597260475159,-0.012839961796998978,0.5079687833786011,0.5735414624214172,-0.041968781501054764,0.4878906011581421,0.6344457864761353,-0.04592234641313553,0.4616238474845886,0.6230000257492065,-0.04508180543780327,0.3915223777294159,0.5558993220329285,-0.03085499070584774,0.4821988046169281,0.6065104007720947,-0.055449411273002625,0.46456751227378845,0.6578896045684814,-0.04894239827990532,0.43858101963996887,0.6456308364868164,-0.04208610579371452,0.38471081852912903,0.593485951423645,-0.05134731903672218,0.45512205362319946,0.6392070651054382,-0.06323463469743729,0.4404147267341614,0.6743572950363159,-0.05906684324145317,0.4133368134498596,0.6663818359375,-0.05511626601219177,rock
0.6038745045661926,0.8400350213050842,-3.1949517165230645e-07,0.6778796315193176,0.7992764711380005,-0.014680922031402588,0.7302698493003845,0.739181399345398,-0.029295779764652252,0.7511494159698486,0.6850078105926514,-0.04532245174050331,0.7169963717460632,0.6702489852905273,-0.054995954036712646,0.6571609973907471,0.5918563604354858,0.0016856680158525705,0.7308140397071838,0.6092734336853027,-0.03267236426472664,0.7169246673583984,0.6770429611206055,-0.05398803576827049,0.6891175508499146,0.678437352180481,-0.0668557807803154,0.6297195553779602,0.5870423316955566,-0.007999872788786888,0.7146986126899719,0.6123028993606567,-0.0415445901453495,0.7002238035202026,0.6861833333969116,-0.0494142584502697,0.6758133769035339,0.682158887386322,-0.049291230738162994,0.6087228655815125,0.6031516790390015,-0.022909512743353844,0.6905961632728577,0.6373856067657471,-0.05268486961722374,0.6766579151153564,0.7015000581741333,-0.04655863344669342,0.6500441431999207,0.6954821944236755,-0.03710667043924332,0.5965005159378052,0.6321300864219666,-0.040146924555301666,0.6629639863967896,0.6610771417617798,-0.054105278104543686,0.6535682678222656,0.7035427093505859,-0.04778573289513588,0.6286474466323853,0.7020103335380554,-0.04029806703329086,rock
0.6941367983818054,0.6956174373626709,-1.0735880096035544e-07,0.7371293902397156,0.7017330527305603,-0.014756478369235992,0.7715150117874146,0.6902638673782349,-0.03153105080127716,0.7784950137138367,0.6580305099487305,-0.046642377972602844,0.7603402733802795,0.6368550658226013,-0.06031055748462677,0.78537917137146,0.6163894534111023,-0.03936764597892761,0.788821280002594,0.6444762349128723,-0.061709582805633545,0.7709944844245911,0.6695166826248169,-0.07048343122005463,0.7539207935333252,0.6619813442230225,-0.07666132599115372,0.7547205686569214,0.5927171111106873,-0.04664289206266403,0.7633414268493652,0.606435239315033,-0.07031171023845673,0.7423505783081055,0.6509504318237305,-0.07207027077674866,0.7290953993797302,0.653599739074707,-0.07261107861995697,0.7225560545921326,0.5895231366157532,-0.0545668825507164,0.73853600025177,0.6094932556152344,-0.08034021407365799,0.7210702896118164,0.658811092376709,-0.0708291232585907,0.7071266174316406,0.6610707640647888,-0.06214042380452156,0.6907958984375,0.6009160280227661,-0.0632907971739769,0.7119412422180176,0.6280344724655151,-0.08347931504249573,0.7017505168914795,0.6598554253578186,-0.07734239846467972,0.6908037662506104,0.6578771471977234,-0.07127511501312256,rock
0.7150920033454895,0.7456244230270386,-2.7178478489986446e-07,0.7833401560783386,0.7103198170661926,-0.010258788242936134,0.8451870679855347,0.6502856612205505,-0.020853010937571526,0.8700075745582581,0.5873211026191711,-0.0335179902613163,0.8325018882751465,0.5643928050994873,-0.04125775024294853,0.7810001969337463,0.5059064626693726,0.007651027292013168,0.8459593653678894,0.5174636244773865,-0.018596652895212173,0.8286471366882324,0.5847200751304626,-0.036778226494789124,0.8042802810668945,0.5881557464599609,-0.048657651990652084,0.7487627863883972,0.4968086779117584,-0.001721973647363484,0.8235689401626587,0.5173079967498779,-0.02860359475016594,0.8067581653594971,0.5918833017349243,-0.037342410534620285,0.7839341163635254,0.5924147963523865,-0.038672592490911484,0.7227298617362976,0.5078250169754028,-0.014915264211595058,0.7976212501525879,0.529909610748291,-0.0393386147916317,0.7861385941505432,0.5972745418548584,-0.03247679024934769,0.7627233862876892,0.5977411866188049,-0.02343636564910412,0.703506588935852,0.5334380269050598,-0.0296761617064476,0.7716165781021118,0.543774425983429,-0.04019227251410484,0.7642976641654968,0.5916028618812561,-0.030481474474072456,0.7411264181137085,0.5987070202827454,-0.020798074081540108,rock
0.6281459927558899,0.6283907294273376,-3.484694843791658e-07,0.7034496068954468,0.603569507598877,-0.015057246200740337,0.7748588919639587,0.5423292517662048,-0.023419706150889397,0.7936161756515503,0.4669290781021118,-0.03260071575641632,0.7501431703567505,0.4409465491771698,-0.037539850920438766,0.7413883805274963,0.4285566806793213,0.0076867821626365185,0.7932116389274597,0.41849902272224426,-0.015857111662626266,0.7693934440612793,0.4800252914428711,-0.03316758945584297,0.7424895763397217,0.4857681393623352,-0.045847680419683456,0.7061527967453003,0.41279423236846924,0.0011158328270539641,0.7588890790939331,0.4007948040962219,-0.02481529302895069,0.7394697666168213,0.47325611114501953,-0.03529500961303711,0.7154600620269775,0.4797452986240387,-0.0387321375310421,0.6717206239700317,0.4118158221244812,-0.009804731234908104,0.7234603762626648,0.4059692621231079,-0.03515463322401047,0.7119680047035217,0.4723345935344696,-0.02959538623690605,0.6854797005653381,0.47749021649360657,-0.022097347304224968,0.6370685696601868,0.42330795526504517,-0.022486913949251175,0.6894943714141846,0.4228590130805969,-0.03661162778735161,0.683749258518219,0.4724416136741638,-0.02844773232936859,0.659408450126648,0.4795798659324646,-0.02037086710333824,rock
0.5880464315414429,0.37450772523880005,-3.2780903325146937e-07,0.6607906818389893,0.37861594557762146,-0.013746853917837143,0.7231695652008057,0.3401709794998169,-0.017070535570383072,0.7402480244636536,0.2613021731376648,-0.021912524476647377,0.7109256982803345,0.21037477254867554,-0.02366902492940426,0.7081798315048218,0.2771489918231964,0.01287351455539465,0.7425360083580017,0.23932357132434845,-0.006988248787820339,0.7238974571228027,0.2829954922199249,-0.019329030066728592,0.7008371949195862,0.3028678596019745,-0.024507924914360046,0.6833545565605164,0.2503918409347534,0.009828681126236916,0.7179431915283203,0.20298674702644348,-0.01614917442202568,0.6964491009712219,0.2682253420352936,-0.027012601494789124,0.670718789100647,0.29522380232810974,-0.026352504268288612,0.6556054949760437,0.2289714366197586,0.0028281814884394407,0.6895176768302917,0.18464648723602295,-0.028022220358252525,0.6713607311248779,0.2555965185165405,-0.02375597320497036,0.6461397409439087,0.2845355272293091,-0.010739054530858994,0.6195293664932251,0.20965147018432617,-0.004643590189516544,0.6597616672515869,0.1815716177225113,-0.02390812709927559,0.650919497013092,0.23128795623779297,-0.014664254151284695,0.6302893757820129,0.2528104782104492,-0.0019226365257054567,rock
0.5840457677841187,0.3882741332054138,-1.4251594393499545e-07,0.6487391591072083,0.3643357753753662,-0.012768590822815895,0.6933632493019104,0.321067214012146,-0.029024770483374596,0.724577784538269,0.28689736127853394,-0.045951325446367264,0.7275456190109253,0.24619238078594208,-0.05747852101922035,0.6469338536262512,0.15773458778858185,-0.01213901024311781,0.7228944897651672,0.19138367474079132,-0.04002409428358078,0.7048243284225464,0.2511836588382721,-0.05790143087506294,0.6774400472640991,0.253926545381546,-0.06868109107017517,0.626829206943512,0.1541595757007599,-0.020412834361195564,0.7152440547943115,0.1942494511604309,-0.04774827882647514,0.6962952613830566,0.25816333293914795,-0.05431971698999405,0.6677287220954895,0.26045212149620056,-0.05553542077541351,0.6123322248458862,0.16809110343456268,-0.03165094554424286,0.6961046457290649,0.21120613813400269,-0.05358535796403885,0.680511474609375,0.26975932717323303,-0.04411453381180763,0.6548113226890564,0.2705419063568115,-0.03503451123833656,0.6031210422515869,0.19818603992462158,-0.04471557214856148,0.6715171933174133,0.23372946679592133,-0.05484206601977348,0.6590211987495422,0.27650710940361023,-0.04462961107492447,0.6328935027122498,0.2787696123123169,-0.03590227663516998,rock
0.4902987778186798,0.35713115334510803,-3.0601600542468077e-07,0.5743355751037598,0.33681732416152954,-0.0061361840926110744,0.6250095367431641,0.30079394578933716,-0.022732673212885857,0.6581609845161438,0.2709309756755829,-0.0425390750169754,0.643948495388031,0.2560165226459503,-0.05714822933077812,0.5785304307937622,0.11610673367977142,-0.009616918861865997,0.6616263389587402,0.16739754378795624,-0.03918399661779404,0.6447969675064087,0.22375108301639557,-0.05673583224415779,0.6206325888633728,0.22343073785305023,-0.06938711553812027,0.5553150177001953,0.11877848207950592,-0.025964923202991486,0.6475397944450378,0.1911473572254181,-0.05219994857907295,0.6260301470756531,0.24900391697883606,-0.05600517615675926,0.605622410774231,0.24037253856658936,-0.058207739144563675,0.5372380614280701,0.14908593893051147,-0.04538241773843765,0.6209284067153931,0.22873011231422424,-0.0648583397269249,0.6015375256538391,0.2745688557624817,-0.055626459419727325,0.578886866569519,0.2631785273551941,-0.05032532289624214,0.5271711945533752,0.19590139389038086,-0.06730242818593979,0.5897687673568726,0.2604968845844269,-0.07735299319028854,0.5747876763343811,0.29233819246292114,-0.07210694998502731,0.5514456033706665,0.283300518989563,-0.06909041106700897,rock
0.5360834002494812,0.25602859258651733,-2.746234315509355e-07,0.5850481390953064,0.1949813961982727,0.017364000901579857,0.6352587342262268,0.17110660672187805,0.01405212190002203,0.6695895791053772,0.1851690709590912,0.004914597142487764,0.682343602180481,0.21541118621826172,-0.002585894428193569,0.6714001893997192,0.12926021218299866,0.008109980262815952,0.7155272960662842,0.20580290257930756,0.0007947427220642567,0.6915585994720459,0.2237951010465622,-0.004300097934901714,0.6689160466194153,0.21382862329483032,-0.01001640036702156,0.6798537969589233,0.15647506713867188,-0.010273336432874203,0.7179770469665527,0.24454715847969055,-0.01343253068625927,0.6922284364700317,0.25391021370887756,-0.014992186799645424,0.6707937121391296,0.23899829387664795,-0.018145177513360977,0.6805161237716675,0.19627980887889862,-0.02733982913196087,0.708284318447113,0.2828914523124695,-0.02365836873650551,0.680522620677948,0.28894054889678955,-0.01780027709901333,0.6618903875350952,0.2684817314147949,-0.01799195259809494,0.6759377717971802,0.24423383176326752,-0.044627223163843155,0.6879734396934509,0.3157157897949219,-0.03722710534930229,0.6613186597824097,0.3181179463863373,-0.030319783836603165,0.6449723243713379,0.29647812247276306,-0.02777979150414467,rock
0.6515553593635559,0.3131313920021057,-3.8006626823516854e-07,0.6993743777275085,0.25027674436569214,0.02338516339659691,0.7434119582176208,0.23978301882743835,0.028503229841589928,0.7729686498641968,0.25475409626960754,0.029410947114229202,0.7868611812591553,0.2835826277732849,0.030074043199419975,0.7997268438339233,0.23595237731933594,0.014847088605165482,0.7917042970657349,0.269879013299942,0.02552107721567154,0.7695109844207764,0.28265127539634705,0.031510815024375916,0.7545024752616882,0.2804054617881775,0.03315708786249161,0.8076092004776001,0.28679412603378296,0.0016311905346810818,0.7921238541603088,0.3165011405944824,0.020444629713892937,0.7695297002792358,0.31983524560928345,0.02509264089167118,0.7525036931037903,0.316925048828125,0.023270735517144203,0.8011592030525208,0.3403407037258148,-0.007808152586221695,0.7827784419059753,0.3617708384990692,0.009489793330430984,0.7607498168945312,0.3578290045261383,0.014244390651583672,0.7455115914344788,0.34949204325675964,0.011464080773293972,0.784871518611908,0.3897055387496948,-0.01570538990199566,0.7696222066879272,0.405178964138031,-0.00040772452484816313,0.7497892379760742,0.3981432616710663,0.009061883203685284,0.7360734343528748,0.3866281807422638,0.0134980333968997,rock
0.7314761877059937,0.31427881121635437,-2.0317746418641036e-07,0.7953833341598511,0.2918795943260193,0.02247222699224949,0.8466209769248962,0.30727776885032654,0.022446228191256523,0.8646128177642822,0.341399222612381,0.015391433611512184,0.8585658669471741,0.37640196084976196,0.008920491673052311,0.8830310702323914,0.3004889488220215,0.020658303052186966,0.8918524980545044,0.3783048093318939,0.014642166905105114,0.864851176738739,0.3840976357460022,0.007045906037092209,0.8466082811355591,0.3704870641231537,-0.0008736838935874403,0.8813368678092957,0.32828786969184875,-0.0016253868816420436,0.88138747215271,0.4113357961177826,-0.003924101125448942,0.8554214239120483,0.40859654545783997,-0.008059500716626644,0.8391481637954712,0.39043620228767395,-0.012515939772129059,0.8668032884597778,0.36066848039627075,-0.023075755685567856,0.8621861934661865,0.44340476393699646,-0.02028806321322918,0.8351780772209167,0.43373575806617737,-0.016345132142305374,0.826137363910675,0.4082135856151581,-0.017442356795072556,0.8439856767654419,0.3972266912460327,-0.04443899542093277,0.8244646787643433,0.4615823030471802,-0.040546417236328125,0.7999095916748047,0.447936475276947,-0.03626474738121033,0.7941679954528809,0.4211856722831726,-0.03522871434688568,rock
0.7983665466308594,0.45371341705322266,-5.7691867283438114e-08,0.8444053530693054,0.5141357183456421,-0.07437755167484283,0.9227712154388428,0.5542657375335693,-0.11733659356832504,0.9517254829406738,0.503156304359436,-0.15001729130744934,0.9114234447479248,0.4336144030094147,-0.17526133358478546,1.0027134418487549,0.4030534029006958,-0.07781492918729782,1.0093402862548828,0.4025752544403076,-0.13514451682567596,0.9565207362174988,0.4481852948665619,-0.16131846606731415,0.9459272623062134,0.4556829035282135,-0.17458344995975494,0.967709481716156,0.3316936492919922,-0.06708136200904846,0.9655784964561462,0.3280775249004364,-0.13192419707775116,0.9128431081771851,0.39063116908073425,-0.14669306576251984,0.9098883867263794,0.4023100435733795,-0.1448346972465515,0.9229108691215515,0.28709909319877625,-0.06476762145757675,0.9039791226387024,0.2879171073436737,-0.12683343887329102,0.8638940453529358,0.3580910265445709,-0.1200796365737915,0.8667483329772949,0.3795851469039917,-0.10394499450922012,0.8761879801750183,0.2591218054294586,-0.06847875565290451,0.849614143371582,0.2776307463645935,-0.11022534221410751,0.8221725821495056,0.3400536775588989,-0.1067684143781662,0.8276509642601013,0.36766234040260315,-0.09587810188531876,rock
0.8222291469573975,0.528978168964386,-6.436916919483338e-07,0.7472938895225525,0.4712723195552826,-0.057199280709028244,0.6799440383911133,0.3883228600025177,-0.09400981664657593,0.6595345139503479,0.32236379384994507,-0.12476051598787308,0.7267741560935974,0.31113186478614807,-0.14302316308021545,0.7720624804496765,0.16153305768966675,-0.038089819252491,0.7109288573265076,0.21475327014923096,-0.09454923868179321,0.7083393931388855,0.30369657278060913,-0.12241820245981216,0.734460175037384,0.2965698540210724,-0.13866229355335236,0.834581196308136,0.17081448435783386,-0.03651980310678482,0.7657334804534912,0.24714495241641998,-0.09223384410142899,0.7550376653671265,0.34057119488716125,-0.09570835530757904,0.7780738472938538,0.3247256278991699,-0.08736629784107208,0.8850324153900146,0.2189311981201172,-0.04669082909822464,0.8152691125869751,0.3155398964881897,-0.09704260528087616,0.7992634177207947,0.3897489309310913,-0.08141960948705673,0.8186174035072327,0.36918172240257263,-0.0606207437813282,0.9270310997962952,0.28409138321876526,-0.06472711265087128,0.868450939655304,0.37135404348373413,-0.09408523142337799,0.8476488590240479,0.4216444790363312,-0.08995700627565384,0.8552342057228088,0.40923672914505005,-0.07924862205982208,rock
0.7833592891693115,0.6946976780891418,-4.7094917476897535e-07,0.7133093476295471,0.653114914894104,-0.04698500409722328,0.655875563621521,0.5986838936805725,-0.0800982117652893,0.6351691484451294,0.5646241903305054,-0.1071498692035675,0.6819739937782288,0.5685896277427673,-0.12499630451202393,0.7142311334609985,0.4132829010486603,-0.04865668714046478,0.6721284985542297,0.4712984263896942,-0.0853755921125412,0.6681863069534302,0.5337902307510376,-0.09945301711559296,0.6794838905334473,0.5263515710830688,-0.1085125207901001,0.7685801386833191,0.430074542760849,-0.045840609818696976,0.7109177708625793,0.5213816165924072,-0.08058658242225647,0.6985138654708862,0.5769791603088379,-0.07820912450551987,0.7092734575271606,0.5474714040756226,-0.0716155618429184,0.8110882043838501,0.4776770770549774,-0.05021527409553528,0.7560772895812988,0.5784931778907776,-0.07885826379060745,0.7373574376106262,0.6143408417701721,-0.06191623583436012,0.7468630075454712,0.5864484310150146,-0.046261902898550034,0.841732382774353,0.53781658411026,-0.06106631085276604,0.7975722551345825,0.6183986067771912,-0.08103378862142563,0.7781416773796082,0.6448497176170349,-0.07611825317144394,0.7799218893051147,0.630583643913269,-0.06755877286195755,rock
0.697295606136322,0.8506144285202026,-2.681890123312769e-07,0.6130717396736145,0.8032791614532471,-0.01771547831594944,0.5409359931945801,0.7810091376304626,-0.048311442136764526,0.4847168028354645,0.8136317729949951,-0.07713880389928818,0.47119128704071045,0.8506305813789368,-0.10232389718294144,0.5617256164550781,0.6351853609085083,-0.06125922128558159,0.47887492179870605,0.7569645047187805,-0.08865538239479065,0.5075181722640991,0.8082522749900818,-0.09580086916685104,0.5393074750900269,0.7883915305137634,-0.10149993747472763,0.6034614443778992,0.6777827739715576,-0.07408449798822403,0.5097621083259583,0.8272334933280945,-0.10038132220506668,0.5410841107368469,0.8525031208992004,-0.09683798253536224,0.5692914128303528,0.8213756084442139,-0.0965803936123848,0.6395105123519897,0.744421124458313,-0.08713410049676895,0.5528914928436279,0.8901231288909912,-0.10541968792676926,0.5810682773590088,0.9001114368438721,-0.09063223004341125,0.6063362956047058,0.862485945224762,-0.08379470556974411,0.6698979735374451,0.8159972429275513,-0.10238660871982574,0.5990782976150513,0.9241845011711121,-0.11624108254909515,0.61420077085495,0.9257837533950806,-0.10905750840902328,0.636528491973877,0.8935743570327759,-0.10418859124183655,rock
0.578413724899292,0.7035122513771057,-3.638245971160359e-07,0.4914785921573639,0.6777617931365967,-0.009931045584380627,0.41737574338912964,0.6523572206497192,-0.03697100654244423,0.3567248284816742,0.6538377404212952,-0.0635363832116127,0.33632081747055054,0.6547743678092957,-0.0849883034825325,0.42081204056739807,0.4813042879104614,-0.04773866757750511,0.32671695947647095,0.5911063551902771,-0.07848315685987473,0.3610658347606659,0.6343533396720886,-0.08787276595830917,0.3902122676372528,0.6143047213554382,-0.09417864680290222,0.44792699813842773,0.5046029090881348,-0.06177237629890442,0.34511998295783997,0.6395266652107239,-0.09482849389314651,0.38252782821655273,0.6709420680999756,-0.09241289645433426,0.411257803440094,0.650035560131073,-0.09054357558488846,0.4710443615913391,0.5603138208389282,-0.07609528303146362,0.3878670930862427,0.6989017724990845,-0.09649692475795746,0.42392417788505554,0.7207348346710205,-0.07877594977617264,0.44889816641807556,0.6919288635253906,-0.06943495571613312,0.490115225315094,0.6267737150192261,-0.09235985577106476,0.4336595833301544,0.7381516098976135,-0.10792289674282074,0.45900189876556396,0.7514235973358154,-0.10299687832593918,0.47897499799728394,0.7213008403778076,-0.0991382896900177,rock
0.4345554709434509,0.43959787487983704,-5.691263709195482e-07,0.33686956763267517,0.43913576006889343,-0.0013264347799122334,0.2713056206703186,0.40730929374694824,-0.017776302993297577,0.22248855233192444,0.3840242922306061,-0.038060691207647324,0.20208574831485748,0.364978164434433,-0.05188705027103424,0.2897583544254303,0.21479418873786926,-0.006845120806246996,0.19833090901374817,0.2993672788143158,-0.04005195572972298,0.23181410133838654,0.3480377793312073,-0.05469217151403427,0.26047489047050476,0.33815497159957886,-0.06208713352680206,0.310333788394928,0.21715325117111206,-0.02478579245507717,0.21179115772247314,0.33720821142196655,-0.058693770319223404,0.25174856185913086,0.38028600811958313,-0.059116702526807785,0.2803201973438263,0.36120617389678955,-0.05542326718568802,0.3262208104133606,0.24984848499298096,-0.04615945741534233,0.2451189011335373,0.3802131712436676,-0.07009238004684448,0.2850462794303894,0.4180009067058563,-0.05341462418437004,0.3094344437122345,0.39503708481788635,-0.04087180644273758,0.33712804317474365,0.30014467239379883,-0.06982060521841049,0.2828640043735504,0.4070360064506531,-0.08421137183904648,0.31271764636039734,0.43205496668815613,-0.07758311182260513,0.33463653922080994,0.4084489643573761,-0.07006125897169113,rock
0.6169177293777466,0.36337608098983765,-5.156061888555996e-07,0.5470685362815857,0.30355772376060486,-0.03498052433133125,0.5001075267791748,0.2265566885471344,-0.05908573046326637,0.4878298342227936,0.17777836322784424,-0.07940240949392319,0.5302525162696838,0.1997835636138916,-0.09238678216934204,0.606448769569397,0.05377906560897827,-0.029774688184261322,0.5316657423973083,0.0993005633354187,-0.060316551476716995,0.5278544425964355,0.16287539899349213,-0.0778423622250557,0.5468418002128601,0.1607521027326584,-0.0906284973025322,0.6453115344047546,0.08909574151039124,-0.03132845088839531,0.5563985705375671,0.16101309657096863,-0.060369543731212616,0.5523412227630615,0.21066369116306305,-0.06300783902406693,0.5718886852264404,0.1984996348619461,-0.061873868107795715,0.6685311794281006,0.15073314309120178,-0.03903054818511009,0.5812172889709473,0.22895747423171997,-0.06425731629133224,0.5770573019981384,0.26414382457733154,-0.05388866364955902,0.5991832613945007,0.24930065870285034,-0.04347594827413559,0.6779228448867798,0.22066736221313477,-0.051775623112916946,0.6081331968307495,0.2802780866622925,-0.06830833852291107,0.6060980558395386,0.302104651927948,-0.06523973494768143,0.6273742914199829,0.28903108835220337,-0.05914010852575302,rock
0.8169044852256775,0.5005426406860352,-5.213300937612075e-07,0.7568130493164062,0.43370506167411804,-0.03713855892419815,0.7216193079948425,0.3513416647911072,-0.06062638759613037,0.720758855342865,0.305705726146698,-0.07941884547472,0.7612729668617249,0.32886239886283875,-0.09066058695316315,0.8385529518127441,0.20809489488601685,-0.027605349197983742,0.7763872146606445,0.24676677584648132,-0.06304322183132172,0.755801796913147,0.3041072189807892,-0.0859794169664383,0.772541880607605,0.3068309724330902,-0.101126529276371,0.8798286318778992,0.2473037987947464,-0.027361620217561722,0.8065163493156433,0.2961488962173462,-0.05800371617078781,0.7831840515136719,0.34438371658325195,-0.06135394051671028,0.804106593132019,0.33900701999664307,-0.059260185807943344,0.9024909138679504,0.3073215186595917,-0.034058887511491776,0.8262781500816345,0.36338868737220764,-0.0595809742808342,0.802475094795227,0.39652103185653687,-0.04910634458065033,0.8231712579727173,0.38693198561668396,-0.037840958684682846,0.9121109843254089,0.3724926710128784,-0.046339377760887146,0.8481302857398987,0.416829913854599,-0.06057378649711609,0.8260265588760376,0.4362610876560211,-0.05601007118821144,0.8369516730308533,0.42890897393226624,-0.04865629971027374,rock
0.7940489053726196,0.6715189814567566,-3.922140479062364e-07,0.7369971871376038,0.6135140657424927,-0.03487880155444145,0.6987130045890808,0.5538816452026367,-0.05950156971812248,0.6810968518257141,0.516186535358429,-0.07896219938993454,0.7116414904594421,0.5224644541740417,-0.09162811934947968,0.7919105291366577,0.4202274680137634,-0.03687656298279762,0.7259210348129272,0.46513792872428894,-0.0653136596083641,0.7126473188400269,0.5089727640151978,-0.08026222884654999,0.7250558733940125,0.5056648254394531,-0.0902041643857956,0.8250502943992615,0.45499956607818604,-0.03477396070957184,0.7442547082901001,0.5151591300964355,-0.06031351163983345,0.7313946485519409,0.5483414530754089,-0.062226034700870514,0.7461257576942444,0.5361226201057434,-0.06116313859820366,0.8441036343574524,0.509080171585083,-0.037425264716148376,0.7647303342819214,0.5696712136268616,-0.05835747346282005,0.7527799606323242,0.59194016456604,-0.04733218252658844,0.7688956260681152,0.5799232125282288,-0.037188820540905,0.8500134348869324,0.568936824798584,-0.044753387570381165,0.7868220806121826,0.6168349981307983,-0.05929083377122879,0.7790688872337341,0.6283551454544067,-0.05580203980207443,0.7936229705810547,0.6161798238754272,-0.049231335520744324,rock
0.7515313625335693,0.7262935638427734,-3.1685956969340623e-07,0.6825739145278931,0.6685407161712646,-0.012515950947999954,0.6411652565002441,0.615048348903656,-0.030777160078287125,0.6078809499740601,0.5831953883171082,-0.048973001539707184,0.5910215377807617,0.5741949081420898,-0.06264393031597137,0.6930844783782959,0.4852750599384308,-0.022011226043105125,0.6106274724006653,0.5301415324211121,-0.045398056507110596,0.6157857775688171,0.5737091898918152,-0.05643213167786598,0.636970043182373,0.5746686458587646,-0.06306319683790207,0.7149609327316284,0.5142408013343811,-0.03190683573484421,0.6151050925254822,0.5789518356323242,-0.052620600908994675,0.6286137104034424,0.6137340068817139,-0.053725071251392365,0.6513264775276184,0.6028706431388855,-0.05356504023075104,0.7278031706809998,0.5622762441635132,-0.0443410649895668,0.6350597143173218,0.6287551522254944,-0.0613090954720974,0.6507918834686279,0.6561154723167419,-0.05308167636394501,0.6744418740272522,0.6419585943222046,-0.0470709428191185,0.73345547914505,0.6183794140815735,-0.059126514941453934,0.6621739864349365,0.669930636882782,-0.07066057622432709,0.6715676188468933,0.6869601011276245,-0.06710931658744812,0.6911810040473938,0.6756772994995117,-0.062303945422172546,rock
0.6839697360992432,0.6963887810707092,-3.081603665577859e-07,0.6451387405395508,0.6281315684318542,0.000187915880815126,0.5989646315574646,0.579568088054657,-0.015559866093099117,0.5546240210533142,0.566886842250824,-0.03351399675011635,0.5340375900268555,0.5773465037345886,-0.04927061125636101,0.6051589250564575,0.4782543182373047,-0.02449963241815567,0.5128015279769897,0.5241733193397522,-0.049847934395074844,0.5236271023750305,0.5629882216453552,-0.060609057545661926,0.548265814781189,0.5579823851585388,-0.06667440384626389,0.6184039115905762,0.5112852454185486,-0.039574310183525085,0.5135364532470703,0.5732139348983765,-0.06300410628318787,0.5322193503379822,0.6046696901321411,-0.06272946298122406,0.556986391544342,0.5984424352645874,-0.06189797818660736,0.6267762184143066,0.5605432987213135,-0.0551290437579155,0.5383145213127136,0.6355735063552856,-0.07208883762359619,0.5646819472312927,0.6544855833053589,-0.06173985078930855,0.5919874310493469,0.6372818946838379,-0.055095475167036057,0.6345052123069763,0.6157398223876953,-0.07133553922176361,0.5680391788482666,0.6725814938545227,-0.08162889629602432,0.5873313546180725,0.6872307062149048,-0.0750289186835289,0.6107629537582397,0.6751822233200073,-0.06925293058156967,rock
0.598800778388977,0.6229583024978638,-2.8937725460309593e-07,0.5636581778526306,0.5409361124038696,-0.003034832188859582,0.5158748626708984,0.4906943738460541,-0.020153287798166275,0.46153679490089417,0.4820379614830017,-0.03676120564341545,0.4338321089744568,0.4971986413002014,-0.0522036999464035,0.495311975479126,0.4285320043563843,-0.047121282666921616,0.4052053987979889,0.491704523563385,-0.0633997768163681,0.41763317584991455,0.5298274755477905,-0.0613601915538311,0.4387821555137634,0.5283682942390442,-0.06009453162550926,0.5037592649459839,0.4566751718521118,-0.05718610808253288,0.41370946168899536,0.5450284481048584,-0.07614356279373169,0.43716898560523987,0.5721014738082886,-0.06983118504285812,0.46321576833724976,0.5643609166145325,-0.06713690608739853,0.5108583569526672,0.5044447779655457,-0.06543226540088654,0.43707969784736633,0.5934810638427734,-0.0787363201379776,0.46254849433898926,0.6090508699417114,-0.06810083985328674,0.4875849485397339,0.5941561460494995,-0.06434963643550873,0.516856849193573,0.5580505132675171,-0.07380069047212601,0.46552807092666626,0.6288107633590698,-0.08771676570177078,0.48276326060295105,0.6428967714309692,-0.08675979822874069,0.5001798868179321,0.6310021877288818,-0.08630925416946411,rock
0.5414187908172607,0.5302197933197021,-2.741600440003822e-07,0.509332001209259,0.4691636562347412,0.006867067888379097,0.46214282512664795,0.43604162335395813,0.0006522344192489982,0.41489654779434204,0.4439089894294739,-0.006810524966567755,0.38472312688827515,0.4665490388870239,-0.015966834500432014,0.4385311007499695,0.39119911193847656,-0.012288942001760006,0.38122648000717163,0.44497427344322205,-0.016357295215129852,0.3721289038658142,0.4811575412750244,-0.016070809215307236,0.37360215187072754,0.4990370273590088,-0.016521183773875237,0.4456977844238281,0.41353410482406616,-0.022001083940267563,0.387842059135437,0.4876445531845093,-0.022614752873778343,0.40158161520957947,0.509463906288147,-0.019519085064530373,0.4172568917274475,0.5192607045173645,-0.02086538076400757,0.4525441825389862,0.45013466477394104,-0.029761893674731255,0.40361589193344116,0.5190398097038269,-0.02825745940208435,0.4217459261417389,0.538253903388977,-0.02273607812821865,0.4364626705646515,0.5438830852508545,-0.023502318188548088,0.45970672369003296,0.49255624413490295,-0.036972757428884506,0.4219401776790619,0.5439379811286926,-0.03882690146565437,0.43052178621292114,0.5624920129776001,-0.035422682762145996,0.4376443326473236,0.5715039372444153,-0.03396378457546234,rock
0.42301031947135925,0.4645444452762604,-4.080874873579887e-07,0.34522950649261475,0.44589900970458984,-0.01065075397491455,0.29488858580589294,0.4053157866001129,-0.026886044070124626,0.25713104009628296,0.3760625123977661,-0.04337020218372345,0.24133723974227905,0.35040172934532166,-0.05451580137014389,0.33608585596084595,0.24984361231327057,-0.01888844184577465,0.2497330754995346,0.3027322590351105,-0.047648489475250244,0.269893079996109,0.3501459062099457,-0.06270169466733932,0.2943412959575653,0.3450390696525574,-0.07208884507417679,0.3585015833377838,0.2529076337814331,-0.028807654976844788,0.2633976638317108,0.32825377583503723,-0.05530514568090439,0.28847166895866394,0.3728528618812561,-0.056615330278873444,0.3143071234226227,0.36152464151382446,-0.055983807891607285,0.3737688660621643,0.28276270627975464,-0.041684478521347046,0.2891426086425781,0.3677651882171631,-0.06101478263735771,0.3129797577857971,0.40760278701782227,-0.04639717563986778,0.3358343839645386,0.3948323726654053,-0.03662513196468353,0.3808969259262085,0.3293170630931854,-0.057216525077819824,0.3198457956314087,0.4053031802177429,-0.07295630127191544,0.3369649350643158,0.4324980676174164,-0.06841249018907547,0.35790112614631653,0.41896581649780273,-0.06260775029659271,rock
0.3904525339603424,0.43999800086021423,-2.4671948040122516e-07,0.30686429142951965,0.40960609912872314,-0.003601792734116316,0.2542814016342163,0.3808218836784363,-0.039769936352968216,0.21770763397216797,0.35373955965042114,-0.08083583414554596,0.21842341125011444,0.31389564275741577,-0.11732397973537445,0.2937208116054535,0.21134933829307556,-0.04036146402359009,0.21891029179096222,0.2502272129058838,-0.0743025690317154,0.23789870738983154,0.3062022626399994,-0.08022110909223557,0.26250943541526794,0.3019734025001526,-0.08290043473243713,0.3252260684967041,0.22050318121910095,-0.06355239450931549,0.23896151781082153,0.2724621295928955,-0.09085004031658173,0.2640179395675659,0.33356696367263794,-0.07423216849565506,0.28977468609809875,0.3140374422073364,-0.06034483388066292,0.3482433259487152,0.25284117460250854,-0.08931015431880951,0.2705269455909729,0.31930479407310486,-0.10245640575885773,0.2924988567829132,0.36886200308799744,-0.07127239555120468,0.31651440262794495,0.3493862748146057,-0.05454416945576668,0.3609876036643982,0.2940186858177185,-0.11802678555250168,0.30832499265670776,0.36642634868621826,-0.12590083479881287,0.3230327367782593,0.3955993056297302,-0.11340207606554031,0.34419965744018555,0.3771820664405823,-0.10527343302965164,rock
0.359519362449646,0.4835299849510193,-4.408417737522541e-07,0.27490729093551636,0.4702264666557312,-0.02517574466764927,0.21657472848892212,0.42556142807006836,-0.0486799031496048,0.18109816312789917,0.3887205123901367,-0.07133349031209946,0.18647073209285736,0.35436153411865234,-0.08673280477523804,0.25268304347991943,0.23490528762340546,-0.016606878489255905,0.18061837553977966,0.2816297709941864,-0.05656746029853821,0.2015850841999054,0.33909153938293457,-0.08130812644958496,0.2260928750038147,0.3296653628349304,-0.09656795859336853,0.2878168225288391,0.23292917013168335,-0.02313103899359703,0.20962513983249664,0.3055444657802582,-0.059702303260564804,0.23302219808101654,0.3601350784301758,-0.06657879799604416,0.25709664821624756,0.3449626564979553,-0.06608770787715912,0.31717878580093384,0.26184970140457153,-0.03601691499352455,0.2490522861480713,0.3535477817058563,-0.06450993567705154,0.26732194423675537,0.40165436267852783,-0.05384495109319687,0.2873184382915497,0.3810109496116638,-0.04312333092093468,0.33827653527259827,0.30834317207336426,-0.05321298912167549,0.2886826992034912,0.396647572517395,-0.070090651512146,0.3043496608734131,0.4258800148963928,-0.06634975224733353,0.3247041702270508,0.4053190350532532,-0.05971621721982956,rock
0.353403776884079,0.612478494644165,-4.818605816581112e-07,0.26555031538009644,0.6053750514984131,-0.029569705948233604,0.20714600384235382,0.5773797035217285,-0.05586563050746918,0.17315231263637543,0.5543299317359924,-0.07934023439884186,0.17240646481513977,0.5264125466346741,-0.09625241905450821,0.22934651374816895,0.3755984902381897,-0.03561871871352196,0.16066327691078186,0.45658090710639954,-0.07283392548561096,0.18124234676361084,0.515281617641449,-0.09405084699392319,0.2047358900308609,0.5062505602836609,-0.1074170172214508,0.2681547999382019,0.38166746497154236,-0.04063443839550018,0.19346266984939575,0.4879733622074127,-0.07417772710323334,0.21259675920009613,0.5407299399375916,-0.08008377254009247,0.23357564210891724,0.5283225774765015,-0.08142315596342087,0.30292531847953796,0.41813334822654724,-0.05051960051059723,0.2385929971933365,0.5404801368713379,-0.07732048630714417,0.25535842776298523,0.5831151604652405,-0.0652996227145195,0.27381467819213867,0.5642825961112976,-0.05517156794667244,0.3305649757385254,0.47161903977394104,-0.06475358456373215,0.28147488832473755,0.5731856822967529,-0.0820503681898117,0.2952624261379242,0.5987491011619568,-0.07637280970811844,0.31320786476135254,0.5789065957069397,-0.06865851581096649,rock
0.4078711271286011,0.8734939098358154,-4.1327967892357265e-07,0.31327980756759644,0.876432478427887,-0.04295430704951286,0.2387540340423584,0.8539933562278748,-0.07268041372299194,0.2038683146238327,0.8307170271873474,-0.09616070240736008,0.2454056441783905,0.8214532732963562,-0.11140146106481552,0.2696080803871155,0.6321722269058228,-0.04883177950978279,0.21931035816669464,0.7348511219024658,-0.08510050922632217,0.23886986076831818,0.7926695942878723,-0.10398643463850021,0.257966011762619,0.7795376777648926,-0.11577780544757843,0.3274652063846588,0.6375977396965027,-0.04707057401537895,0.2740620970726013,0.7679736614227295,-0.07695235311985016,0.2856311798095703,0.8116779923439026,-0.07605843991041183,0.3013935685157776,0.7824493050575256,-0.07245898991823196,0.3774878680706024,0.6788371801376343,-0.05172644183039665,0.32880234718322754,0.8117782473564148,-0.0761612057685852,0.32985347509384155,0.8426589369773865,-0.06130971014499664,0.3446081280708313,0.8133679032325745,-0.04751644656062126,0.41527941823005676,0.7374584078788757,-0.06237878277897835,0.3763209283351898,0.8375388383865356,-0.0786021426320076,0.37148505449295044,0.8539389967918396,-0.07337634265422821,0.38033419847488403,0.83250892162323,-0.06472082436084747,rock
0.45871371030807495,0.9022890329360962,-4.1484798884994234e-07,0.37376707792282104,0.9036235809326172,-0.044448141008615494,0.3063031733036041,0.8827459216117859,-0.07803482562303543,0.2928334176540375,0.8680016994476318,-0.10463203489780426,0.3462101221084595,0.8668625354766846,-0.12405025959014893,0.34103691577911377,0.6561195254325867,-0.05934131518006325,0.30083802342414856,0.7742095589637756,-0.10050597041845322,0.3199932277202606,0.82956862449646,-0.12562566995620728,0.33774223923683167,0.8069841265678406,-0.14202655851840973,0.4016098976135254,0.6605834364891052,-0.05749562382698059,0.3556186854839325,0.8077540397644043,-0.08826500922441483,0.3666698932647705,0.8538815379142761,-0.0880511999130249,0.3813592493534088,0.8156130313873291,-0.08586440235376358,0.4525248110294342,0.7033040523529053,-0.06161920353770256,0.4112738370895386,0.8411476612091064,-0.08708842843770981,0.4080619215965271,0.8756611347198486,-0.06957010924816132,0.42120787501335144,0.8438667058944702,-0.05433887988328934,0.49020615220069885,0.7607372999191284,-0.07198742777109146,0.460073858499527,0.8635923266410828,-0.08994735777378082,0.44815176725387573,0.8908113241195679,-0.08239611983299255,0.4528123140335083,0.875417947769165,-0.0718521773815155,rock
0.5803928375244141,0.93647700548172,-3.380094995009131e-07,0.5097866058349609,0.9318854808807373,-0.042762864381074905,0.4472602605819702,0.9105545878410339,-0.08071567118167877,0.4256609082221985,0.8961201906204224,-0.11357781291007996,0.4643273949623108,0.8904972672462463,-0.140349343419075,0.4681253135204315,0.6812297701835632,-0.05892447009682655,0.4269164204597473,0.7965391874313354,-0.10208915174007416,0.4449804425239563,0.8487986922264099,-0.12803249061107635,0.4655782878398895,0.8279642462730408,-0.14422710239887238,0.5251868367195129,0.6917048692703247,-0.05988732725381851,0.4757421612739563,0.8283481001853943,-0.09012791514396667,0.48586127161979675,0.8831772804260254,-0.088615782558918,0.5031976699829102,0.8446338176727295,-0.08470061421394348,0.5739871859550476,0.7359073758125305,-0.0662175863981247,0.529316782951355,0.8682067394256592,-0.08796575665473938,0.5270124673843384,0.9092121720314026,-0.06476189941167831,0.5431332588195801,0.8838787078857422,-0.04682816192507744,0.6097816824913025,0.7967702746391296,-0.07907938212156296,0.5778905153274536,0.8938859701156616,-0.09443856030702591,0.5731729865074158,0.9263837933540344,-0.08074052631855011,0.5890352725982666,0.9166904091835022,-0.06582557410001755,rock
0.6744645833969116,0.9576734900474548,-3.537106181283889e-07,0.6015369892120361,0.9384764432907104,-0.054368507117033005,0.5447704792022705,0.894714891910553,-0.09313798695802689,0.5651232600212097,0.8898824453353882,-0.12634269893169403,0.6411930322647095,0.9118862152099609,-0.15291383862495422,0.5844554305076599,0.6749138832092285,-0.0525810606777668,0.5788726210594177,0.7880588173866272,-0.10246927291154861,0.5874213576316833,0.848143994808197,-0.13583409786224365,0.5987281799316406,0.8329346179962158,-0.15699519217014313,0.6490465998649597,0.6882764101028442,-0.05135977640748024,0.6424161195755005,0.8238451480865479,-0.09267806261777878,0.6295713782310486,0.8711087107658386,-0.10446251183748245,0.6271306276321411,0.8380569219589233,-0.10854040831327438,0.7016105651855469,0.7354254722595215,-0.05849916860461235,0.68803471326828,0.8702425956726074,-0.09209834039211273,0.665168046951294,0.9117212295532227,-0.0836494117975235,0.6576664447784424,0.8853458762168884,-0.07256034016609192,0.7395284175872803,0.7965697050094604,-0.07324441522359848,0.7298280000686646,0.8983131051063538,-0.09451781958341599,0.7103410959243774,0.9325430393218994,-0.08817300200462341,0.7039929032325745,0.9217606782913208,-0.07772703468799591,rock
0.7154714465141296,0.900901198387146,-4.32161868957337e-07,0.6481446027755737,0.8675988912582397,-0.055065739899873734,0.6028863787651062,0.8097505569458008,-0.09259134531021118,0.6301562190055847,0.8025540709495544,-0.12061294913291931,0.6992360949516296,0.8142342567443848,-0.1390126347541809,0.6728863716125488,0.6080125570297241,-0.06446979939937592,0.6732031106948853,0.7208731174468994,-0.1126975417137146,0.6614481210708618,0.7799859642982483,-0.1388157308101654,0.6618750095367432,0.754835844039917,-0.15712939202785492,0.7368295788764954,0.6287524104118347,-0.06034601479768753,0.7343501448631287,0.765346109867096,-0.10921206325292587,0.7046055197715759,0.8192399740219116,-0.11744040995836258,0.6991026997566223,0.7793787121772766,-0.11819808930158615,0.7855744957923889,0.6780840158462524,-0.06359628587961197,0.775698184967041,0.8254715204238892,-0.10453525185585022,0.7413817048072815,0.865659236907959,-0.0931590348482132,0.7332488894462585,0.822597861289978,-0.08076224476099014,0.8216262459754944,0.7390882968902588,-0.07399898022413254,0.8089348077774048,0.856003999710083,-0.1051245704293251,0.780063807964325,0.8938585519790649,-0.1047138124704361,0.7699013352394104,0.8709006309509277,-0.09887237101793289,rock
0.727869987487793,0.7620675563812256,2.2793969378653856e-07,0.6669411063194275,0.7018639445304871,-0.037426404654979706,0.6274784803390503,0.6308428049087524,-0.06354375928640366,0.6669708490371704,0.5924346446990967,-0.0863681510090828,0.7379177212715149,0.5942055583000183,-0.1053599864244461,0.6724486947059631,0.5293585062026978,-0.03833763301372528,0.6879441738128662,0.4957854747772217,-0.09803180396556854,0.6990761160850525,0.49252063035964966,-0.1420716643333435,0.7039865851402283,0.5053608417510986,-0.16771812736988068,0.733076810836792,0.5271524786949158,-0.041016850620508194,0.7650303244590759,0.5045187473297119,-0.10324136167764664,0.755046010017395,0.558586061000824,-0.12721459567546844,0.7437645196914673,0.5823373794555664,-0.13133078813552856,0.7811802625656128,0.5492905378341675,-0.05034630000591278,0.803174614906311,0.5908833742141724,-0.09864817559719086,0.7706081867218018,0.6502879858016968,-0.0918627381324768,0.7459462881088257,0.652779757976532,-0.07599005848169327,0.8177651762962341,0.5914574861526489,-0.06475304812192917,0.828031063079834,0.6441459059715271,-0.09483011066913605,0.7976229786872864,0.6872482895851135,-0.08852750808000565,0.7732826471328735,0.6835068464279175,-0.07614884525537491,rock
0.7022700905799866,0.6367390751838684,1.4883563714818138e-08,0.6487108469009399,0.5934484004974365,-0.03208698704838753,0.6136928200721741,0.5167960524559021,-0.05170925334095955,0.6510759592056274,0.4672129154205322,-0.06917846947908401,0.7132250666618347,0.4662664830684662,-0.0823860689997673,0.6671845316886902,0.4070117473602295,-0.022459257394075394,0.6847074031829834,0.3624229431152344,-0.07050154358148575,0.6879662275314331,0.36044079065322876,-0.10336323082447052,0.6827685832977295,0.38161420822143555,-0.12152104824781418,0.7232393026351929,0.416948527097702,-0.02631497010588646,0.745697021484375,0.3869326710700989,-0.08049648255109787,0.7273228168487549,0.4462045729160309,-0.0970870852470398,0.7121096849441528,0.4756847023963928,-0.09596069902181625,0.7653899788856506,0.44778507947921753,-0.03751275688409805,0.7753432393074036,0.47005534172058105,-0.08174368739128113,0.74563068151474,0.5257551670074463,-0.07558713108301163,0.7272278666496277,0.5295857787132263,-0.061015818268060684,0.7996664047241211,0.4926925301551819,-0.05304880812764168,0.7975058555603027,0.5334259271621704,-0.08141588419675827,0.7668258547782898,0.5727607011795044,-0.0780942440032959,0.746060311794281,0.5670174956321716,-0.06881251186132431,rock
0.6928115487098694,0.5514315366744995,-2.2841234681436617e-07,0.6403173804283142,0.504643976688385,-0.028958618640899658,0.6052221655845642,0.4224715828895569,-0.046690087765455246,0.6396968364715576,0.36675262451171875,-0.0633850246667862,0.6979671716690063,0.365723192691803,-0.07538726180791855,0.6635528206825256,0.3073931336402893,-0.014621692709624767,0.6741233468055725,0.26242929697036743,-0.05699505656957626,0.6706018447875977,0.28188806772232056,-0.0830395296216011,0.663134753704071,0.31209486722946167,-0.09594100713729858,0.7166785597801208,0.3175603151321411,-0.018703576177358627,0.7275964617729187,0.29949307441711426,-0.06102482229471207,0.7031434774398804,0.36833757162094116,-0.06904134154319763,0.6913562417030334,0.3923725485801697,-0.06381717324256897,0.7578248381614685,0.3507867455482483,-0.03060748241841793,0.7587659955024719,0.37115877866744995,-0.06873637437820435,0.7266890406608582,0.4288477599620819,-0.06095403805375099,0.7135218977928162,0.43225976824760437,-0.046506017446517944,0.7921202182769775,0.3983025848865509,-0.04639497399330139,0.7798369526863098,0.4338178038597107,-0.06921540200710297,0.7489648461341858,0.47224825620651245,-0.0635618194937706,0.7339690923690796,0.46680763363838196,-0.05341513454914093,rock
0.682690441608429,0.4910905957221985,-4.176758920948487e-07,0.624739944934845,0.45152610540390015,-0.03524220362305641,0.5875979065895081,0.3500216603279114,-0.050990402698516846,0.6253722906112671,0.2814897298812866,-0.06469598412513733,0.6900967359542847,0.2874773442745209,-0.07047810405492783,0.6566804647445679,0.24020126461982727,-0.010878100991249084,0.6556101441383362,0.20673850178718567,-0.05512675270438194,0.6448953747749329,0.2702424228191376,-0.07775422185659409,0.6490169167518616,0.2945532202720642,-0.08901038020849228,0.7072761058807373,0.2491178959608078,-0.012074212543666363,0.7137743830680847,0.22534072399139404,-0.059460170567035675,0.6856030225753784,0.3053493797779083,-0.06388790160417557,0.6819797158241272,0.32103338837623596,-0.05397850647568703,0.7450381517410278,0.2808498740196228,-0.023208709433674812,0.7396050691604614,0.30739301443099976,-0.0634223148226738,0.705956220626831,0.37060075998306274,-0.052431970834732056,0.6998536586761475,0.3621659576892853,-0.034589339047670364,0.7789559960365295,0.3260505497455597,-0.03943373262882233,0.7596132755279541,0.36892732977867126,-0.06018122285604477,0.7300917506217957,0.41080498695373535,-0.055581092834472656,0.7209644913673401,0.398541659116745,-0.046628668904304504,rock
0.6726935505867004,0.4224025011062622,-5.435590537672397e-07,0.6231284141540527,0.3714713454246521,-0.032804831862449646,0.5850000977516174,0.2731441855430603,-0.0482957623898983,0.590818464756012,0.19852545857429504,-0.062345732003450394,0.6443268656730652,0.1941896677017212,-0.06748868525028229,0.6645758152008057,0.15124455094337463,-0.004847893491387367,0.6279388666152954,0.13705962896347046,-0.040961481630802155,0.6181216835975647,0.21386392414569855,-0.05809537321329117,0.634700357913971,0.22077754139900208,-0.06818044185638428,0.7090575098991394,0.16160526871681213,-0.007180368527770042,0.6716743111610413,0.1598036140203476,-0.04647428169846535,0.6541222333908081,0.2438856065273285,-0.04608024284243584,0.6694519519805908,0.24836678802967072,-0.035341307520866394,0.7417922019958496,0.19589735567569733,-0.018939178436994553,0.6980299949645996,0.2159779816865921,-0.05429432913661003,0.6795084476470947,0.28703123331069946,-0.03906626254320145,0.6966584920883179,0.28402575850486755,-0.019963746890425682,0.7689853310585022,0.24203136563301086,-0.035962119698524475,0.7206375002861023,0.2773185670375824,-0.053743936121463776,0.7052463889122009,0.32361769676208496,-0.04741111397743225,0.7191125154495239,0.3209295868873596,-0.03785222768783569,rock
0.7169144749641418,0.4213806986808777,-4.5630608269675577e-07,0.6579588651657104,0.3358190059661865,-0.004636657424271107,0.6352823376655579,0.2628367841243744,-0.02580922096967697,0.6242916584014893,0.2083282470703125,-0.05095134302973747,0.646058201789856,0.1763925552368164,-0.07052762061357498,0.7456601858139038,0.1492762267589569,-0.006089935079216957,0.6630085706710815,0.12279056012630463,-0.037875108420848846,0.6551989316940308,0.18721142411231995,-0.055909350514411926,0.6790996193885803,0.20051316916942596,-0.06840456277132034,0.7709685564041138,0.1650983840227127,-0.02343330718576908,0.6665697693824768,0.14610649645328522,-0.053795818239450455,0.6622036695480347,0.21255263686180115,-0.05549429729580879,0.6924315094947815,0.22287003695964813,-0.054017432034015656,0.7743878960609436,0.2001616656780243,-0.0447700098156929,0.6689879298210144,0.19901396334171295,-0.06590329110622406,0.6653328537940979,0.2601519227027893,-0.05193537101149559,0.6957881450653076,0.2676509618759155,-0.04313381761312485,0.7609184384346008,0.23926270008087158,-0.06878476589918137,0.6721624135971069,0.2564111053943634,-0.08533916622400284,0.6710460782051086,0.29760879278182983,-0.08296500146389008,0.6987313628196716,0.3038829267024994,-0.07948238402605057,rock
0.7617781162261963,0.4208691418170929,-5.579858566306939e-07,0.7409204840660095,0.31892743706703186,0.007576322183012962,0.7450180649757385,0.24174264073371887,-0.00366475828923285,0.7486894130706787,0.18255117535591125,-0.019464286044239998,0.7477230429649353,0.14101698994636536,-0.031929031014442444,0.8305803537368774,0.17707055807113647,-0.008875979110598564,0.7250205278396606,0.1164184957742691,-0.03410445153713226,0.704634964466095,0.16703784465789795,-0.04484515264630318,0.7194411158561707,0.1973230540752411,-0.05088891088962555,0.8270740509033203,0.18626996874809265,-0.02831372618675232,0.7057550549507141,0.13435082137584686,-0.05425804480910301,0.6937568187713623,0.1971939504146576,-0.05465072765946388,0.7146130204200745,0.22748567163944244,-0.053593918681144714,0.8068322539329529,0.20584462583065033,-0.048872608691453934,0.6909460425376892,0.1834765076637268,-0.06474020332098007,0.6864354610443115,0.24659880995750427,-0.051894038915634155,0.7116875052452087,0.2692112922668457,-0.045426636934280396,0.7781845927238464,0.23301926255226135,-0.07087383419275284,0.6856167912483215,0.23214158415794373,-0.08632664382457733,0.6826642155647278,0.2766779363155365,-0.08503162860870361,0.7062561511993408,0.29012835025787354,-0.08298948407173157,rock
0.7925617098808289,0.4131384491920471,-5.078616140963277e-07,0.8165661096572876,0.3163437843322754,0.010350443422794342,0.8226515054702759,0.238307386636734,-0.0023510237224400043,0.8007634878158569,0.17413721978664398,-0.01936200261116028,0.7711403369903564,0.13871733844280243,-0.0344313345849514,0.8727924823760986,0.16810597479343414,-0.017023777589201927,0.7704381346702576,0.10470011830329895,-0.03926018998026848,0.7488436102867126,0.15092733502388,-0.04730401188135147,0.7592974305152893,0.17970889806747437,-0.05200064182281494,0.8616572022438049,0.1787792146205902,-0.036430783569812775,0.7419489622116089,0.12743455171585083,-0.05932251736521721,0.7319253087043762,0.18690267205238342,-0.05897218734025955,0.750612199306488,0.2194444239139557,-0.05892672389745712,0.8352773189544678,0.2010442167520523,-0.05519334226846695,0.7223427295684814,0.17356891930103302,-0.06825752556324005,0.7197755575180054,0.23297473788261414,-0.057720690965652466,0.742835521697998,0.25991418957710266,-0.05401484668254852,0.8015870451927185,0.22858192026615143,-0.07433078438043594,0.7124770879745483,0.22086375951766968,-0.08832063525915146,0.7113190293312073,0.2638179063796997,-0.08794978260993958,0.7326990365982056,0.28069642186164856,-0.08743259310722351,rock
0.8047009706497192,0.3878443241119385,-4.1461328237346606e-07,0.844654381275177,0.30239877104759216,0.008961818180978298,0.8559079170227051,0.22887130081653595,-0.004881076980382204,0.832095205783844,0.1647932231426239,-0.020998289808630943,0.7968440055847168,0.14028328657150269,-0.03606392443180084,0.890953540802002,0.16232794523239136,-0.033606987446546555,0.8059406280517578,0.0896785706281662,-0.04732612520456314,0.7851411700248718,0.1307981312274933,-0.04570024460554123,0.7937909960746765,0.15624676644802094,-0.04431677982211113,0.8688193559646606,0.17304709553718567,-0.04918773099780083,0.7718012928962708,0.11602599918842316,-0.05951625108718872,0.759139895439148,0.16080637276172638,-0.05023420229554176,0.7719409465789795,0.18870608508586884,-0.04689997807145119,0.8336088061332703,0.1939321756362915,-0.062237441539764404,0.7396096587181091,0.16521373391151428,-0.06354619562625885,0.7357788681983948,0.20928789675235748,-0.05047721043229103,0.7541159391403198,0.23354454338550568,-0.04848320782184601,0.7940225005149841,0.2183690220117569,-0.07536371797323227,0.7191144227981567,0.2097269743680954,-0.08000259101390839,0.716282844543457,0.24505919218063354,-0.07663610577583313,0.7315706014633179,0.26127204298973083,-0.07612058520317078,rock
0.8268725872039795,0.4119628071784973,-3.861395612148044e-07,0.8708902597427368,0.33720695972442627,0.005635881796479225,0.8882910013198853,0.2616470456123352,-0.006038459949195385,0.8763121366500854,0.19492290914058685,-0.01855243742465973,0.8467387557029724,0.16856053471565247,-0.03026084043085575,0.9195285439491272,0.19131916761398315,-0.035302046686410904,0.8356125950813293,0.11965407431125641,-0.04989679902791977,0.8211439847946167,0.1591401994228363,-0.05024592950940132,0.8323687314987183,0.18501722812652588,-0.049514707177877426,0.8913880586624146,0.20353350043296814,-0.04818064719438553,0.7997077703475952,0.1436622589826584,-0.05741271749138832,0.7923297882080078,0.18419697880744934,-0.04802064225077629,0.8074131608009338,0.2099737972021103,-0.04436188191175461,0.852112889289856,0.223367840051651,-0.05900363624095917,0.7679046392440796,0.18493996560573578,-0.06033554673194885,0.764462411403656,0.22296872735023499,-0.04613089933991432,0.7818924188613892,0.24496686458587646,-0.042264245450496674,0.8087425827980042,0.2479357272386551,-0.07016346603631973,0.743419885635376,0.2289186716079712,-0.0737040787935257,0.7431914806365967,0.26212745904922485,-0.0677761510014534,0.7586559653282166,0.2792457938194275,-0.06458571553230286,rock
0.8557295799255371,0.4602512717247009,-3.1927635291140177e-07,0.8979434370994568,0.3885573744773865,-0.0077864304184913635,0.9151172637939453,0.30374181270599365,-0.02438090741634369,0.8985276818275452,0.23196327686309814,-0.038648441433906555,0.8655676245689392,0.20313343405723572,-0.05080464482307434,0.9536473155021667,0.24926774203777313,-0.04736902564764023,0.8702935576438904,0.16918766498565674,-0.06766252964735031,0.8552451133728027,0.211561381816864,-0.0706295520067215,0.8692795038223267,0.23697946965694427,-0.07148980349302292,0.9218440651893616,0.26249438524246216,-0.05474912002682686,0.8308020830154419,0.18767321109771729,-0.07150386273860931,0.8223570585250854,0.23205512762069702,-0.06337755918502808,0.8380204439163208,0.2581312656402588,-0.05935339257121086,0.8798577785491943,0.28160086274147034,-0.0614401251077652,0.7950426340103149,0.2290869951248169,-0.0703839361667633,0.7918256521224976,0.27039891481399536,-0.05584895238280296,0.810003399848938,0.2933540344238281,-0.04979505389928818,0.8351393938064575,0.3044032156467438,-0.06931612640619278,0.7707616090774536,0.27871108055114746,-0.07698614150285721,0.7713325023651123,0.3124677538871765,-0.07155376672744751,0.7884352803230286,0.32768428325653076,-0.06820692121982574,rock
0.8809468746185303,0.593487024307251,-3.396284853351972e-07,0.9288250207901001,0.5235446691513062,-0.008570303209125996,0.9488564729690552,0.43356141448020935,-0.02906906232237816,0.9296756386756897,0.35576751828193665,-0.04606742411851883,0.8953577876091003,0.32306891679763794,-0.06242595985531807,0.986332893371582,0.3897462487220764,-0.06817692518234253,0.906093180179596,0.2986007034778595,-0.08781544119119644,0.889863908290863,0.33917173743247986,-0.08705317229032516,0.9005784392356873,0.3654913604259491,-0.08589194715023041,0.9482659697532654,0.4095359444618225,-0.0763707235455513,0.864628791809082,0.3175760507583618,-0.09284723550081253,0.8545915484428406,0.3634350597858429,-0.08079156279563904,0.8678680658340454,0.396004319190979,-0.07517579942941666,0.900427520275116,0.4313873052597046,-0.08224239200353622,0.8287379741668701,0.35651251673698425,-0.09163695573806763,0.8246290683746338,0.40146857500076294,-0.07226823270320892,0.8402935862541199,0.4338785409927368,-0.06381872296333313,0.8496103882789612,0.45418739318847656,-0.08863364905118942,0.800235390663147,0.4074234366416931,-0.09776958078145981,0.8018335700035095,0.44405388832092285,-0.08823612332344055,0.8163539171218872,0.4666416049003601,-0.08234258741140366,rock
0.8252893090248108,0.9241301417350769,-4.883639803665574e-07,0.8213083148002625,0.8297931551933289,-0.00523402402177453,0.7842327356338501,0.7342401742935181,-0.027019860222935677,0.7263579964637756,0.68008953332901,-0.04740417003631592,0.6795344352722168,0.6596826314926147,-0.06885907799005508,0.8125076293945312,0.7021417617797852,-0.07352329790592194,0.6950443387031555,0.6548358201980591,-0.09928502887487411,0.6812997460365295,0.6980817317962646,-0.10018998384475708,0.698265790939331,0.7236601114273071,-0.0985255166888237,0.8044418096542358,0.7618124485015869,-0.08554323762655258,0.6745216846466064,0.7233363389968872,-0.10952163487672806,0.6803974509239197,0.7606422305107117,-0.09926722198724747,0.7086920142173767,0.7815536856651306,-0.09406763315200806,0.7854943871498108,0.8254978060722351,-0.09488997608423233,0.6741331219673157,0.7966494560241699,-0.1154908761382103,0.693671464920044,0.8252953886985779,-0.09853512048721313,0.7268897294998169,0.8387371301651001,-0.08897211402654648,0.7601236701011658,0.8825412392616272,-0.10298549383878708,0.6721614599227905,0.8492761254310608,-0.12195374816656113,0.6894536018371582,0.8685051202774048,-0.11315038055181503,0.7192020416259766,0.8816763758659363,-0.10612494498491287,rock
0.45723897218704224,0.6107993125915527,-4.955628014613467e-07,0.37070202827453613,0.6137242317199707,-5.778629201813601e-06,0.31198978424072266,0.5922346711158752,-0.015472786501049995,0.2690122127532959,0.5763712525367737,-0.033752985298633575,0.24285027384757996,0.5595452785491943,-0.04749208688735962,0.3187345266342163,0.4259457588195801,-0.012961558997631073,0.23221173882484436,0.5163393616676331,-0.041165683418512344,0.2577906847000122,0.5596170425415039,-0.05696377530694008,0.28265249729156494,0.5525180101394653,-0.06685511022806168,0.33339226245880127,0.43083345890045166,-0.028404399752616882,0.23954148590564728,0.5422273278236389,-0.05670224875211716,0.2733062207698822,0.5791207551956177,-0.05976652726531029,0.300903856754303,0.5645233988761902,-0.06041782349348068,0.3461894392967224,0.46271443367004395,-0.04543497785925865,0.2729966640472412,0.5821725726127625,-0.06401125341653824,0.30865800380706787,0.6107797622680664,-0.049963098019361496,0.33234289288520813,0.5898119807243347,-0.041378844529390335,0.3571794033050537,0.51017826795578,-0.06415752321481705,0.3089010715484619,0.6091899275779724,-0.0780174657702446,0.3359725773334503,0.6289628148078918,-0.0727698802947998,0.3565061092376709,0.6061884164810181,-0.06760010123252869,rock
0.45982038974761963,0.5069235563278198,-5.07800223203958e-07,0.38116493821144104,0.4976574778556824,-0.0012083123438060284,0.33101797103881836,0.46764734387397766,-0.014988012611865997,0.29156795144081116,0.4452398717403412,-0.03226429224014282,0.26276490092277527,0.4269832968711853,-0.04470725730061531,0.35108819603919983,0.3068927824497223,-0.003983105067163706,0.2687121033668518,0.36929425597190857,-0.03068244270980358,0.2906794250011444,0.41666245460510254,-0.04400932416319847,0.3157515227794647,0.414848655462265,-0.05105195194482803,0.36400312185287476,0.31023532152175903,-0.017389945685863495,0.273460328578949,0.4004121422767639,-0.04351319372653961,0.3029913306236267,0.44593387842178345,-0.0444968156516552,0.3295954167842865,0.43596264719963074,-0.04242523014545441,0.3722028136253357,0.3387690782546997,-0.03365347906947136,0.2975967824459076,0.44247865676879883,-0.05261794477701187,0.3285624086856842,0.4771852493286133,-0.04083677753806114,0.3518793284893036,0.46086767315864563,-0.03237254545092583,0.376705527305603,0.3805712163448334,-0.05178825557231903,0.3290480971336365,0.47276151180267334,-0.0643407329916954,0.3511861264705658,0.5008044242858887,-0.0609806589782238,0.37045201659202576,0.4867129325866699,-0.05683962255716324,rock
0.4881499409675598,0.4433993101119995,-4.821081915906689e-07,0.42071229219436646,0.4215792715549469,-0.022072676569223404,0.3640548884868622,0.37197035551071167,-0.03699596971273422,0.340884804725647,0.3189638555049896,-0.05179191380739212,0.3722582757472992,0.28637248277664185,-0.05922377482056618,0.4058178663253784,0.2175619900226593,-0.0030233252327889204,0.35056114196777344,0.24006710946559906,-0.03464037552475929,0.3667253255844116,0.3004465103149414,-0.05175855755805969,0.3858649730682373,0.3009296655654907,-0.06160596385598183,0.4397747218608856,0.21394680440425873,-0.008514685556292534,0.3798569142818451,0.2553519010543823,-0.0412236750125885,0.3984927535057068,0.3168964385986328,-0.04395171254873276,0.41848278045654297,0.3125219941139221,-0.038486551493406296,0.46934905648231506,0.23398500680923462,-0.020832715556025505,0.41362518072128296,0.2928503155708313,-0.050786178559064865,0.4295920431613922,0.3478825092315674,-0.03978315368294716,0.44916680455207825,0.33782604336738586,-0.025455079972743988,0.4944198429584503,0.2686987519264221,-0.03687439113855362,0.4481167793273926,0.32798856496810913,-0.05379161983728409,0.45774662494659424,0.3649139702320099,-0.048985641449689865,0.47477203607559204,0.3551853597164154,-0.040415409952402115,rock
0.5390238165855408,0.44461923837661743,-5.907610898248095e-07,0.47634679079055786,0.4174344539642334,-0.021019745618104935,0.42002880573272705,0.35028213262557983,-0.032304972410202026,0.410189151763916,0.28669026494026184,-0.04377443343400955,0.4527529180049896,0.27173754572868347,-0.048758614808321,0.4670891761779785,0.20996129512786865,-0.001970442943274975,0.42695584893226624,0.22096624970436096,-0.03305923566222191,0.4363163113594055,0.2853362560272217,-0.050549719482660294,0.4514332711696625,0.2893935739994049,-0.06142422556877136,0.5084600448608398,0.20608089864253998,-0.008480195887386799,0.46786221861839294,0.23172639310359955,-0.0406852625310421,0.47320303320884705,0.30142420530319214,-0.042351990938186646,0.48843467235565186,0.3031415045261383,-0.036241237074136734,0.5437908172607422,0.22637180984020233,-0.02203487418591976,0.5022644400596619,0.2699556052684784,-0.05025752633810043,0.5030721426010132,0.33050692081451416,-0.038122449070215225,0.5169758200645447,0.32547616958618164,-0.0238630510866642,0.5721455812454224,0.26142385601997375,-0.03951114043593407,0.5323696732521057,0.3177242875099182,-0.05517047643661499,0.5334811210632324,0.3587621748447418,-0.04994090646505356,0.5493083596229553,0.3504560589790344,-0.04211007058620453,rock
0.8056784272193909,0.7035386562347412,-3.399470642762026e-07,0.7007300853729248,0.5837023258209229,-0.028037596493959427,0.6073940396308899,0.5006870627403259,-0.07608183473348618,0.5271161198616028,0.5038768649101257,-0.11973071843385696,0.5103172659873962,0.5526492595672607,-0.15960893034934998,0.7052952647209167,0.326142281293869,-0.10967274010181427,0.5399578213691711,0.4492025077342987,-0.15458418428897858,0.5603238344192505,0.5313183665275574,-0.16495828330516815,0.6120768189430237,0.5212094783782959,-0.1736559122800827,0.7569767832756042,0.41115444898605347,-0.12813277542591095,0.5582821369171143,0.5659555792808533,-0.17070285975933075,0.5921077132225037,0.6189597845077515,-0.16447590291500092,0.6421796679496765,0.5924067497253418,-0.1644686907529831,0.7856024503707886,0.5284027457237244,-0.14585913717746735,0.5952011346817017,0.6801132559776306,-0.17691998183727264,0.630948007106781,0.710473358631134,-0.15328383445739746,0.682202935218811,0.6769950985908508,-0.14272692799568176,0.7966050505638123,0.6503748297691345,-0.16620786488056183,0.6459132432937622,0.7610296010971069,-0.1960035264492035,0.6657382249832153,0.7727065682411194,-0.1893593966960907,0.7112447023391724,0.7386949062347412,-0.18421871960163116,rock
0.7740806341171265,0.6542387008666992,-6.250143087527249e-07,0.7068812847137451,0.5169904828071594,-0.012642729096114635,0.6200962066650391,0.4048091769218445,-0.04904210940003395,0.5185917019844055,0.36262378096580505,-0.08306668698787689,0.45269495248794556,0.37133774161338806,-0.11219725012779236,0.6655086278915405,0.2455006092786789,-0.08650586009025574,0.48794543743133545,0.3463633060455322,-0.125263974070549,0.5026135444641113,0.4329312741756439,-0.12530815601348877,0.5491064786911011,0.4379323720932007,-0.12399705499410629,0.6922444105148315,0.3193081021308899,-0.10831674933433533,0.4846755862236023,0.444575697183609,-0.1477782279253006,0.5171009302139282,0.515247106552124,-0.13452936708927155,0.5639383792877197,0.5116751194000244,-0.12673506140708923,0.7028475999832153,0.424030601978302,-0.12908627092838287,0.5133293271064758,0.5510147213935852,-0.15927909314632416,0.5546016693115234,0.6001735925674438,-0.1350274384021759,0.6053797006607056,0.5798074007034302,-0.12285234034061432,0.7068870663642883,0.5362583994865417,-0.15059563517570496,0.5607886910438538,0.6385998725891113,-0.1778114289045334,0.585730254650116,0.6678053736686707,-0.17154282331466675,0.6266925930976868,0.6481572985649109,-0.1661996841430664,rock
5,4,3,2,1
